mode: set
github.com/local/cassonic/src/mode/mode.go:14.31,15.26 1 1
github.com/local/cassonic/src/mode/mode.go:15.26,17.3 1 1
github.com/local/cassonic/src/mode/mode.go:18.2,18.21 1 1
github.com/local/cassonic/src/mode/mode.go:24.27,25.47 1 1
github.com/local/cassonic/src/mode/mode.go:26.39,27.25 1 1
github.com/local/cassonic/src/mode/mode.go:28.10,29.24 1 1
github.com/local/cassonic/src/mode/mode.go:34.36,36.2 1 1
github.com/local/cassonic/src/mode/mode.go:39.35,41.2 1 1
github.com/local/cassonic/src/config/config.go:160.25,223.2 1 1
github.com/local/cassonic/src/config/config.go:227.41,231.16 3 1
github.com/local/cassonic/src/config/config.go:231.16,233.3 1 0
github.com/local/cassonic/src/config/config.go:235.2,235.50 1 1
github.com/local/cassonic/src/config/config.go:235.50,237.3 1 0
github.com/local/cassonic/src/config/config.go:239.2,241.17 2 1
github.com/local/cassonic/src/config/config.go:246.33,249.26 2 1
github.com/local/cassonic/src/config/config.go:249.26,251.3 1 0
github.com/local/cassonic/src/config/config.go:252.2,252.27 1 1
github.com/local/cassonic/src/config/config.go:252.27,254.3 1 0
github.com/local/cassonic/src/config/config.go:255.2,255.31 1 1
github.com/local/cassonic/src/config/config.go:255.31,257.3 1 0
github.com/local/cassonic/src/config/config.go:258.2,258.35 1 1
github.com/local/cassonic/src/config/config.go:258.35,260.3 1 0
github.com/local/cassonic/src/config/config.go:261.2,261.36 1 1
github.com/local/cassonic/src/config/config.go:261.36,263.3 1 0
github.com/local/cassonic/src/config/config.go:264.2,264.34 1 1
github.com/local/cassonic/src/config/config.go:264.34,266.3 1 0
github.com/local/cassonic/src/config/config.go:267.2,267.35 1 1
github.com/local/cassonic/src/config/config.go:267.35,269.3 1 0
github.com/local/cassonic/src/config/config.go:270.2,270.32 1 1
github.com/local/cassonic/src/config/config.go:270.32,272.3 1 0
github.com/local/cassonic/src/config/config.go:273.2,273.29 1 1
github.com/local/cassonic/src/config/config.go:273.29,275.3 1 0
github.com/local/cassonic/src/config/config.go:276.2,276.25 1 1
github.com/local/cassonic/src/config/config.go:276.25,278.3 1 0
github.com/local/cassonic/src/config/config.go:283.43,284.62 1 1
github.com/local/cassonic/src/config/config.go:284.62,286.3 1 0
github.com/local/cassonic/src/config/config.go:288.2,289.16 2 1
github.com/local/cassonic/src/config/config.go:289.16,291.3 1 0
github.com/local/cassonic/src/config/config.go:293.2,294.54 2 1
github.com/local/cassonic/src/config/config.go:294.54,296.3 1 0
github.com/local/cassonic/src/config/config.go:298.2,298.45 1 1
github.com/local/cassonic/src/config/config.go:298.45,301.3 2 0
github.com/local/cassonic/src/config/config.go:303.2,303.12 1 1
github.com/local/cassonic/src/config/config.go:309.31,310.47 1 1
github.com/local/cassonic/src/config/config.go:311.63,312.14 1 1
github.com/local/cassonic/src/config/config.go:314.2,314.14 1 1
github.com/local/cassonic/src/config/config.go:320.49,322.16 2 1
github.com/local/cassonic/src/config/config.go:322.16,324.3 1 0
github.com/local/cassonic/src/config/config.go:326.2,329.16 3 1
github.com/local/cassonic/src/config/config.go:329.16,331.3 1 0
github.com/local/cassonic/src/config/config.go:333.2,333.95 1 1
github.com/local/cassonic/src/config/config.go:333.95,335.3 1 1
github.com/local/cassonic/src/config/config.go:337.2,337.23 1 1
github.com/local/cassonic/src/config/config.go:342.35,343.48 1 1
github.com/local/cassonic/src/config/config.go:343.48,345.3 1 1
github.com/local/cassonic/src/config/config.go:347.2,347.23 1 1
github.com/local/cassonic/src/config/config.go:348.35,348.35 0 1
github.com/local/cassonic/src/config/config.go:349.10,350.107 1 1
github.com/local/cassonic/src/config/config.go:353.2,353.27 1 1
github.com/local/cassonic/src/config/config.go:354.40,354.40 0 1
github.com/local/cassonic/src/config/config.go:355.10,356.118 1 1
github.com/local/cassonic/src/config/config.go:359.2,359.32 1 1
github.com/local/cassonic/src/config/config.go:359.32,361.3 1 1
github.com/local/cassonic/src/config/config.go:363.2,363.33 1 1
github.com/local/cassonic/src/config/config.go:363.33,365.3 1 1
github.com/local/cassonic/src/config/config.go:367.2,367.31 1 1
github.com/local/cassonic/src/config/config.go:367.31,369.3 1 1
github.com/local/cassonic/src/config/config.go:371.2,371.32 1 1
github.com/local/cassonic/src/config/config.go:371.32,373.3 1 1
github.com/local/cassonic/src/config/config.go:375.2,375.29 1 1
github.com/local/cassonic/src/config/config.go:375.29,377.3 1 1
github.com/local/cassonic/src/config/config.go:379.2,379.26 1 1
github.com/local/cassonic/src/config/config.go:379.26,381.3 1 1
github.com/local/cassonic/src/config/config.go:383.2,383.21 1 1
github.com/local/cassonic/src/config/config.go:383.21,384.25 1 1
github.com/local/cassonic/src/config/config.go:384.25,386.4 1 1
github.com/local/cassonic/src/config/config.go:387.3,387.47 1 1
github.com/local/cassonic/src/config/config.go:387.47,389.4 1 1
github.com/local/cassonic/src/config/config.go:390.3,390.25 1 1
github.com/local/cassonic/src/config/config.go:390.25,392.4 1 1
github.com/local/cassonic/src/config/config.go:395.2,395.12 1 1
github.com/local/cassonic/src/common/errors/errors.go:22.34,23.20 1 1
github.com/local/cassonic/src/common/errors/errors.go:23.20,25.3 1 1
github.com/local/cassonic/src/common/errors/errors.go:26.2,26.16 1 1
github.com/local/cassonic/src/common/errors/errors.go:30.52,36.2 5 1
github.com/local/cassonic/src/common/errors/errors.go:39.51,46.2 6 1
github.com/local/cassonic/src/common/errors/errors.go:49.69,56.2 1 1
github.com/local/cassonic/src/common/errors/errors.go:59.39,61.2 1 1
github.com/local/cassonic/src/common/errors/errors.go:64.41,66.2 1 1
github.com/local/cassonic/src/common/errors/errors.go:69.43,71.2 1 1
github.com/local/cassonic/src/common/errors/errors.go:74.40,76.2 1 1
github.com/local/cassonic/src/common/errors/errors.go:79.39,81.2 1 1
github.com/local/cassonic/src/common/errors/errors.go:84.50,86.2 1 1
github.com/local/cassonic/src/common/errors/errors.go:89.50,91.2 1 1
github.com/local/cassonic/src/common/errors/errors.go:94.46,96.2 1 1
github.com/local/cassonic/src/common/errors/errors.go:99.49,101.2 1 1
github.com/local/cassonic/src/paths/paths.go:37.49,40.49 2 1
github.com/local/cassonic/src/paths/paths.go:40.49,42.3 1 1
github.com/local/cassonic/src/paths/paths.go:43.2,43.47 1 1
github.com/local/cassonic/src/paths/paths.go:43.47,45.3 1 1
github.com/local/cassonic/src/paths/paths.go:46.2,46.46 1 1
github.com/local/cassonic/src/paths/paths.go:46.46,48.3 1 1
github.com/local/cassonic/src/paths/paths.go:49.2,49.48 1 1
github.com/local/cassonic/src/paths/paths.go:49.48,51.3 1 1
github.com/local/cassonic/src/paths/paths.go:52.2,52.46 1 1
github.com/local/cassonic/src/paths/paths.go:52.46,54.3 1 1
github.com/local/cassonic/src/paths/paths.go:56.2,56.10 1 1
github.com/local/cassonic/src/paths/paths.go:60.23,61.19 1 1
github.com/local/cassonic/src/paths/paths.go:61.19,63.3 1 1
github.com/local/cassonic/src/paths/paths.go:65.2,65.22 1 0
github.com/local/cassonic/src/paths/paths.go:66.15,67.22 1 0
github.com/local/cassonic/src/paths/paths.go:68.16,69.23 1 0
github.com/local/cassonic/src/paths/paths.go:70.38,71.20 1 0
github.com/local/cassonic/src/paths/paths.go:72.17,73.24 1 0
github.com/local/cassonic/src/paths/paths.go:74.10,75.22 1 0
github.com/local/cassonic/src/paths/paths.go:80.26,82.2 1 0
github.com/local/cassonic/src/paths/paths.go:85.30,93.2 1 1
github.com/local/cassonic/src/paths/paths.go:96.26,97.20 1 0
github.com/local/cassonic/src/paths/paths.go:97.20,105.3 1 0
github.com/local/cassonic/src/paths/paths.go:107.2,119.3 5 0
github.com/local/cassonic/src/paths/paths.go:123.27,124.20 1 0
github.com/local/cassonic/src/paths/paths.go:124.20,132.3 1 0
github.com/local/cassonic/src/paths/paths.go:134.2,143.3 3 0
github.com/local/cassonic/src/paths/paths.go:147.24,148.20 1 0
github.com/local/cassonic/src/paths/paths.go:148.20,156.3 1 0
github.com/local/cassonic/src/paths/paths.go:158.2,169.3 5 0
github.com/local/cassonic/src/paths/paths.go:173.28,174.20 1 0
github.com/local/cassonic/src/paths/paths.go:174.20,183.3 2 0
github.com/local/cassonic/src/paths/paths.go:185.2,192.3 2 0
github.com/local/cassonic/src/paths/paths.go:196.37,197.34 1 0
github.com/local/cassonic/src/paths/paths.go:197.34,199.3 1 0
github.com/local/cassonic/src/paths/paths.go:200.2,200.12 1 0
github.com/local/cassonic/src/paths/paths.go:204.41,205.34 1 0
github.com/local/cassonic/src/paths/paths.go:205.34,207.3 1 0
github.com/local/cassonic/src/paths/paths.go:208.2,208.12 1 0
github.com/local/cassonic/src/paths/paths.go:212.24,213.55 1 0
github.com/local/cassonic/src/paths/paths.go:213.55,215.3 1 0
github.com/local/cassonic/src/paths/paths.go:216.2,216.16 1 0
github.com/local/cassonic/src/paths/paths.go:221.32,233.25 2 1
github.com/local/cassonic/src/paths/paths.go:233.25,234.19 1 1
github.com/local/cassonic/src/paths/paths.go:234.19,235.12 1 1
github.com/local/cassonic/src/paths/paths.go:237.3,237.53 1 1
github.com/local/cassonic/src/paths/paths.go:237.53,239.4 1 0
github.com/local/cassonic/src/paths/paths.go:242.2,242.12 1 1
github.com/local/cassonic/src/paths/paths.go:247.25,248.71 1 1
github.com/local/cassonic/src/paths/paths.go:248.71,249.44 1 1
github.com/local/cassonic/src/paths/paths.go:249.44,251.4 1 1
github.com/local/cassonic/src/paths/paths.go:253.2,253.14 1 0
github.com/local/cassonic/src/server/handler/subsonic/browse.go:18.75,20.21 2 1
github.com/local/cassonic/src/server/handler/subsonic/browse.go:20.21,23.3 2 1
github.com/local/cassonic/src/server/handler/subsonic/browse.go:25.2,26.16 2 1
github.com/local/cassonic/src/server/handler/subsonic/browse.go:26.16,29.3 2 1
github.com/local/cassonic/src/server/handler/subsonic/browse.go:31.2,32.27 2 1
github.com/local/cassonic/src/server/handler/subsonic/browse.go:32.27,37.3 1 1
github.com/local/cassonic/src/server/handler/subsonic/browse.go:39.2,39.48 1 1
github.com/local/cassonic/src/server/handler/subsonic/browse.go:39.48,41.3 1 1
github.com/local/cassonic/src/server/handler/subsonic/browse.go:45.70,47.21 2 0
github.com/local/cassonic/src/server/handler/subsonic/browse.go:47.21,50.3 2 0
github.com/local/cassonic/src/server/handler/subsonic/browse.go:52.2,53.16 2 0
github.com/local/cassonic/src/server/handler/subsonic/browse.go:53.16,56.3 2 0
github.com/local/cassonic/src/server/handler/subsonic/browse.go:58.2,59.56 2 0
github.com/local/cassonic/src/server/handler/subsonic/browse.go:59.56,60.57 1 0
github.com/local/cassonic/src/server/handler/subsonic/browse.go:60.57,62.4 1 0
github.com/local/cassonic/src/server/handler/subsonic/browse.go:65.2,66.28 2 0
github.com/local/cassonic/src/server/handler/subsonic/browse.go:66.28,70.3 3 0
github.com/local/cassonic/src/server/handler/subsonic/browse.go:72.2,73.26 2 0
github.com/local/cassonic/src/server/handler/subsonic/browse.go:73.26,75.3 1 0
github.com/local/cassonic/src/server/handler/subsonic/browse.go:76.2,79.33 3 0
github.com/local/cassonic/src/server/handler/subsonic/browse.go:79.33,84.3 1 0
github.com/local/cassonic/src/server/handler/subsonic/browse.go:86.2,89.48 3 0
github.com/local/cassonic/src/server/handler/subsonic/browse.go:89.48,95.3 1 0
github.com/local/cassonic/src/server/handler/subsonic/browse.go:100.77,102.21 2 0
github.com/local/cassonic/src/server/handler/subsonic/browse.go:102.21,105.3 2 0
github.com/local/cassonic/src/server/handler/subsonic/browse.go:107.2,108.14 2 0
github.com/local/cassonic/src/server/handler/subsonic/browse.go:108.14,111.3 2 0
github.com/local/cassonic/src/server/handler/subsonic/browse.go:113.2,114.16 2 0
github.com/local/cassonic/src/server/handler/subsonic/browse.go:114.16,117.3 2 0
github.com/local/cassonic/src/server/handler/subsonic/browse.go:119.2,121.16 2 0
github.com/local/cassonic/src/server/handler/subsonic/browse.go:122.21,124.31 2 0
github.com/local/cassonic/src/server/handler/subsonic/browse.go:124.31,127.4 2 0
github.com/local/cassonic/src/server/handler/subsonic/browse.go:128.3,129.17 2 0
github.com/local/cassonic/src/server/handler/subsonic/browse.go:129.17,132.4 2 0
github.com/local/cassonic/src/server/handler/subsonic/browse.go:133.3,134.29 2 0
github.com/local/cassonic/src/server/handler/subsonic/browse.go:134.29,136.4 1 0
github.com/local/cassonic/src/server/handler/subsonic/browse.go:137.3,137.49 1 0
github.com/local/cassonic/src/server/handler/subsonic/browse.go:137.49,143.4 1 0
github.com/local/cassonic/src/server/handler/subsonic/browse.go:145.24,147.34 2 0
github.com/local/cassonic/src/server/handler/subsonic/browse.go:147.34,150.4 2 0
github.com/local/cassonic/src/server/handler/subsonic/browse.go:151.3,152.17 2 0
github.com/local/cassonic/src/server/handler/subsonic/browse.go:152.17,155.4 2 0
github.com/local/cassonic/src/server/handler/subsonic/browse.go:156.3,157.29 2 0
github.com/local/cassonic/src/server/handler/subsonic/browse.go:157.29,159.4 1 0
github.com/local/cassonic/src/server/handler/subsonic/browse.go:160.3,160.49 1 0
github.com/local/cassonic/src/server/handler/subsonic/browse.go:160.49,166.4 1 0
github.com/local/cassonic/src/server/handler/subsonic/browse.go:168.19,170.33 2 0
github.com/local/cassonic/src/server/handler/subsonic/browse.go:170.33,173.4 2 0
github.com/local/cassonic/src/server/handler/subsonic/browse.go:174.3,175.17 2 0
github.com/local/cassonic/src/server/handler/subsonic/browse.go:175.17,178.4 2 0
github.com/local/cassonic/src/server/handler/subsonic/browse.go:179.3,180.27 2 0
github.com/local/cassonic/src/server/handler/subsonic/browse.go:180.27,182.4 1 0
github.com/local/cassonic/src/server/handler/subsonic/browse.go:183.3,183.49 1 0
github.com/local/cassonic/src/server/handler/subsonic/browse.go:183.49,190.4 1 0
github.com/local/cassonic/src/server/handler/subsonic/browse.go:192.10,193.62 1 0
github.com/local/cassonic/src/server/handler/subsonic/browse.go:198.69,200.21 2 0
github.com/local/cassonic/src/server/handler/subsonic/browse.go:200.21,203.3 2 0
github.com/local/cassonic/src/server/handler/subsonic/browse.go:205.2,206.16 2 0
github.com/local/cassonic/src/server/handler/subsonic/browse.go:206.16,209.3 2 0
github.com/local/cassonic/src/server/handler/subsonic/browse.go:211.2,212.27 2 0
github.com/local/cassonic/src/server/handler/subsonic/browse.go:212.27,218.3 1 0
github.com/local/cassonic/src/server/handler/subsonic/browse.go:220.2,220.48 1 0
github.com/local/cassonic/src/server/handler/subsonic/browse.go:220.48,222.3 1 0
github.com/local/cassonic/src/server/handler/subsonic/browse.go:226.70,228.21 2 0
github.com/local/cassonic/src/server/handler/subsonic/browse.go:228.21,231.3 2 0
github.com/local/cassonic/src/server/handler/subsonic/browse.go:233.2,234.16 2 0
github.com/local/cassonic/src/server/handler/subsonic/browse.go:234.16,237.3 2 0
github.com/local/cassonic/src/server/handler/subsonic/browse.go:239.2,240.28 2 0
github.com/local/cassonic/src/server/handler/subsonic/browse.go:240.28,243.3 2 0
github.com/local/cassonic/src/server/handler/subsonic/browse.go:245.2,246.26 2 0
github.com/local/cassonic/src/server/handler/subsonic/browse.go:246.26,248.3 1 0
github.com/local/cassonic/src/server/handler/subsonic/browse.go:249.2,252.33 3 0
github.com/local/cassonic/src/server/handler/subsonic/browse.go:252.33,257.3 1 0
github.com/local/cassonic/src/server/handler/subsonic/browse.go:259.2,259.48 1 0
github.com/local/cassonic/src/server/handler/subsonic/browse.go:259.48,264.3 1 0
github.com/local/cassonic/src/server/handler/subsonic/browse.go:268.69,270.21 2 0
github.com/local/cassonic/src/server/handler/subsonic/browse.go:270.21,273.3 2 0
github.com/local/cassonic/src/server/handler/subsonic/browse.go:275.2,276.14 2 0
github.com/local/cassonic/src/server/handler/subsonic/browse.go:276.14,279.3 2 0
github.com/local/cassonic/src/server/handler/subsonic/browse.go:281.2,282.16 2 0
github.com/local/cassonic/src/server/handler/subsonic/browse.go:282.16,285.3 2 0
github.com/local/cassonic/src/server/handler/subsonic/browse.go:287.2,289.33 3 0
github.com/local/cassonic/src/server/handler/subsonic/browse.go:289.33,292.3 2 0
github.com/local/cassonic/src/server/handler/subsonic/browse.go:294.2,295.16 2 0
github.com/local/cassonic/src/server/handler/subsonic/browse.go:295.16,298.3 2 0
github.com/local/cassonic/src/server/handler/subsonic/browse.go:300.2,301.28 2 0
github.com/local/cassonic/src/server/handler/subsonic/browse.go:301.28,303.3 1 0
github.com/local/cassonic/src/server/handler/subsonic/browse.go:305.2,306.48 2 0
github.com/local/cassonic/src/server/handler/subsonic/browse.go:306.48,311.3 1 0
github.com/local/cassonic/src/server/handler/subsonic/browse.go:315.68,317.21 2 0
github.com/local/cassonic/src/server/handler/subsonic/browse.go:317.21,320.3 2 0
github.com/local/cassonic/src/server/handler/subsonic/browse.go:322.2,323.14 2 0
github.com/local/cassonic/src/server/handler/subsonic/browse.go:323.14,326.3 2 0
github.com/local/cassonic/src/server/handler/subsonic/browse.go:328.2,329.16 2 0
github.com/local/cassonic/src/server/handler/subsonic/browse.go:329.16,332.3 2 0
github.com/local/cassonic/src/server/handler/subsonic/browse.go:334.2,336.32 3 0
github.com/local/cassonic/src/server/handler/subsonic/browse.go:336.32,339.3 2 0
github.com/local/cassonic/src/server/handler/subsonic/browse.go:341.2,342.16 2 0
github.com/local/cassonic/src/server/handler/subsonic/browse.go:342.16,345.3 2 0
github.com/local/cassonic/src/server/handler/subsonic/browse.go:347.2,348.26 2 0
github.com/local/cassonic/src/server/handler/subsonic/browse.go:348.26,350.3 1 0
github.com/local/cassonic/src/server/handler/subsonic/browse.go:352.2,353.48 2 0
github.com/local/cassonic/src/server/handler/subsonic/browse.go:353.48,358.3 1 0
github.com/local/cassonic/src/server/handler/subsonic/browse.go:362.67,364.21 2 0
github.com/local/cassonic/src/server/handler/subsonic/browse.go:364.21,367.3 2 0
github.com/local/cassonic/src/server/handler/subsonic/browse.go:369.2,370.14 2 0
github.com/local/cassonic/src/server/handler/subsonic/browse.go:370.14,373.3 2 0
github.com/local/cassonic/src/server/handler/subsonic/browse.go:375.2,376.16 2 0
github.com/local/cassonic/src/server/handler/subsonic/browse.go:376.16,379.3 2 0
github.com/local/cassonic/src/server/handler/subsonic/browse.go:381.2,382.31 2 0
github.com/local/cassonic/src/server/handler/subsonic/browse.go:382.31,385.3 2 0
github.com/local/cassonic/src/server/handler/subsonic/browse.go:387.2,388.48 2 0
github.com/local/cassonic/src/server/handler/subsonic/browse.go:388.48,390.3 1 0
github.com/local/cassonic/src/server/handler/subsonic/browse.go:394.72,396.21 2 0
github.com/local/cassonic/src/server/handler/subsonic/browse.go:396.21,399.3 2 0
github.com/local/cassonic/src/server/handler/subsonic/browse.go:401.2,402.16 2 0
github.com/local/cassonic/src/server/handler/subsonic/browse.go:402.16,405.3 2 0
github.com/local/cassonic/src/server/handler/subsonic/browse.go:407.2,408.28 2 0
github.com/local/cassonic/src/server/handler/subsonic/browse.go:408.28,410.3 1 0
github.com/local/cassonic/src/server/handler/subsonic/browse.go:412.2,412.48 1 0
github.com/local/cassonic/src/server/handler/subsonic/browse.go:412.48,414.3 1 0
github.com/local/cassonic/src/server/handler/subsonic/browse.go:418.73,420.21 2 0
github.com/local/cassonic/src/server/handler/subsonic/browse.go:420.21,423.3 2 0
github.com/local/cassonic/src/server/handler/subsonic/browse.go:425.2,426.16 2 0
github.com/local/cassonic/src/server/handler/subsonic/browse.go:426.16,429.3 2 0
github.com/local/cassonic/src/server/handler/subsonic/browse.go:431.2,432.28 2 0
github.com/local/cassonic/src/server/handler/subsonic/browse.go:432.28,434.3 1 0
github.com/local/cassonic/src/server/handler/subsonic/browse.go:436.2,436.48 1 0
github.com/local/cassonic/src/server/handler/subsonic/browse.go:436.48,438.3 1 0
github.com/local/cassonic/src/server/handler/subsonic/browse.go:442.77,446.16 4 0
github.com/local/cassonic/src/server/handler/subsonic/browse.go:446.16,448.3 1 0
github.com/local/cassonic/src/server/handler/subsonic/browse.go:449.2,452.18 3 0
github.com/local/cassonic/src/server/handler/subsonic/browse.go:453.16,454.47 1 0
github.com/local/cassonic/src/server/handler/subsonic/browse.go:456.16,457.47 1 0
github.com/local/cassonic/src/server/handler/subsonic/browse.go:459.28,462.5 1 0
github.com/local/cassonic/src/server/handler/subsonic/browse.go:464.30,467.5 1 0
github.com/local/cassonic/src/server/handler/subsonic/browse.go:469.16,473.17 4 0
github.com/local/cassonic/src/server/handler/subsonic/browse.go:473.17,475.4 1 0
github.com/local/cassonic/src/server/handler/subsonic/browse.go:476.3,478.27 3 0
github.com/local/cassonic/src/server/handler/subsonic/browse.go:478.27,479.23 1 0
github.com/local/cassonic/src/server/handler/subsonic/browse.go:479.23,480.13 1 0
github.com/local/cassonic/src/server/handler/subsonic/browse.go:482.4,484.31 3 0
github.com/local/cassonic/src/server/handler/subsonic/browse.go:484.31,486.5 1 0
github.com/local/cassonic/src/server/handler/subsonic/browse.go:487.4,487.27 1 0
github.com/local/cassonic/src/server/handler/subsonic/browse.go:487.27,488.10 1 0
github.com/local/cassonic/src/server/handler/subsonic/browse.go:491.3,491.21 1 0
github.com/local/cassonic/src/server/handler/subsonic/browse.go:493.17,498.17 3 0
github.com/local/cassonic/src/server/handler/subsonic/browse.go:498.17,500.4 1 0
github.com/local/cassonic/src/server/handler/subsonic/browse.go:501.3,503.27 3 0
github.com/local/cassonic/src/server/handler/subsonic/browse.go:503.27,504.23 1 0
github.com/local/cassonic/src/server/handler/subsonic/browse.go:504.23,505.13 1 0
github.com/local/cassonic/src/server/handler/subsonic/browse.go:507.4,509.31 3 0
github.com/local/cassonic/src/server/handler/subsonic/browse.go:509.31,511.5 1 0
github.com/local/cassonic/src/server/handler/subsonic/browse.go:512.4,512.27 1 0
github.com/local/cassonic/src/server/handler/subsonic/browse.go:512.27,513.10 1 0
github.com/local/cassonic/src/server/handler/subsonic/browse.go:516.3,516.21 1 0
github.com/local/cassonic/src/server/handler/subsonic/browse.go:518.17,520.17 2 0
github.com/local/cassonic/src/server/handler/subsonic/browse.go:520.17,522.4 1 0
github.com/local/cassonic/src/server/handler/subsonic/browse.go:523.3,524.25 2 0
github.com/local/cassonic/src/server/handler/subsonic/browse.go:524.25,526.4 1 0
github.com/local/cassonic/src/server/handler/subsonic/browse.go:527.3,527.21 1 0
github.com/local/cassonic/src/server/handler/subsonic/browse.go:529.10,530.47 1 0
github.com/local/cassonic/src/server/handler/subsonic/browse.go:535.74,537.21 2 0
github.com/local/cassonic/src/server/handler/subsonic/browse.go:537.21,540.3 2 0
github.com/local/cassonic/src/server/handler/subsonic/browse.go:542.2,544.16 3 0
github.com/local/cassonic/src/server/handler/subsonic/browse.go:544.16,546.3 1 0
github.com/local/cassonic/src/server/handler/subsonic/browse.go:547.2,552.16 5 0
github.com/local/cassonic/src/server/handler/subsonic/browse.go:552.16,555.3 2 0
github.com/local/cassonic/src/server/handler/subsonic/browse.go:557.2,558.26 2 0
github.com/local/cassonic/src/server/handler/subsonic/browse.go:558.26,560.3 1 0
github.com/local/cassonic/src/server/handler/subsonic/browse.go:562.2,562.48 1 0
github.com/local/cassonic/src/server/handler/subsonic/browse.go:562.48,564.3 1 0
github.com/local/cassonic/src/server/handler/subsonic/browse.go:568.75,570.21 2 0
github.com/local/cassonic/src/server/handler/subsonic/browse.go:570.21,573.3 2 0
github.com/local/cassonic/src/server/handler/subsonic/browse.go:575.2,577.17 3 0
github.com/local/cassonic/src/server/handler/subsonic/browse.go:577.17,580.3 2 0
github.com/local/cassonic/src/server/handler/subsonic/browse.go:582.2,583.17 2 0
github.com/local/cassonic/src/server/handler/subsonic/browse.go:583.17,585.3 1 0
github.com/local/cassonic/src/server/handler/subsonic/browse.go:586.2,592.16 3 0
github.com/local/cassonic/src/server/handler/subsonic/browse.go:592.16,595.3 2 0
github.com/local/cassonic/src/server/handler/subsonic/browse.go:597.2,598.26 2 0
github.com/local/cassonic/src/server/handler/subsonic/browse.go:598.26,600.3 1 0
github.com/local/cassonic/src/server/handler/subsonic/browse.go:602.2,602.48 1 0
github.com/local/cassonic/src/server/handler/subsonic/browse.go:602.48,604.3 1 0
github.com/local/cassonic/src/server/handler/subsonic/browse.go:608.70,610.21 2 0
github.com/local/cassonic/src/server/handler/subsonic/browse.go:610.21,613.3 2 0
github.com/local/cassonic/src/server/handler/subsonic/browse.go:615.2,616.16 2 0
github.com/local/cassonic/src/server/handler/subsonic/browse.go:616.16,619.3 2 0
github.com/local/cassonic/src/server/handler/subsonic/browse.go:621.2,622.36 2 0
github.com/local/cassonic/src/server/handler/subsonic/browse.go:622.36,624.3 1 0
github.com/local/cassonic/src/server/handler/subsonic/browse.go:626.2,627.36 2 0
github.com/local/cassonic/src/server/handler/subsonic/browse.go:627.36,629.3 1 0
github.com/local/cassonic/src/server/handler/subsonic/browse.go:631.2,632.34 2 0
github.com/local/cassonic/src/server/handler/subsonic/browse.go:632.34,634.3 1 0
github.com/local/cassonic/src/server/handler/subsonic/browse.go:636.2,636.48 1 0
github.com/local/cassonic/src/server/handler/subsonic/browse.go:636.48,642.3 1 0
github.com/local/cassonic/src/server/handler/subsonic/browse.go:646.71,648.21 2 0
github.com/local/cassonic/src/server/handler/subsonic/browse.go:648.21,651.3 2 0
github.com/local/cassonic/src/server/handler/subsonic/browse.go:653.2,654.16 2 0
github.com/local/cassonic/src/server/handler/subsonic/browse.go:654.16,657.3 2 0
github.com/local/cassonic/src/server/handler/subsonic/browse.go:659.2,660.36 2 0
github.com/local/cassonic/src/server/handler/subsonic/browse.go:660.36,662.3 1 0
github.com/local/cassonic/src/server/handler/subsonic/browse.go:664.2,665.36 2 0
github.com/local/cassonic/src/server/handler/subsonic/browse.go:665.36,667.3 1 0
github.com/local/cassonic/src/server/handler/subsonic/browse.go:669.2,670.34 2 0
github.com/local/cassonic/src/server/handler/subsonic/browse.go:670.34,672.3 1 0
github.com/local/cassonic/src/server/handler/subsonic/browse.go:674.2,674.48 1 0
github.com/local/cassonic/src/server/handler/subsonic/browse.go:674.48,680.3 1 0
github.com/local/cassonic/src/server/handler/subsonic/browse.go:684.73,686.21 2 0
github.com/local/cassonic/src/server/handler/subsonic/browse.go:686.21,689.3 2 0
github.com/local/cassonic/src/server/handler/subsonic/browse.go:691.2,693.28 3 0
github.com/local/cassonic/src/server/handler/subsonic/browse.go:693.28,707.3 2 0
github.com/local/cassonic/src/server/handler/subsonic/browse.go:709.2,709.48 1 0
github.com/local/cassonic/src/server/handler/subsonic/browse.go:709.48,711.3 1 0
github.com/local/cassonic/src/server/handler/subsonic/browse.go:715.69,717.21 2 0
github.com/local/cassonic/src/server/handler/subsonic/browse.go:717.21,720.3 2 0
github.com/local/cassonic/src/server/handler/subsonic/browse.go:721.2,721.48 1 0
github.com/local/cassonic/src/server/handler/subsonic/browse.go:721.48,723.3 1 0
github.com/local/cassonic/src/server/handler/subsonic/browse.go:727.72,729.21 2 0
github.com/local/cassonic/src/server/handler/subsonic/browse.go:729.21,732.3 2 0
github.com/local/cassonic/src/server/handler/subsonic/browse.go:733.2,733.57 1 0
github.com/local/cassonic/src/server/handler/subsonic/browse.go:737.73,739.21 2 0
github.com/local/cassonic/src/server/handler/subsonic/browse.go:739.21,742.3 2 0
github.com/local/cassonic/src/server/handler/subsonic/browse.go:744.2,745.14 2 0
github.com/local/cassonic/src/server/handler/subsonic/browse.go:745.14,748.3 2 0
github.com/local/cassonic/src/server/handler/subsonic/browse.go:750.2,751.16 2 0
github.com/local/cassonic/src/server/handler/subsonic/browse.go:751.16,754.3 2 0
github.com/local/cassonic/src/server/handler/subsonic/browse.go:756.2,757.33 2 0
github.com/local/cassonic/src/server/handler/subsonic/browse.go:757.33,760.3 2 0
github.com/local/cassonic/src/server/handler/subsonic/browse.go:762.2,762.48 1 0
github.com/local/cassonic/src/server/handler/subsonic/browse.go:762.48,767.3 1 0
github.com/local/cassonic/src/server/handler/subsonic/browse.go:771.74,773.21 2 0
github.com/local/cassonic/src/server/handler/subsonic/browse.go:773.21,776.3 2 0
github.com/local/cassonic/src/server/handler/subsonic/browse.go:778.2,779.14 2 0
github.com/local/cassonic/src/server/handler/subsonic/browse.go:779.14,782.3 2 0
github.com/local/cassonic/src/server/handler/subsonic/browse.go:784.2,785.16 2 0
github.com/local/cassonic/src/server/handler/subsonic/browse.go:785.16,788.3 2 0
github.com/local/cassonic/src/server/handler/subsonic/browse.go:790.2,791.33 2 0
github.com/local/cassonic/src/server/handler/subsonic/browse.go:791.33,794.3 2 0
github.com/local/cassonic/src/server/handler/subsonic/browse.go:796.2,796.48 1 0
github.com/local/cassonic/src/server/handler/subsonic/browse.go:796.48,803.3 1 0
github.com/local/cassonic/src/server/handler/subsonic/browse.go:807.72,809.21 2 0
github.com/local/cassonic/src/server/handler/subsonic/browse.go:809.21,812.3 2 0
github.com/local/cassonic/src/server/handler/subsonic/browse.go:814.2,815.14 2 0
github.com/local/cassonic/src/server/handler/subsonic/browse.go:815.14,818.3 2 0
github.com/local/cassonic/src/server/handler/subsonic/browse.go:820.2,821.16 2 0
github.com/local/cassonic/src/server/handler/subsonic/browse.go:821.16,824.3 2 0
github.com/local/cassonic/src/server/handler/subsonic/browse.go:826.2,827.32 2 0
github.com/local/cassonic/src/server/handler/subsonic/browse.go:827.32,830.3 2 0
github.com/local/cassonic/src/server/handler/subsonic/browse.go:832.2,832.48 1 0
github.com/local/cassonic/src/server/handler/subsonic/browse.go:832.48,836.3 1 0
github.com/local/cassonic/src/server/handler/subsonic/browse.go:840.73,842.2 1 0
github.com/local/cassonic/src/server/handler/subsonic/browse.go:845.75,847.21 2 0
github.com/local/cassonic/src/server/handler/subsonic/browse.go:847.21,850.3 2 0
github.com/local/cassonic/src/server/handler/subsonic/browse.go:852.2,853.14 2 0
github.com/local/cassonic/src/server/handler/subsonic/browse.go:853.14,856.3 2 0
github.com/local/cassonic/src/server/handler/subsonic/browse.go:858.2,861.16 3 0
github.com/local/cassonic/src/server/handler/subsonic/browse.go:861.16,864.3 2 0
github.com/local/cassonic/src/server/handler/subsonic/browse.go:866.2,867.31 2 0
github.com/local/cassonic/src/server/handler/subsonic/browse.go:867.31,870.3 2 0
github.com/local/cassonic/src/server/handler/subsonic/browse.go:872.2,873.16 2 0
github.com/local/cassonic/src/server/handler/subsonic/browse.go:873.16,876.3 2 0
github.com/local/cassonic/src/server/handler/subsonic/browse.go:878.2,879.28 2 0
github.com/local/cassonic/src/server/handler/subsonic/browse.go:879.28,880.22 1 0
github.com/local/cassonic/src/server/handler/subsonic/browse.go:880.22,882.4 1 0
github.com/local/cassonic/src/server/handler/subsonic/browse.go:885.2,885.48 1 0
github.com/local/cassonic/src/server/handler/subsonic/browse.go:885.48,887.3 1 0
github.com/local/cassonic/src/server/handler/subsonic/browse.go:891.76,893.21 2 0
github.com/local/cassonic/src/server/handler/subsonic/browse.go:893.21,896.3 2 0
github.com/local/cassonic/src/server/handler/subsonic/browse.go:898.2,899.14 2 0
github.com/local/cassonic/src/server/handler/subsonic/browse.go:899.14,902.3 2 0
github.com/local/cassonic/src/server/handler/subsonic/browse.go:904.2,907.16 3 0
github.com/local/cassonic/src/server/handler/subsonic/browse.go:907.16,910.3 2 0
github.com/local/cassonic/src/server/handler/subsonic/browse.go:912.2,913.33 2 0
github.com/local/cassonic/src/server/handler/subsonic/browse.go:913.33,916.3 2 0
github.com/local/cassonic/src/server/handler/subsonic/browse.go:918.2,919.35 2 0
github.com/local/cassonic/src/server/handler/subsonic/browse.go:919.35,920.49 1 0
github.com/local/cassonic/src/server/handler/subsonic/browse.go:920.49,922.4 1 0
github.com/local/cassonic/src/server/handler/subsonic/browse.go:923.3,923.9 1 0
github.com/local/cassonic/src/server/handler/subsonic/browse.go:926.2,928.16 3 0
github.com/local/cassonic/src/server/handler/subsonic/browse.go:928.16,931.3 2 0
github.com/local/cassonic/src/server/handler/subsonic/browse.go:933.2,934.28 2 0
github.com/local/cassonic/src/server/handler/subsonic/browse.go:934.28,936.3 1 0
github.com/local/cassonic/src/server/handler/subsonic/browse.go:938.2,938.48 1 0
github.com/local/cassonic/src/server/handler/subsonic/browse.go:938.48,940.3 1 0
github.com/local/cassonic/src/server/handler/subsonic/browse.go:944.71,946.21 2 0
github.com/local/cassonic/src/server/handler/subsonic/browse.go:946.21,949.3 2 0
github.com/local/cassonic/src/server/handler/subsonic/browse.go:951.2,952.22 2 0
github.com/local/cassonic/src/server/handler/subsonic/browse.go:952.22,955.3 2 0
github.com/local/cassonic/src/server/handler/subsonic/browse.go:957.2,961.33 4 0
github.com/local/cassonic/src/server/handler/subsonic/browse.go:961.33,962.49 1 0
github.com/local/cassonic/src/server/handler/subsonic/browse.go:962.49,964.4 1 0
github.com/local/cassonic/src/server/handler/subsonic/browse.go:965.3,965.9 1 0
github.com/local/cassonic/src/server/handler/subsonic/browse.go:968.2,969.16 2 0
github.com/local/cassonic/src/server/handler/subsonic/browse.go:969.16,972.3 2 0
github.com/local/cassonic/src/server/handler/subsonic/browse.go:976.2,976.40 1 0
github.com/local/cassonic/src/server/handler/subsonic/browse.go:976.40,978.3 1 0
github.com/local/cassonic/src/server/handler/subsonic/browse.go:980.2,980.24 1 0
github.com/local/cassonic/src/server/handler/subsonic/browse.go:980.24,982.3 1 0
github.com/local/cassonic/src/server/handler/subsonic/browse.go:984.2,985.26 2 0
github.com/local/cassonic/src/server/handler/subsonic/browse.go:985.26,987.3 1 0
github.com/local/cassonic/src/server/handler/subsonic/browse.go:989.2,989.48 1 0
github.com/local/cassonic/src/server/handler/subsonic/browse.go:989.48,991.3 1 0
github.com/local/cassonic/src/server/handler/subsonic/browse.go:996.44,999.21 3 0
github.com/local/cassonic/src/server/handler/subsonic/browse.go:999.21,1001.3 1 0
github.com/local/cassonic/src/server/handler/subsonic/browse.go:1002.2,1003.24 2 0
github.com/local/cassonic/src/server/handler/subsonic/browse.go:1003.24,1005.3 1 0
github.com/local/cassonic/src/server/handler/subsonic/browse.go:1006.2,1006.25 1 0
github.com/local/cassonic/src/server/handler/subsonic/browse.go:1006.25,1008.3 1 0
github.com/local/cassonic/src/server/handler/subsonic/browse.go:1009.2,1009.12 1 0
github.com/local/cassonic/src/server/handler/subsonic/browse.go:1013.46,1015.56 2 0
github.com/local/cassonic/src/server/handler/subsonic/browse.go:1015.56,1016.40 1 0
github.com/local/cassonic/src/server/handler/subsonic/browse.go:1016.40,1018.4 1 0
github.com/local/cassonic/src/server/handler/subsonic/browse.go:1020.2,1020.13 1 0
github.com/local/cassonic/src/server/handler/subsonic/browse.go:1024.39,1048.2 2 0
github.com/local/cassonic/src/server/handler/subsonic/browse.go:1051.42,1066.2 1 0
github.com/local/cassonic/src/server/handler/subsonic/browse.go:1069.43,1075.2 1 0
github.com/local/cassonic/src/server/handler/subsonic/browse.go:1078.50,1084.2 1 0
github.com/local/cassonic/src/server/handler/subsonic/browse.go:1087.48,1099.2 1 0
github.com/local/cassonic/src/server/handler/subsonic/browse.go:1102.52,1103.13 1 0
github.com/local/cassonic/src/server/handler/subsonic/browse.go:1103.13,1105.3 1 0
github.com/local/cassonic/src/server/handler/subsonic/browse.go:1106.2,1107.16 2 0
github.com/local/cassonic/src/server/handler/subsonic/browse.go:1107.16,1109.3 1 0
github.com/local/cassonic/src/server/handler/subsonic/browse.go:1110.2,1110.10 1 0
github.com/local/cassonic/src/server/handler/subsonic/browse.go:1114.34,1115.16 1 0
github.com/local/cassonic/src/server/handler/subsonic/browse.go:1115.16,1117.3 1 0
github.com/local/cassonic/src/server/handler/subsonic/browse.go:1118.2,1118.37 1 0
github.com/local/cassonic/src/server/handler/subsonic/crypto.go:24.52,26.43 2 0
github.com/local/cassonic/src/server/handler/subsonic/crypto.go:26.43,28.3 1 0
github.com/local/cassonic/src/server/handler/subsonic/crypto.go:30.2,46.8 4 0
github.com/local/cassonic/src/server/handler/subsonic/crypto.go:51.59,54.47 2 0
github.com/local/cassonic/src/server/handler/subsonic/crypto.go:54.47,56.3 1 0
github.com/local/cassonic/src/server/handler/subsonic/crypto.go:58.2,61.16 4 0
github.com/local/cassonic/src/server/handler/subsonic/crypto.go:61.16,63.3 1 0
github.com/local/cassonic/src/server/handler/subsonic/crypto.go:65.2,66.16 2 0
github.com/local/cassonic/src/server/handler/subsonic/crypto.go:66.16,68.3 1 0
github.com/local/cassonic/src/server/handler/subsonic/crypto.go:70.2,71.16 2 0
github.com/local/cassonic/src/server/handler/subsonic/crypto.go:71.16,73.3 1 0
github.com/local/cassonic/src/server/handler/subsonic/crypto.go:75.2,84.66 2 0
github.com/local/cassonic/src/server/handler/subsonic/ids.go:22.36,24.2 1 0
github.com/local/cassonic/src/server/handler/subsonic/ids.go:27.37,29.2 1 0
github.com/local/cassonic/src/server/handler/subsonic/ids.go:32.38,34.2 1 0
github.com/local/cassonic/src/server/handler/subsonic/ids.go:37.39,39.2 1 0
github.com/local/cassonic/src/server/handler/subsonic/ids.go:42.37,44.2 1 0
github.com/local/cassonic/src/server/handler/subsonic/ids.go:48.65,52.4 1 0
github.com/local/cassonic/src/server/handler/subsonic/ids.go:52.4,53.31 1 0
github.com/local/cassonic/src/server/handler/subsonic/ids.go:53.31,56.23 3 0
github.com/local/cassonic/src/server/handler/subsonic/ids.go:56.23,58.5 1 0
github.com/local/cassonic/src/server/handler/subsonic/ids.go:59.4,59.20 1 0
github.com/local/cassonic/src/server/handler/subsonic/ids.go:63.2,64.21 2 0
github.com/local/cassonic/src/server/handler/subsonic/ids.go:64.21,66.3 1 0
github.com/local/cassonic/src/server/handler/subsonic/ids.go:67.2,67.19 1 0
github.com/local/cassonic/src/server/handler/subsonic/ids.go:71.45,74.2 2 0
github.com/local/cassonic/src/server/handler/subsonic/ids.go:77.46,80.2 2 0
github.com/local/cassonic/src/server/handler/subsonic/ids.go:83.47,86.2 2 0
github.com/local/cassonic/src/server/handler/subsonic/ids.go:89.48,92.2 2 0
github.com/local/cassonic/src/server/handler/subsonic/ids.go:95.46,98.2 2 0
github.com/local/cassonic/src/server/handler/subsonic/nowplaying.go:28.48,32.2 1 1
github.com/local/cassonic/src/server/handler/subsonic/nowplaying.go:35.62,43.2 6 0
github.com/local/cassonic/src/server/handler/subsonic/nowplaying.go:46.54,50.2 3 0
github.com/local/cassonic/src/server/handler/subsonic/nowplaying.go:53.54,58.30 4 0
github.com/local/cassonic/src/server/handler/subsonic/nowplaying.go:58.30,62.3 3 0
github.com/local/cassonic/src/server/handler/subsonic/nowplaying.go:63.2,65.15 2 0
github.com/local/cassonic/src/server/handler/subsonic/nowplaying.go:69.68,74.14 4 0
github.com/local/cassonic/src/server/handler/subsonic/nowplaying.go:74.14,76.3 1 0
github.com/local/cassonic/src/server/handler/subsonic/nowplaying.go:77.2,79.14 3 0
github.com/local/cassonic/src/server/handler/subsonic/nowplaying.go:83.36,85.2 1 0
github.com/local/cassonic/src/server/handler/subsonic/nowplaying.go:88.33,89.12 1 0
github.com/local/cassonic/src/server/handler/subsonic/nowplaying.go:89.12,91.3 1 0
github.com/local/cassonic/src/server/handler/subsonic/nowplaying.go:92.2,93.9 2 0
github.com/local/cassonic/src/server/handler/subsonic/nowplaying.go:93.9,95.3 1 0
github.com/local/cassonic/src/server/handler/subsonic/nowplaying.go:96.2,98.12 3 0
github.com/local/cassonic/src/server/handler/subsonic/nowplaying.go:98.12,102.3 3 0
github.com/local/cassonic/src/server/handler/subsonic/nowplaying.go:103.2,103.9 1 0
github.com/local/cassonic/src/server/handler/subsonic/nowplaying.go:103.9,106.3 2 0
github.com/local/cassonic/src/server/handler/subsonic/nowplaying.go:107.2,107.26 1 0
github.com/local/cassonic/src/server/handler/subsonic/playlists.go:16.72,18.21 2 0
github.com/local/cassonic/src/server/handler/subsonic/playlists.go:18.21,21.3 2 0
github.com/local/cassonic/src/server/handler/subsonic/playlists.go:23.2,26.65 3 0
github.com/local/cassonic/src/server/handler/subsonic/playlists.go:26.65,27.24 1 0
github.com/local/cassonic/src/server/handler/subsonic/playlists.go:27.24,30.4 2 0
github.com/local/cassonic/src/server/handler/subsonic/playlists.go:31.3,32.29 2 0
github.com/local/cassonic/src/server/handler/subsonic/playlists.go:32.29,35.4 2 0
github.com/local/cassonic/src/server/handler/subsonic/playlists.go:36.3,36.16 1 0
github.com/local/cassonic/src/server/handler/subsonic/playlists.go:37.8,39.3 1 0
github.com/local/cassonic/src/server/handler/subsonic/playlists.go:41.2,42.16 2 0
github.com/local/cassonic/src/server/handler/subsonic/playlists.go:42.16,45.3 2 0
github.com/local/cassonic/src/server/handler/subsonic/playlists.go:47.2,48.26 2 0
github.com/local/cassonic/src/server/handler/subsonic/playlists.go:48.26,50.18 2 0
github.com/local/cassonic/src/server/handler/subsonic/playlists.go:50.18,52.4 1 0
github.com/local/cassonic/src/server/handler/subsonic/playlists.go:53.3,53.60 1 0
github.com/local/cassonic/src/server/handler/subsonic/playlists.go:56.2,56.48 1 0
github.com/local/cassonic/src/server/handler/subsonic/playlists.go:56.48,58.3 1 0
github.com/local/cassonic/src/server/handler/subsonic/playlists.go:62.71,64.21 2 0
github.com/local/cassonic/src/server/handler/subsonic/playlists.go:64.21,67.3 2 0
github.com/local/cassonic/src/server/handler/subsonic/playlists.go:69.2,70.14 2 0
github.com/local/cassonic/src/server/handler/subsonic/playlists.go:70.14,73.3 2 0
github.com/local/cassonic/src/server/handler/subsonic/playlists.go:75.2,76.16 2 0
github.com/local/cassonic/src/server/handler/subsonic/playlists.go:76.16,79.3 2 0
github.com/local/cassonic/src/server/handler/subsonic/playlists.go:81.2,83.29 3 0
github.com/local/cassonic/src/server/handler/subsonic/playlists.go:83.29,86.3 2 0
github.com/local/cassonic/src/server/handler/subsonic/playlists.go:88.2,88.67 1 0
github.com/local/cassonic/src/server/handler/subsonic/playlists.go:88.67,91.3 2 0
github.com/local/cassonic/src/server/handler/subsonic/playlists.go:93.2,94.16 2 0
github.com/local/cassonic/src/server/handler/subsonic/playlists.go:94.16,97.3 2 0
github.com/local/cassonic/src/server/handler/subsonic/playlists.go:99.2,100.37 2 0
github.com/local/cassonic/src/server/handler/subsonic/playlists.go:100.37,102.32 2 0
github.com/local/cassonic/src/server/handler/subsonic/playlists.go:102.32,103.12 1 0
github.com/local/cassonic/src/server/handler/subsonic/playlists.go:105.3,105.49 1 0
github.com/local/cassonic/src/server/handler/subsonic/playlists.go:108.2,109.48 2 0
github.com/local/cassonic/src/server/handler/subsonic/playlists.go:109.48,114.3 1 0
github.com/local/cassonic/src/server/handler/subsonic/playlists.go:118.74,120.21 2 0
github.com/local/cassonic/src/server/handler/subsonic/playlists.go:120.21,123.3 2 0
github.com/local/cassonic/src/server/handler/subsonic/playlists.go:125.2,129.16 4 0
github.com/local/cassonic/src/server/handler/subsonic/playlists.go:129.16,131.3 1 0
github.com/local/cassonic/src/server/handler/subsonic/playlists.go:133.2,141.16 3 0
github.com/local/cassonic/src/server/handler/subsonic/playlists.go:141.16,144.3 2 0
github.com/local/cassonic/src/server/handler/subsonic/playlists.go:146.2,146.22 1 0
github.com/local/cassonic/src/server/handler/subsonic/playlists.go:146.22,148.31 2 0
github.com/local/cassonic/src/server/handler/subsonic/playlists.go:148.31,150.18 2 0
github.com/local/cassonic/src/server/handler/subsonic/playlists.go:150.18,152.5 1 0
github.com/local/cassonic/src/server/handler/subsonic/playlists.go:154.3,154.71 1 0
github.com/local/cassonic/src/server/handler/subsonic/playlists.go:157.2,159.48 3 0
github.com/local/cassonic/src/server/handler/subsonic/playlists.go:159.48,161.3 1 0
github.com/local/cassonic/src/server/handler/subsonic/playlists.go:165.74,167.21 2 0
github.com/local/cassonic/src/server/handler/subsonic/playlists.go:167.21,170.3 2 0
github.com/local/cassonic/src/server/handler/subsonic/playlists.go:172.2,174.22 3 0
github.com/local/cassonic/src/server/handler/subsonic/playlists.go:174.22,177.3 2 0
github.com/local/cassonic/src/server/handler/subsonic/playlists.go:179.2,180.16 2 0
github.com/local/cassonic/src/server/handler/subsonic/playlists.go:180.16,183.3 2 0
github.com/local/cassonic/src/server/handler/subsonic/playlists.go:185.2,187.29 3 0
github.com/local/cassonic/src/server/handler/subsonic/playlists.go:187.29,190.3 2 0
github.com/local/cassonic/src/server/handler/subsonic/playlists.go:192.2,192.51 1 0
github.com/local/cassonic/src/server/handler/subsonic/playlists.go:192.51,195.3 2 0
github.com/local/cassonic/src/server/handler/subsonic/playlists.go:197.2,197.33 1 0
github.com/local/cassonic/src/server/handler/subsonic/playlists.go:197.33,199.3 1 0
github.com/local/cassonic/src/server/handler/subsonic/playlists.go:200.2,200.36 1 0
github.com/local/cassonic/src/server/handler/subsonic/playlists.go:200.36,202.3 1 0
github.com/local/cassonic/src/server/handler/subsonic/playlists.go:203.2,203.35 1 0
github.com/local/cassonic/src/server/handler/subsonic/playlists.go:203.35,205.3 1 0
github.com/local/cassonic/src/server/handler/subsonic/playlists.go:207.2,207.63 1 0
github.com/local/cassonic/src/server/handler/subsonic/playlists.go:207.63,210.3 2 0
github.com/local/cassonic/src/server/handler/subsonic/playlists.go:212.2,212.49 1 0
github.com/local/cassonic/src/server/handler/subsonic/playlists.go:212.49,214.30 2 0
github.com/local/cassonic/src/server/handler/subsonic/playlists.go:214.30,216.18 2 0
github.com/local/cassonic/src/server/handler/subsonic/playlists.go:216.18,218.5 1 0
github.com/local/cassonic/src/server/handler/subsonic/playlists.go:220.3,220.57 1 0
github.com/local/cassonic/src/server/handler/subsonic/playlists.go:223.2,223.63 1 0
github.com/local/cassonic/src/server/handler/subsonic/playlists.go:223.63,225.32 2 0
github.com/local/cassonic/src/server/handler/subsonic/playlists.go:225.32,227.18 2 0
github.com/local/cassonic/src/server/handler/subsonic/playlists.go:227.18,229.5 1 0
github.com/local/cassonic/src/server/handler/subsonic/playlists.go:231.3,231.60 1 0
github.com/local/cassonic/src/server/handler/subsonic/playlists.go:234.2,234.24 1 0
github.com/local/cassonic/src/server/handler/subsonic/playlists.go:238.74,240.21 2 0
github.com/local/cassonic/src/server/handler/subsonic/playlists.go:240.21,243.3 2 0
github.com/local/cassonic/src/server/handler/subsonic/playlists.go:245.2,246.14 2 0
github.com/local/cassonic/src/server/handler/subsonic/playlists.go:246.14,249.3 2 0
github.com/local/cassonic/src/server/handler/subsonic/playlists.go:251.2,252.16 2 0
github.com/local/cassonic/src/server/handler/subsonic/playlists.go:252.16,255.3 2 0
github.com/local/cassonic/src/server/handler/subsonic/playlists.go:257.2,259.29 3 0
github.com/local/cassonic/src/server/handler/subsonic/playlists.go:259.29,262.3 2 0
github.com/local/cassonic/src/server/handler/subsonic/playlists.go:264.2,264.51 1 0
github.com/local/cassonic/src/server/handler/subsonic/playlists.go:264.51,267.3 2 0
github.com/local/cassonic/src/server/handler/subsonic/playlists.go:269.2,269.65 1 0
github.com/local/cassonic/src/server/handler/subsonic/playlists.go:269.65,272.3 2 0
github.com/local/cassonic/src/server/handler/subsonic/playlists.go:274.2,274.24 1 0
github.com/local/cassonic/src/server/handler/subsonic/playlists.go:278.66,280.21 2 0
github.com/local/cassonic/src/server/handler/subsonic/playlists.go:280.21,283.3 2 0
github.com/local/cassonic/src/server/handler/subsonic/playlists.go:285.2,286.17 2 0
github.com/local/cassonic/src/server/handler/subsonic/playlists.go:286.17,288.3 1 0
github.com/local/cassonic/src/server/handler/subsonic/playlists.go:290.2,291.16 2 0
github.com/local/cassonic/src/server/handler/subsonic/playlists.go:291.16,294.3 2 0
github.com/local/cassonic/src/server/handler/subsonic/playlists.go:296.2,297.26 2 0
github.com/local/cassonic/src/server/handler/subsonic/playlists.go:297.26,299.3 1 0
github.com/local/cassonic/src/server/handler/subsonic/playlists.go:301.2,301.48 1 0
github.com/local/cassonic/src/server/handler/subsonic/playlists.go:301.48,307.3 1 0
github.com/local/cassonic/src/server/handler/subsonic/playlists.go:311.67,313.21 2 0
github.com/local/cassonic/src/server/handler/subsonic/playlists.go:313.21,316.3 2 0
github.com/local/cassonic/src/server/handler/subsonic/playlists.go:318.2,320.17 3 0
github.com/local/cassonic/src/server/handler/subsonic/playlists.go:320.17,323.3 2 0
github.com/local/cassonic/src/server/handler/subsonic/playlists.go:325.2,339.28 12 0
github.com/local/cassonic/src/server/handler/subsonic/playlists.go:339.28,341.3 1 0
github.com/local/cassonic/src/server/handler/subsonic/playlists.go:343.2,344.28 2 0
github.com/local/cassonic/src/server/handler/subsonic/playlists.go:344.28,346.3 1 0
github.com/local/cassonic/src/server/handler/subsonic/playlists.go:348.2,349.26 2 0
github.com/local/cassonic/src/server/handler/subsonic/playlists.go:349.26,351.3 1 0
github.com/local/cassonic/src/server/handler/subsonic/playlists.go:353.2,353.48 1 0
github.com/local/cassonic/src/server/handler/subsonic/playlists.go:353.48,359.3 1 0
github.com/local/cassonic/src/server/handler/subsonic/playlists.go:363.67,365.21 2 0
github.com/local/cassonic/src/server/handler/subsonic/playlists.go:365.21,368.3 2 0
github.com/local/cassonic/src/server/handler/subsonic/playlists.go:370.2,372.17 3 0
github.com/local/cassonic/src/server/handler/subsonic/playlists.go:372.17,375.3 2 0
github.com/local/cassonic/src/server/handler/subsonic/playlists.go:377.2,391.28 12 0
github.com/local/cassonic/src/server/handler/subsonic/playlists.go:391.28,393.3 1 0
github.com/local/cassonic/src/server/handler/subsonic/playlists.go:395.2,396.28 2 0
github.com/local/cassonic/src/server/handler/subsonic/playlists.go:396.28,398.3 1 0
github.com/local/cassonic/src/server/handler/subsonic/playlists.go:400.2,401.26 2 0
github.com/local/cassonic/src/server/handler/subsonic/playlists.go:401.26,403.3 1 0
github.com/local/cassonic/src/server/handler/subsonic/playlists.go:405.2,405.48 1 0
github.com/local/cassonic/src/server/handler/subsonic/playlists.go:405.48,411.3 1 0
github.com/local/cassonic/src/server/handler/subsonic/playlists.go:415.64,417.21 2 0
github.com/local/cassonic/src/server/handler/subsonic/playlists.go:417.21,420.3 2 0
github.com/local/cassonic/src/server/handler/subsonic/playlists.go:422.2,425.29 3 0
github.com/local/cassonic/src/server/handler/subsonic/playlists.go:425.29,427.17 2 0
github.com/local/cassonic/src/server/handler/subsonic/playlists.go:427.17,429.4 1 0
github.com/local/cassonic/src/server/handler/subsonic/playlists.go:431.2,431.34 1 0
github.com/local/cassonic/src/server/handler/subsonic/playlists.go:431.34,433.17 2 0
github.com/local/cassonic/src/server/handler/subsonic/playlists.go:433.17,435.4 1 0
github.com/local/cassonic/src/server/handler/subsonic/playlists.go:437.2,437.35 1 0
github.com/local/cassonic/src/server/handler/subsonic/playlists.go:437.35,439.17 2 0
github.com/local/cassonic/src/server/handler/subsonic/playlists.go:439.17,441.4 1 0
github.com/local/cassonic/src/server/handler/subsonic/playlists.go:444.2,444.24 1 0
github.com/local/cassonic/src/server/handler/subsonic/playlists.go:448.66,450.21 2 0
github.com/local/cassonic/src/server/handler/subsonic/playlists.go:450.21,453.3 2 0
github.com/local/cassonic/src/server/handler/subsonic/playlists.go:455.2,458.29 3 0
github.com/local/cassonic/src/server/handler/subsonic/playlists.go:458.29,460.17 2 0
github.com/local/cassonic/src/server/handler/subsonic/playlists.go:460.17,462.4 1 0
github.com/local/cassonic/src/server/handler/subsonic/playlists.go:464.2,464.34 1 0
github.com/local/cassonic/src/server/handler/subsonic/playlists.go:464.34,466.17 2 0
github.com/local/cassonic/src/server/handler/subsonic/playlists.go:466.17,468.4 1 0
github.com/local/cassonic/src/server/handler/subsonic/playlists.go:470.2,470.35 1 0
github.com/local/cassonic/src/server/handler/subsonic/playlists.go:470.35,472.17 2 0
github.com/local/cassonic/src/server/handler/subsonic/playlists.go:472.17,474.4 1 0
github.com/local/cassonic/src/server/handler/subsonic/playlists.go:477.2,477.24 1 0
github.com/local/cassonic/src/server/handler/subsonic/playlists.go:482.69,484.21 2 0
github.com/local/cassonic/src/server/handler/subsonic/playlists.go:484.21,487.3 2 0
github.com/local/cassonic/src/server/handler/subsonic/playlists.go:489.2,493.14 4 0
github.com/local/cassonic/src/server/handler/subsonic/playlists.go:493.14,496.3 2 0
github.com/local/cassonic/src/server/handler/subsonic/playlists.go:497.2,497.21 1 0
github.com/local/cassonic/src/server/handler/subsonic/playlists.go:497.21,500.3 2 0
github.com/local/cassonic/src/server/handler/subsonic/playlists.go:502.2,503.44 2 0
github.com/local/cassonic/src/server/handler/subsonic/playlists.go:503.44,506.3 2 0
github.com/local/cassonic/src/server/handler/subsonic/playlists.go:508.2,509.16 2 0
github.com/local/cassonic/src/server/handler/subsonic/playlists.go:509.16,512.3 2 0
github.com/local/cassonic/src/server/handler/subsonic/playlists.go:514.2,515.27 2 0
github.com/local/cassonic/src/server/handler/subsonic/playlists.go:515.27,517.3 1 0
github.com/local/cassonic/src/server/handler/subsonic/playlists.go:519.2,520.17 2 0
github.com/local/cassonic/src/server/handler/subsonic/playlists.go:520.17,522.3 1 0
github.com/local/cassonic/src/server/handler/subsonic/playlists.go:522.8,524.3 1 0
github.com/local/cassonic/src/server/handler/subsonic/playlists.go:526.2,526.24 1 0
github.com/local/cassonic/src/server/handler/subsonic/playlists.go:530.68,532.21 2 0
github.com/local/cassonic/src/server/handler/subsonic/playlists.go:532.21,535.3 2 0
github.com/local/cassonic/src/server/handler/subsonic/playlists.go:537.2,539.14 3 0
github.com/local/cassonic/src/server/handler/subsonic/playlists.go:539.14,542.3 2 0
github.com/local/cassonic/src/server/handler/subsonic/playlists.go:544.2,545.16 2 0
github.com/local/cassonic/src/server/handler/subsonic/playlists.go:545.16,548.3 2 0
github.com/local/cassonic/src/server/handler/subsonic/playlists.go:550.2,551.39 2 0
github.com/local/cassonic/src/server/handler/subsonic/playlists.go:551.39,553.3 1 0
github.com/local/cassonic/src/server/handler/subsonic/playlists.go:555.2,555.17 1 0
github.com/local/cassonic/src/server/handler/subsonic/playlists.go:555.17,558.3 2 0
github.com/local/cassonic/src/server/handler/subsonic/playlists.go:560.2,561.35 2 0
github.com/local/cassonic/src/server/handler/subsonic/playlists.go:561.35,562.58 1 0
github.com/local/cassonic/src/server/handler/subsonic/playlists.go:562.58,564.4 1 0
github.com/local/cassonic/src/server/handler/subsonic/playlists.go:566.2,566.23 1 0
github.com/local/cassonic/src/server/handler/subsonic/playlists.go:566.23,568.3 1 0
github.com/local/cassonic/src/server/handler/subsonic/playlists.go:570.2,578.24 2 0
github.com/local/cassonic/src/server/handler/subsonic/playlists.go:582.69,584.21 2 0
github.com/local/cassonic/src/server/handler/subsonic/playlists.go:584.21,587.3 2 0
github.com/local/cassonic/src/server/handler/subsonic/playlists.go:588.2,588.48 1 0
github.com/local/cassonic/src/server/handler/subsonic/playlists.go:588.48,590.3 1 0
github.com/local/cassonic/src/server/handler/subsonic/playlists.go:594.71,596.21 2 0
github.com/local/cassonic/src/server/handler/subsonic/playlists.go:596.21,599.3 2 0
github.com/local/cassonic/src/server/handler/subsonic/playlists.go:600.2,600.48 1 0
github.com/local/cassonic/src/server/handler/subsonic/playlists.go:600.48,602.3 1 0
github.com/local/cassonic/src/server/handler/subsonic/playlists.go:606.71,608.21 2 0
github.com/local/cassonic/src/server/handler/subsonic/playlists.go:608.21,611.3 2 0
github.com/local/cassonic/src/server/handler/subsonic/playlists.go:612.2,612.24 1 0
github.com/local/cassonic/src/server/handler/subsonic/playlists.go:616.71,618.21 2 0
github.com/local/cassonic/src/server/handler/subsonic/playlists.go:618.21,621.3 2 0
github.com/local/cassonic/src/server/handler/subsonic/playlists.go:622.2,622.24 1 0
github.com/local/cassonic/src/server/handler/subsonic/playlists.go:626.72,628.21 2 0
github.com/local/cassonic/src/server/handler/subsonic/playlists.go:628.21,631.3 2 0
github.com/local/cassonic/src/server/handler/subsonic/playlists.go:633.2,634.16 2 0
github.com/local/cassonic/src/server/handler/subsonic/playlists.go:634.16,637.3 2 0
github.com/local/cassonic/src/server/handler/subsonic/playlists.go:639.2,640.31 2 0
github.com/local/cassonic/src/server/handler/subsonic/playlists.go:640.31,642.32 2 0
github.com/local/cassonic/src/server/handler/subsonic/playlists.go:642.32,643.12 1 0
github.com/local/cassonic/src/server/handler/subsonic/playlists.go:645.3,652.5 2 0
github.com/local/cassonic/src/server/handler/subsonic/playlists.go:655.2,655.48 1 0
github.com/local/cassonic/src/server/handler/subsonic/playlists.go:655.48,657.3 1 0
github.com/local/cassonic/src/server/handler/subsonic/playlists.go:661.74,663.21 2 0
github.com/local/cassonic/src/server/handler/subsonic/playlists.go:663.21,666.3 2 0
github.com/local/cassonic/src/server/handler/subsonic/playlists.go:668.2,670.14 3 0
github.com/local/cassonic/src/server/handler/subsonic/playlists.go:670.14,673.3 2 0
github.com/local/cassonic/src/server/handler/subsonic/playlists.go:675.2,676.18 2 0
github.com/local/cassonic/src/server/handler/subsonic/playlists.go:676.18,679.3 2 0
github.com/local/cassonic/src/server/handler/subsonic/playlists.go:681.2,682.16 2 0
github.com/local/cassonic/src/server/handler/subsonic/playlists.go:682.16,685.3 2 0
github.com/local/cassonic/src/server/handler/subsonic/playlists.go:687.2,688.16 2 0
github.com/local/cassonic/src/server/handler/subsonic/playlists.go:688.16,691.3 2 0
github.com/local/cassonic/src/server/handler/subsonic/playlists.go:693.2,701.67 2 0
github.com/local/cassonic/src/server/handler/subsonic/playlists.go:701.67,704.3 2 0
github.com/local/cassonic/src/server/handler/subsonic/playlists.go:706.2,706.24 1 0
github.com/local/cassonic/src/server/handler/subsonic/playlists.go:710.74,712.21 2 0
github.com/local/cassonic/src/server/handler/subsonic/playlists.go:712.21,715.3 2 0
github.com/local/cassonic/src/server/handler/subsonic/playlists.go:717.2,718.14 2 0
github.com/local/cassonic/src/server/handler/subsonic/playlists.go:718.14,721.3 2 0
github.com/local/cassonic/src/server/handler/subsonic/playlists.go:723.2,724.16 2 0
github.com/local/cassonic/src/server/handler/subsonic/playlists.go:724.16,727.3 2 0
github.com/local/cassonic/src/server/handler/subsonic/playlists.go:729.2,730.24 2 0
github.com/local/cassonic/src/server/handler/subsonic/playlists.go:734.72,736.21 2 0
github.com/local/cassonic/src/server/handler/subsonic/playlists.go:736.21,739.3 2 0
github.com/local/cassonic/src/server/handler/subsonic/playlists.go:741.2,742.16 2 0
github.com/local/cassonic/src/server/handler/subsonic/playlists.go:742.16,745.3 2 0
github.com/local/cassonic/src/server/handler/subsonic/playlists.go:747.2,747.15 1 0
github.com/local/cassonic/src/server/handler/subsonic/playlists.go:747.15,748.49 1 0
github.com/local/cassonic/src/server/handler/subsonic/playlists.go:748.49,750.4 1 0
github.com/local/cassonic/src/server/handler/subsonic/playlists.go:751.3,751.9 1 0
github.com/local/cassonic/src/server/handler/subsonic/playlists.go:754.2,756.28 3 0
github.com/local/cassonic/src/server/handler/subsonic/playlists.go:756.28,758.32 2 0
github.com/local/cassonic/src/server/handler/subsonic/playlists.go:758.32,759.12 1 0
github.com/local/cassonic/src/server/handler/subsonic/playlists.go:761.3,761.49 1 0
github.com/local/cassonic/src/server/handler/subsonic/playlists.go:764.2,764.48 1 0
github.com/local/cassonic/src/server/handler/subsonic/playlists.go:764.48,773.3 1 0
github.com/local/cassonic/src/server/handler/subsonic/playlists.go:777.73,779.21 2 0
github.com/local/cassonic/src/server/handler/subsonic/playlists.go:779.21,782.3 2 0
github.com/local/cassonic/src/server/handler/subsonic/playlists.go:784.2,790.21 6 0
github.com/local/cassonic/src/server/handler/subsonic/playlists.go:790.21,792.3 1 0
github.com/local/cassonic/src/server/handler/subsonic/playlists.go:794.2,795.23 2 0
github.com/local/cassonic/src/server/handler/subsonic/playlists.go:795.23,797.3 1 0
github.com/local/cassonic/src/server/handler/subsonic/playlists.go:799.2,807.30 3 0
github.com/local/cassonic/src/server/handler/subsonic/playlists.go:807.30,809.17 2 0
github.com/local/cassonic/src/server/handler/subsonic/playlists.go:809.17,814.4 1 0
github.com/local/cassonic/src/server/handler/subsonic/playlists.go:817.2,817.78 1 0
github.com/local/cassonic/src/server/handler/subsonic/playlists.go:817.78,820.3 2 0
github.com/local/cassonic/src/server/handler/subsonic/playlists.go:822.2,822.24 1 0
github.com/local/cassonic/src/server/handler/subsonic/playlists.go:826.75,828.21 2 0
github.com/local/cassonic/src/server/handler/subsonic/playlists.go:828.21,831.3 2 0
github.com/local/cassonic/src/server/handler/subsonic/playlists.go:833.2,834.46 2 0
github.com/local/cassonic/src/server/handler/subsonic/playlists.go:834.46,835.57 1 0
github.com/local/cassonic/src/server/handler/subsonic/playlists.go:835.57,837.4 1 0
github.com/local/cassonic/src/server/handler/subsonic/playlists.go:840.2,841.16 2 0
github.com/local/cassonic/src/server/handler/subsonic/playlists.go:841.16,844.3 2 0
github.com/local/cassonic/src/server/handler/subsonic/playlists.go:846.2,847.29 2 0
github.com/local/cassonic/src/server/handler/subsonic/playlists.go:847.29,853.3 1 0
github.com/local/cassonic/src/server/handler/subsonic/playlists.go:855.2,855.48 1 0
github.com/local/cassonic/src/server/handler/subsonic/playlists.go:855.48,857.3 1 0
github.com/local/cassonic/src/server/handler/subsonic/playlists.go:861.74,863.21 2 0
github.com/local/cassonic/src/server/handler/subsonic/playlists.go:863.21,866.3 2 0
github.com/local/cassonic/src/server/handler/subsonic/playlists.go:868.2,869.19 2 0
github.com/local/cassonic/src/server/handler/subsonic/playlists.go:869.19,872.3 2 0
github.com/local/cassonic/src/server/handler/subsonic/playlists.go:874.2,880.63 2 0
github.com/local/cassonic/src/server/handler/subsonic/playlists.go:880.63,883.3 2 0
github.com/local/cassonic/src/server/handler/subsonic/playlists.go:885.2,885.24 1 0
github.com/local/cassonic/src/server/handler/subsonic/playlists.go:889.74,901.2 1 0
github.com/local/cassonic/src/server/handler/subsonic/podcast.go:12.71,14.21 2 0
github.com/local/cassonic/src/server/handler/subsonic/podcast.go:14.21,17.3 2 0
github.com/local/cassonic/src/server/handler/subsonic/podcast.go:19.2,26.30 6 0
github.com/local/cassonic/src/server/handler/subsonic/podcast.go:26.30,27.21 1 0
github.com/local/cassonic/src/server/handler/subsonic/podcast.go:27.21,29.35 2 0
github.com/local/cassonic/src/server/handler/subsonic/podcast.go:29.35,30.13 1 0
github.com/local/cassonic/src/server/handler/subsonic/podcast.go:33.3,34.22 2 0
github.com/local/cassonic/src/server/handler/subsonic/podcast.go:34.22,36.4 1 0
github.com/local/cassonic/src/server/handler/subsonic/podcast.go:37.3,37.42 1 0
github.com/local/cassonic/src/server/handler/subsonic/podcast.go:40.2,40.48 1 0
github.com/local/cassonic/src/server/handler/subsonic/podcast.go:40.48,42.3 1 0
github.com/local/cassonic/src/server/handler/subsonic/podcast.go:46.77,48.21 2 0
github.com/local/cassonic/src/server/handler/subsonic/podcast.go:48.21,51.3 2 0
github.com/local/cassonic/src/server/handler/subsonic/podcast.go:53.2,57.30 4 0
github.com/local/cassonic/src/server/handler/subsonic/podcast.go:57.30,60.3 2 0
github.com/local/cassonic/src/server/handler/subsonic/podcast.go:62.2,62.46 1 0
github.com/local/cassonic/src/server/handler/subsonic/podcast.go:62.46,64.3 1 0
github.com/local/cassonic/src/server/handler/subsonic/podcast.go:66.2,66.30 1 0
github.com/local/cassonic/src/server/handler/subsonic/podcast.go:66.30,68.3 1 0
github.com/local/cassonic/src/server/handler/subsonic/podcast.go:70.2,70.48 1 0
github.com/local/cassonic/src/server/handler/subsonic/podcast.go:70.48,72.3 1 0
github.com/local/cassonic/src/server/handler/subsonic/podcast.go:76.75,78.21 2 0
github.com/local/cassonic/src/server/handler/subsonic/podcast.go:78.21,81.3 2 0
github.com/local/cassonic/src/server/handler/subsonic/podcast.go:82.2,82.23 1 0
github.com/local/cassonic/src/server/handler/subsonic/podcast.go:82.23,85.3 2 0
github.com/local/cassonic/src/server/handler/subsonic/podcast.go:86.2,86.24 1 0
github.com/local/cassonic/src/server/handler/subsonic/podcast.go:90.80,92.21 2 0
github.com/local/cassonic/src/server/handler/subsonic/podcast.go:92.21,95.3 2 0
github.com/local/cassonic/src/server/handler/subsonic/podcast.go:96.2,96.23 1 0
github.com/local/cassonic/src/server/handler/subsonic/podcast.go:96.23,99.3 2 0
github.com/local/cassonic/src/server/handler/subsonic/podcast.go:101.2,102.15 2 0
github.com/local/cassonic/src/server/handler/subsonic/podcast.go:102.15,105.3 2 0
github.com/local/cassonic/src/server/handler/subsonic/podcast.go:107.2,107.24 1 0
github.com/local/cassonic/src/server/handler/subsonic/podcast.go:111.80,113.21 2 0
github.com/local/cassonic/src/server/handler/subsonic/podcast.go:113.21,116.3 2 0
github.com/local/cassonic/src/server/handler/subsonic/podcast.go:117.2,117.23 1 0
github.com/local/cassonic/src/server/handler/subsonic/podcast.go:117.23,120.3 2 0
github.com/local/cassonic/src/server/handler/subsonic/podcast.go:122.2,123.14 2 0
github.com/local/cassonic/src/server/handler/subsonic/podcast.go:123.14,126.3 2 0
github.com/local/cassonic/src/server/handler/subsonic/podcast.go:128.2,128.24 1 0
github.com/local/cassonic/src/server/handler/subsonic/podcast.go:132.80,134.21 2 0
github.com/local/cassonic/src/server/handler/subsonic/podcast.go:134.21,137.3 2 0
github.com/local/cassonic/src/server/handler/subsonic/podcast.go:138.2,138.23 1 0
github.com/local/cassonic/src/server/handler/subsonic/podcast.go:138.23,141.3 2 0
github.com/local/cassonic/src/server/handler/subsonic/podcast.go:143.2,144.14 2 0
github.com/local/cassonic/src/server/handler/subsonic/podcast.go:144.14,147.3 2 0
github.com/local/cassonic/src/server/handler/subsonic/podcast.go:149.2,149.24 1 0
github.com/local/cassonic/src/server/handler/subsonic/podcast.go:153.82,155.21 2 0
github.com/local/cassonic/src/server/handler/subsonic/podcast.go:155.21,158.3 2 0
github.com/local/cassonic/src/server/handler/subsonic/podcast.go:159.2,159.23 1 0
github.com/local/cassonic/src/server/handler/subsonic/podcast.go:159.23,162.3 2 0
github.com/local/cassonic/src/server/handler/subsonic/podcast.go:164.2,165.14 2 0
github.com/local/cassonic/src/server/handler/subsonic/podcast.go:165.14,168.3 2 0
github.com/local/cassonic/src/server/handler/subsonic/podcast.go:170.2,170.24 1 0
github.com/local/cassonic/src/server/handler/subsonic/podcast.go:175.80,177.2 1 0
github.com/local/cassonic/src/server/handler/subsonic/podcast.go:181.94,183.2 1 0
github.com/local/cassonic/src/server/handler/subsonic/podcast.go:186.72,196.2 1 0
github.com/local/cassonic/src/server/handler/subsonic/radio.go:11.84,13.21 2 0
github.com/local/cassonic/src/server/handler/subsonic/radio.go:13.21,16.3 2 0
github.com/local/cassonic/src/server/handler/subsonic/radio.go:18.2,19.16 2 0
github.com/local/cassonic/src/server/handler/subsonic/radio.go:19.16,22.3 2 0
github.com/local/cassonic/src/server/handler/subsonic/radio.go:24.2,25.29 2 0
github.com/local/cassonic/src/server/handler/subsonic/radio.go:25.29,27.3 1 0
github.com/local/cassonic/src/server/handler/subsonic/radio.go:29.2,29.48 1 0
github.com/local/cassonic/src/server/handler/subsonic/radio.go:29.48,31.3 1 0
github.com/local/cassonic/src/server/handler/subsonic/radio.go:35.86,37.21 2 0
github.com/local/cassonic/src/server/handler/subsonic/radio.go:37.21,40.3 2 0
github.com/local/cassonic/src/server/handler/subsonic/radio.go:41.2,41.23 1 0
github.com/local/cassonic/src/server/handler/subsonic/radio.go:41.23,44.3 2 0
github.com/local/cassonic/src/server/handler/subsonic/radio.go:46.2,50.16 4 0
github.com/local/cassonic/src/server/handler/subsonic/radio.go:50.16,53.3 2 0
github.com/local/cassonic/src/server/handler/subsonic/radio.go:54.2,54.21 1 0
github.com/local/cassonic/src/server/handler/subsonic/radio.go:54.21,57.3 2 0
github.com/local/cassonic/src/server/handler/subsonic/radio.go:59.2,66.16 3 0
github.com/local/cassonic/src/server/handler/subsonic/radio.go:66.16,69.3 2 0
github.com/local/cassonic/src/server/handler/subsonic/radio.go:71.2,71.24 1 0
github.com/local/cassonic/src/server/handler/subsonic/radio.go:75.86,77.21 2 0
github.com/local/cassonic/src/server/handler/subsonic/radio.go:77.21,80.3 2 0
github.com/local/cassonic/src/server/handler/subsonic/radio.go:81.2,81.23 1 0
github.com/local/cassonic/src/server/handler/subsonic/radio.go:81.23,84.3 2 0
github.com/local/cassonic/src/server/handler/subsonic/radio.go:86.2,88.14 3 0
github.com/local/cassonic/src/server/handler/subsonic/radio.go:88.14,91.3 2 0
github.com/local/cassonic/src/server/handler/subsonic/radio.go:93.2,94.16 2 0
github.com/local/cassonic/src/server/handler/subsonic/radio.go:94.16,97.3 2 0
github.com/local/cassonic/src/server/handler/subsonic/radio.go:99.2,101.34 3 0
github.com/local/cassonic/src/server/handler/subsonic/radio.go:101.34,104.3 2 0
github.com/local/cassonic/src/server/handler/subsonic/radio.go:106.2,106.33 1 0
github.com/local/cassonic/src/server/handler/subsonic/radio.go:106.33,108.3 1 0
github.com/local/cassonic/src/server/handler/subsonic/radio.go:109.2,109.38 1 0
github.com/local/cassonic/src/server/handler/subsonic/radio.go:109.38,111.3 1 0
github.com/local/cassonic/src/server/handler/subsonic/radio.go:112.2,112.40 1 0
github.com/local/cassonic/src/server/handler/subsonic/radio.go:112.40,114.3 1 0
github.com/local/cassonic/src/server/handler/subsonic/radio.go:116.2,116.68 1 0
github.com/local/cassonic/src/server/handler/subsonic/radio.go:116.68,119.3 2 0
github.com/local/cassonic/src/server/handler/subsonic/radio.go:121.2,121.24 1 0
github.com/local/cassonic/src/server/handler/subsonic/radio.go:125.86,127.21 2 0
github.com/local/cassonic/src/server/handler/subsonic/radio.go:127.21,130.3 2 0
github.com/local/cassonic/src/server/handler/subsonic/radio.go:131.2,131.23 1 0
github.com/local/cassonic/src/server/handler/subsonic/radio.go:131.23,134.3 2 0
github.com/local/cassonic/src/server/handler/subsonic/radio.go:136.2,137.14 2 0
github.com/local/cassonic/src/server/handler/subsonic/radio.go:137.14,140.3 2 0
github.com/local/cassonic/src/server/handler/subsonic/radio.go:142.2,143.16 2 0
github.com/local/cassonic/src/server/handler/subsonic/radio.go:143.16,146.3 2 0
github.com/local/cassonic/src/server/handler/subsonic/radio.go:148.2,148.73 1 0
github.com/local/cassonic/src/server/handler/subsonic/radio.go:148.73,151.3 2 0
github.com/local/cassonic/src/server/handler/subsonic/radio.go:153.2,153.24 1 0
github.com/local/cassonic/src/server/handler/subsonic/radio.go:157.74,159.2 1 0
github.com/local/cassonic/src/server/handler/subsonic/radio.go:162.75,169.2 1 0
github.com/local/cassonic/src/server/handler/subsonic/response.go:510.60,516.20 2 1
github.com/local/cassonic/src/server/handler/subsonic/response.go:516.20,518.3 1 1
github.com/local/cassonic/src/server/handler/subsonic/response.go:519.2,519.10 1 1
github.com/local/cassonic/src/server/handler/subsonic/response.go:523.54,530.2 1 1
github.com/local/cassonic/src/server/handler/subsonic/response.go:534.78,538.16 3 1
github.com/local/cassonic/src/server/handler/subsonic/response.go:539.14,542.69 3 1
github.com/local/cassonic/src/server/handler/subsonic/response.go:544.15,548.21 4 1
github.com/local/cassonic/src/server/handler/subsonic/response.go:548.21,550.4 1 1
github.com/local/cassonic/src/server/handler/subsonic/response.go:551.3,551.50 1 1
github.com/local/cassonic/src/server/handler/subsonic/response.go:553.10,557.37 4 1
github.com/local/cassonic/src/server/handler/subsonic/stream.go:20.66,22.21 2 0
github.com/local/cassonic/src/server/handler/subsonic/stream.go:22.21,25.3 2 0
github.com/local/cassonic/src/server/handler/subsonic/stream.go:27.2,28.14 2 0
github.com/local/cassonic/src/server/handler/subsonic/stream.go:28.14,31.3 2 0
github.com/local/cassonic/src/server/handler/subsonic/stream.go:33.2,34.16 2 0
github.com/local/cassonic/src/server/handler/subsonic/stream.go:34.16,37.3 2 0
github.com/local/cassonic/src/server/handler/subsonic/stream.go:39.2,41.31 3 0
github.com/local/cassonic/src/server/handler/subsonic/stream.go:41.31,44.3 2 0
github.com/local/cassonic/src/server/handler/subsonic/stream.go:46.2,69.59 9 0
github.com/local/cassonic/src/server/handler/subsonic/stream.go:73.68,75.21 2 0
github.com/local/cassonic/src/server/handler/subsonic/stream.go:75.21,78.3 2 0
github.com/local/cassonic/src/server/handler/subsonic/stream.go:80.2,80.23 1 0
github.com/local/cassonic/src/server/handler/subsonic/stream.go:80.23,82.47 2 0
github.com/local/cassonic/src/server/handler/subsonic/stream.go:82.47,85.4 2 0
github.com/local/cassonic/src/server/handler/subsonic/stream.go:88.2,89.14 2 0
github.com/local/cassonic/src/server/handler/subsonic/stream.go:89.14,92.3 2 0
github.com/local/cassonic/src/server/handler/subsonic/stream.go:94.2,95.16 2 0
github.com/local/cassonic/src/server/handler/subsonic/stream.go:95.16,98.3 2 0
github.com/local/cassonic/src/server/handler/subsonic/stream.go:100.2,101.31 2 0
github.com/local/cassonic/src/server/handler/subsonic/stream.go:101.31,104.3 2 0
github.com/local/cassonic/src/server/handler/subsonic/stream.go:106.2,107.16 2 0
github.com/local/cassonic/src/server/handler/subsonic/stream.go:107.16,110.3 2 0
github.com/local/cassonic/src/server/handler/subsonic/stream.go:111.2,118.22 7 0
github.com/local/cassonic/src/server/handler/subsonic/stream.go:122.63,124.21 2 0
github.com/local/cassonic/src/server/handler/subsonic/stream.go:124.21,127.3 2 0
github.com/local/cassonic/src/server/handler/subsonic/stream.go:129.2,130.14 2 0
github.com/local/cassonic/src/server/handler/subsonic/stream.go:130.14,133.3 2 0
github.com/local/cassonic/src/server/handler/subsonic/stream.go:135.2,136.16 2 0
github.com/local/cassonic/src/server/handler/subsonic/stream.go:136.16,139.3 2 0
github.com/local/cassonic/src/server/handler/subsonic/stream.go:141.2,142.31 2 0
github.com/local/cassonic/src/server/handler/subsonic/stream.go:142.31,145.3 2 0
github.com/local/cassonic/src/server/handler/subsonic/stream.go:147.2,161.36 10 0
github.com/local/cassonic/src/server/handler/subsonic/stream.go:165.71,167.21 2 0
github.com/local/cassonic/src/server/handler/subsonic/stream.go:167.21,170.3 2 0
github.com/local/cassonic/src/server/handler/subsonic/stream.go:172.2,173.14 2 0
github.com/local/cassonic/src/server/handler/subsonic/stream.go:173.14,176.3 2 0
github.com/local/cassonic/src/server/handler/subsonic/stream.go:178.2,181.16 3 0
github.com/local/cassonic/src/server/handler/subsonic/stream.go:181.16,184.3 2 0
github.com/local/cassonic/src/server/handler/subsonic/stream.go:186.2,191.16 4 0
github.com/local/cassonic/src/server/handler/subsonic/stream.go:192.23,193.15 1 0
github.com/local/cassonic/src/server/handler/subsonic/stream.go:193.15,195.18 2 0
github.com/local/cassonic/src/server/handler/subsonic/stream.go:195.18,197.5 1 0
github.com/local/cassonic/src/server/handler/subsonic/stream.go:198.9,200.4 1 0
github.com/local/cassonic/src/server/handler/subsonic/stream.go:202.18,203.15 1 0
github.com/local/cassonic/src/server/handler/subsonic/stream.go:203.15,205.18 2 0
github.com/local/cassonic/src/server/handler/subsonic/stream.go:205.18,207.5 1 0
github.com/local/cassonic/src/server/handler/subsonic/stream.go:208.9,210.4 1 0
github.com/local/cassonic/src/server/handler/subsonic/stream.go:212.20,214.35 2 0
github.com/local/cassonic/src/server/handler/subsonic/stream.go:214.35,217.4 2 0
github.com/local/cassonic/src/server/handler/subsonic/stream.go:218.3,218.54 1 0
github.com/local/cassonic/src/server/handler/subsonic/stream.go:220.10,222.9 2 0
github.com/local/cassonic/src/server/handler/subsonic/stream.go:225.2,225.16 1 0
github.com/local/cassonic/src/server/handler/subsonic/stream.go:225.16,226.44 1 0
github.com/local/cassonic/src/server/handler/subsonic/stream.go:226.44,229.4 2 0
github.com/local/cassonic/src/server/handler/subsonic/stream.go:230.3,231.9 2 0
github.com/local/cassonic/src/server/handler/subsonic/stream.go:234.2,236.22 3 0
github.com/local/cassonic/src/server/handler/subsonic/stream.go:240.69,242.21 2 0
github.com/local/cassonic/src/server/handler/subsonic/stream.go:242.21,245.3 2 0
github.com/local/cassonic/src/server/handler/subsonic/stream.go:247.2,254.33 6 0
github.com/local/cassonic/src/server/handler/subsonic/stream.go:254.33,256.35 2 0
github.com/local/cassonic/src/server/handler/subsonic/stream.go:256.35,257.28 1 0
github.com/local/cassonic/src/server/handler/subsonic/stream.go:257.28,258.48 1 0
github.com/local/cassonic/src/server/handler/subsonic/stream.go:258.48,262.11 4 0
github.com/local/cassonic/src/server/handler/subsonic/stream.go:268.2,268.48 1 0
github.com/local/cassonic/src/server/handler/subsonic/stream.go:268.48,274.3 1 0
github.com/local/cassonic/src/server/handler/subsonic/stream.go:278.69,280.21 2 0
github.com/local/cassonic/src/server/handler/subsonic/stream.go:280.21,283.3 2 0
github.com/local/cassonic/src/server/handler/subsonic/stream.go:285.2,293.27 4 0
github.com/local/cassonic/src/server/handler/subsonic/stream.go:297.71,299.2 1 0
github.com/local/cassonic/src/server/handler/subsonic/stream.go:302.136,304.56 2 0
github.com/local/cassonic/src/server/handler/subsonic/stream.go:304.56,306.20 2 0
github.com/local/cassonic/src/server/handler/subsonic/stream.go:306.20,308.4 1 0
github.com/local/cassonic/src/server/handler/subsonic/stream.go:311.2,311.89 1 0
github.com/local/cassonic/src/server/handler/subsonic/stream.go:311.89,314.3 2 0
github.com/local/cassonic/src/server/handler/subsonic/stream.go:316.2,316.28 1 0
github.com/local/cassonic/src/server/handler/subsonic/stream.go:320.90,322.16 2 0
github.com/local/cassonic/src/server/handler/subsonic/stream.go:322.16,325.3 2 0
github.com/local/cassonic/src/server/handler/subsonic/stream.go:326.2,331.22 5 0
github.com/local/cassonic/src/server/handler/subsonic/stream.go:335.141,336.21 1 0
github.com/local/cassonic/src/server/handler/subsonic/stream.go:336.21,339.3 2 0
github.com/local/cassonic/src/server/handler/subsonic/stream.go:341.2,349.16 3 0
github.com/local/cassonic/src/server/handler/subsonic/stream.go:349.16,352.3 2 0
github.com/local/cassonic/src/server/handler/subsonic/stream.go:353.2,358.27 5 0
github.com/local/cassonic/src/server/handler/subsonic/stream.go:362.41,363.33 1 0
github.com/local/cassonic/src/server/handler/subsonic/stream.go:364.13,365.22 1 0
github.com/local/cassonic/src/server/handler/subsonic/stream.go:366.13,367.21 1 0
github.com/local/cassonic/src/server/handler/subsonic/stream.go:368.14,369.34 1 0
github.com/local/cassonic/src/server/handler/subsonic/stream.go:370.13,371.21 1 0
github.com/local/cassonic/src/server/handler/subsonic/stream.go:372.14,373.22 1 0
github.com/local/cassonic/src/server/handler/subsonic/stream.go:374.10,375.22 1 0
github.com/local/cassonic/src/server/handler/subsonic/subsonic.go:38.12,47.2 1 0
github.com/local/cassonic/src/server/handler/subsonic/subsonic.go:50.61,52.2 1 0
github.com/local/cassonic/src/server/handler/subsonic/subsonic.go:56.41,66.2 6 0
github.com/local/cassonic/src/server/handler/subsonic/subsonic.go:69.72,73.2 3 0
github.com/local/cassonic/src/server/handler/subsonic/subsonic.go:76.68,79.2 2 0
github.com/local/cassonic/src/server/handler/subsonic/subsonic.go:82.80,83.16 1 0
github.com/local/cassonic/src/server/handler/subsonic/subsonic.go:85.14,86.15 1 0
github.com/local/cassonic/src/server/handler/subsonic/subsonic.go:87.20,88.21 1 0
github.com/local/cassonic/src/server/handler/subsonic/subsonic.go:89.35,90.36 1 0
github.com/local/cassonic/src/server/handler/subsonic/subsonic.go:91.23,92.24 1 0
github.com/local/cassonic/src/server/handler/subsonic/subsonic.go:93.19,94.20 1 0
github.com/local/cassonic/src/server/handler/subsonic/subsonic.go:95.17,96.18 1 0
github.com/local/cassonic/src/server/handler/subsonic/subsonic.go:97.18,98.19 1 0
github.com/local/cassonic/src/server/handler/subsonic/subsonic.go:99.20,100.21 1 0
github.com/local/cassonic/src/server/handler/subsonic/subsonic.go:101.20,102.21 1 0
github.com/local/cassonic/src/server/handler/subsonic/subsonic.go:103.20,104.21 1 0
github.com/local/cassonic/src/server/handler/subsonic/subsonic.go:105.24,106.25 1 0
github.com/local/cassonic/src/server/handler/subsonic/subsonic.go:109.25,110.26 1 0
github.com/local/cassonic/src/server/handler/subsonic/subsonic.go:111.20,112.21 1 0
github.com/local/cassonic/src/server/handler/subsonic/subsonic.go:113.27,114.28 1 0
github.com/local/cassonic/src/server/handler/subsonic/subsonic.go:115.19,116.20 1 0
github.com/local/cassonic/src/server/handler/subsonic/subsonic.go:117.20,118.21 1 0
github.com/local/cassonic/src/server/handler/subsonic/subsonic.go:119.19,120.20 1 0
github.com/local/cassonic/src/server/handler/subsonic/subsonic.go:121.18,122.19 1 0
github.com/local/cassonic/src/server/handler/subsonic/subsonic.go:123.17,124.18 1 0
github.com/local/cassonic/src/server/handler/subsonic/subsonic.go:125.22,126.23 1 0
github.com/local/cassonic/src/server/handler/subsonic/subsonic.go:127.23,128.24 1 0
github.com/local/cassonic/src/server/handler/subsonic/subsonic.go:129.24,130.25 1 0
github.com/local/cassonic/src/server/handler/subsonic/subsonic.go:131.25,132.26 1 0
github.com/local/cassonic/src/server/handler/subsonic/subsonic.go:133.20,134.21 1 0
github.com/local/cassonic/src/server/handler/subsonic/subsonic.go:135.21,136.22 1 0
github.com/local/cassonic/src/server/handler/subsonic/subsonic.go:137.23,138.24 1 0
github.com/local/cassonic/src/server/handler/subsonic/subsonic.go:139.19,140.20 1 0
github.com/local/cassonic/src/server/handler/subsonic/subsonic.go:141.22,142.23 1 0
github.com/local/cassonic/src/server/handler/subsonic/subsonic.go:143.23,144.24 1 0
github.com/local/cassonic/src/server/handler/subsonic/subsonic.go:145.24,146.25 1 0
github.com/local/cassonic/src/server/handler/subsonic/subsonic.go:147.22,148.23 1 0
github.com/local/cassonic/src/server/handler/subsonic/subsonic.go:149.23,150.24 1 0
github.com/local/cassonic/src/server/handler/subsonic/subsonic.go:151.25,152.26 1 0
github.com/local/cassonic/src/server/handler/subsonic/subsonic.go:153.26,154.27 1 0
github.com/local/cassonic/src/server/handler/subsonic/subsonic.go:155.21,156.22 1 0
github.com/local/cassonic/src/server/handler/subsonic/subsonic.go:159.16,160.17 1 0
github.com/local/cassonic/src/server/handler/subsonic/subsonic.go:161.18,162.19 1 0
github.com/local/cassonic/src/server/handler/subsonic/subsonic.go:163.13,164.14 1 0
github.com/local/cassonic/src/server/handler/subsonic/subsonic.go:165.21,166.22 1 0
github.com/local/cassonic/src/server/handler/subsonic/subsonic.go:167.19,168.20 1 0
github.com/local/cassonic/src/server/handler/subsonic/subsonic.go:169.19,170.20 1 0
github.com/local/cassonic/src/server/handler/subsonic/subsonic.go:171.21,172.22 1 0
github.com/local/cassonic/src/server/handler/subsonic/subsonic.go:175.22,176.23 1 0
github.com/local/cassonic/src/server/handler/subsonic/subsonic.go:177.21,178.22 1 0
github.com/local/cassonic/src/server/handler/subsonic/subsonic.go:179.24,180.25 1 0
github.com/local/cassonic/src/server/handler/subsonic/subsonic.go:181.24,182.25 1 0
github.com/local/cassonic/src/server/handler/subsonic/subsonic.go:183.24,184.25 1 0
github.com/local/cassonic/src/server/handler/subsonic/subsonic.go:185.16,186.17 1 0
github.com/local/cassonic/src/server/handler/subsonic/subsonic.go:187.17,188.18 1 0
github.com/local/cassonic/src/server/handler/subsonic/subsonic.go:189.17,190.18 1 0
github.com/local/cassonic/src/server/handler/subsonic/subsonic.go:191.14,192.15 1 0
github.com/local/cassonic/src/server/handler/subsonic/subsonic.go:193.16,194.17 1 0
github.com/local/cassonic/src/server/handler/subsonic/subsonic.go:195.19,196.20 1 0
github.com/local/cassonic/src/server/handler/subsonic/subsonic.go:197.18,198.19 1 0
github.com/local/cassonic/src/server/handler/subsonic/subsonic.go:199.19,200.20 1 0
github.com/local/cassonic/src/server/handler/subsonic/subsonic.go:201.21,202.22 1 0
github.com/local/cassonic/src/server/handler/subsonic/subsonic.go:203.21,204.22 1 0
github.com/local/cassonic/src/server/handler/subsonic/subsonic.go:205.21,206.22 1 0
github.com/local/cassonic/src/server/handler/subsonic/subsonic.go:207.22,208.23 1 0
github.com/local/cassonic/src/server/handler/subsonic/subsonic.go:209.24,210.25 1 0
github.com/local/cassonic/src/server/handler/subsonic/subsonic.go:211.24,212.25 1 0
github.com/local/cassonic/src/server/handler/subsonic/subsonic.go:213.22,214.23 1 0
github.com/local/cassonic/src/server/handler/subsonic/subsonic.go:215.23,216.24 1 0
github.com/local/cassonic/src/server/handler/subsonic/subsonic.go:217.25,218.26 1 0
github.com/local/cassonic/src/server/handler/subsonic/subsonic.go:219.24,220.25 1 0
github.com/local/cassonic/src/server/handler/subsonic/subsonic.go:223.21,224.22 1 0
github.com/local/cassonic/src/server/handler/subsonic/subsonic.go:225.27,226.28 1 0
github.com/local/cassonic/src/server/handler/subsonic/subsonic.go:227.25,228.26 1 0
github.com/local/cassonic/src/server/handler/subsonic/subsonic.go:229.30,230.31 1 0
github.com/local/cassonic/src/server/handler/subsonic/subsonic.go:231.30,232.31 1 0
github.com/local/cassonic/src/server/handler/subsonic/subsonic.go:233.30,234.31 1 0
github.com/local/cassonic/src/server/handler/subsonic/subsonic.go:235.32,236.33 1 0
github.com/local/cassonic/src/server/handler/subsonic/subsonic.go:239.34,240.35 1 0
github.com/local/cassonic/src/server/handler/subsonic/subsonic.go:241.36,242.37 1 0
github.com/local/cassonic/src/server/handler/subsonic/subsonic.go:243.36,244.37 1 0
github.com/local/cassonic/src/server/handler/subsonic/subsonic.go:245.36,246.37 1 0
github.com/local/cassonic/src/server/handler/subsonic/subsonic.go:249.24,250.25 1 0
github.com/local/cassonic/src/server/handler/subsonic/subsonic.go:252.10,253.65 1 0
github.com/local/cassonic/src/server/handler/subsonic/system.go:14.64,16.2 1 1
github.com/local/cassonic/src/server/handler/subsonic/system.go:19.70,20.48 1 1
github.com/local/cassonic/src/server/handler/subsonic/system.go:20.48,26.3 1 1
github.com/local/cassonic/src/server/handler/subsonic/system.go:30.73,32.16 2 1
github.com/local/cassonic/src/server/handler/subsonic/system.go:32.16,35.3 2 1
github.com/local/cassonic/src/server/handler/subsonic/system.go:37.2,39.19 3 1
github.com/local/cassonic/src/server/handler/subsonic/system.go:39.19,42.3 2 1
github.com/local/cassonic/src/server/handler/subsonic/system.go:44.2,44.48 1 1
github.com/local/cassonic/src/server/handler/subsonic/system.go:44.48,49.3 1 1
github.com/local/cassonic/src/server/handler/subsonic/system.go:53.69,54.12 1 0
github.com/local/cassonic/src/server/handler/subsonic/system.go:54.12,56.3 1 0
github.com/local/cassonic/src/server/handler/subsonic/system.go:58.2,58.48 1 0
github.com/local/cassonic/src/server/handler/subsonic/system.go:58.48,63.3 1 0
github.com/local/cassonic/src/server/handler/subsonic/system.go:68.67,70.21 2 1
github.com/local/cassonic/src/server/handler/subsonic/system.go:70.21,73.3 2 1
github.com/local/cassonic/src/server/handler/subsonic/system.go:75.2,76.20 2 1
github.com/local/cassonic/src/server/handler/subsonic/system.go:76.20,79.3 2 1
github.com/local/cassonic/src/server/handler/subsonic/system.go:81.2,81.56 1 1
github.com/local/cassonic/src/server/handler/subsonic/system.go:81.56,84.3 2 1
github.com/local/cassonic/src/server/handler/subsonic/system.go:86.2,87.28 2 0
github.com/local/cassonic/src/server/handler/subsonic/system.go:87.28,90.3 2 0
github.com/local/cassonic/src/server/handler/subsonic/system.go:92.2,92.48 1 0
github.com/local/cassonic/src/server/handler/subsonic/system.go:92.48,94.3 1 0
github.com/local/cassonic/src/server/handler/subsonic/system.go:98.68,100.21 2 1
github.com/local/cassonic/src/server/handler/subsonic/system.go:100.21,103.3 2 1
github.com/local/cassonic/src/server/handler/subsonic/system.go:104.2,104.23 1 1
github.com/local/cassonic/src/server/handler/subsonic/system.go:104.23,107.3 2 1
github.com/local/cassonic/src/server/handler/subsonic/system.go:109.2,110.16 2 0
github.com/local/cassonic/src/server/handler/subsonic/system.go:110.16,113.3 2 0
github.com/local/cassonic/src/server/handler/subsonic/system.go:115.2,116.26 2 0
github.com/local/cassonic/src/server/handler/subsonic/system.go:116.26,118.3 1 0
github.com/local/cassonic/src/server/handler/subsonic/system.go:120.2,120.48 1 0
github.com/local/cassonic/src/server/handler/subsonic/system.go:120.48,122.3 1 0
github.com/local/cassonic/src/server/handler/subsonic/system.go:126.70,128.21 2 0
github.com/local/cassonic/src/server/handler/subsonic/system.go:128.21,131.3 2 0
github.com/local/cassonic/src/server/handler/subsonic/system.go:132.2,132.23 1 0
github.com/local/cassonic/src/server/handler/subsonic/system.go:132.23,135.3 2 0
github.com/local/cassonic/src/server/handler/subsonic/system.go:137.2,142.20 5 0
github.com/local/cassonic/src/server/handler/subsonic/system.go:142.20,145.3 2 0
github.com/local/cassonic/src/server/handler/subsonic/system.go:146.2,146.20 1 0
github.com/local/cassonic/src/server/handler/subsonic/system.go:146.20,149.3 2 0
github.com/local/cassonic/src/server/handler/subsonic/system.go:151.2,152.16 2 0
github.com/local/cassonic/src/server/handler/subsonic/system.go:152.16,155.3 2 0
github.com/local/cassonic/src/server/handler/subsonic/system.go:157.2,172.16 3 0
github.com/local/cassonic/src/server/handler/subsonic/system.go:172.16,175.3 2 0
github.com/local/cassonic/src/server/handler/subsonic/system.go:177.2,177.24 1 0
github.com/local/cassonic/src/server/handler/subsonic/system.go:181.70,183.21 2 0
github.com/local/cassonic/src/server/handler/subsonic/system.go:183.21,186.3 2 0
github.com/local/cassonic/src/server/handler/subsonic/system.go:187.2,187.23 1 0
github.com/local/cassonic/src/server/handler/subsonic/system.go:187.23,190.3 2 0
github.com/local/cassonic/src/server/handler/subsonic/system.go:192.2,194.20 3 0
github.com/local/cassonic/src/server/handler/subsonic/system.go:194.20,197.3 2 0
github.com/local/cassonic/src/server/handler/subsonic/system.go:199.2,200.28 2 0
github.com/local/cassonic/src/server/handler/subsonic/system.go:200.28,203.3 2 0
github.com/local/cassonic/src/server/handler/subsonic/system.go:205.2,205.34 1 0
github.com/local/cassonic/src/server/handler/subsonic/system.go:205.34,207.3 1 0
github.com/local/cassonic/src/server/handler/subsonic/system.go:208.2,208.38 1 0
github.com/local/cassonic/src/server/handler/subsonic/system.go:208.38,210.3 1 0
github.com/local/cassonic/src/server/handler/subsonic/system.go:211.2,211.41 1 0
github.com/local/cassonic/src/server/handler/subsonic/system.go:211.41,213.3 1 0
github.com/local/cassonic/src/server/handler/subsonic/system.go:214.2,214.39 1 0
github.com/local/cassonic/src/server/handler/subsonic/system.go:214.39,216.3 1 0
github.com/local/cassonic/src/server/handler/subsonic/system.go:217.2,217.38 1 0
github.com/local/cassonic/src/server/handler/subsonic/system.go:217.38,219.3 1 0
github.com/local/cassonic/src/server/handler/subsonic/system.go:220.2,220.41 1 0
github.com/local/cassonic/src/server/handler/subsonic/system.go:220.41,222.3 1 0
github.com/local/cassonic/src/server/handler/subsonic/system.go:223.2,223.40 1 0
github.com/local/cassonic/src/server/handler/subsonic/system.go:223.40,225.3 1 0
github.com/local/cassonic/src/server/handler/subsonic/system.go:226.2,226.40 1 0
github.com/local/cassonic/src/server/handler/subsonic/system.go:226.40,228.3 1 0
github.com/local/cassonic/src/server/handler/subsonic/system.go:230.2,232.62 2 0
github.com/local/cassonic/src/server/handler/subsonic/system.go:232.62,235.3 2 0
github.com/local/cassonic/src/server/handler/subsonic/system.go:237.2,237.24 1 0
github.com/local/cassonic/src/server/handler/subsonic/system.go:241.70,243.21 2 0
github.com/local/cassonic/src/server/handler/subsonic/system.go:243.21,246.3 2 0
github.com/local/cassonic/src/server/handler/subsonic/system.go:247.2,247.23 1 0
github.com/local/cassonic/src/server/handler/subsonic/system.go:247.23,250.3 2 0
github.com/local/cassonic/src/server/handler/subsonic/system.go:252.2,253.20 2 0
github.com/local/cassonic/src/server/handler/subsonic/system.go:253.20,256.3 2 0
github.com/local/cassonic/src/server/handler/subsonic/system.go:258.2,259.28 2 0
github.com/local/cassonic/src/server/handler/subsonic/system.go:259.28,262.3 2 0
github.com/local/cassonic/src/server/handler/subsonic/system.go:264.2,264.65 1 0
github.com/local/cassonic/src/server/handler/subsonic/system.go:264.65,267.3 2 0
github.com/local/cassonic/src/server/handler/subsonic/system.go:269.2,269.24 1 0
github.com/local/cassonic/src/server/handler/subsonic/system.go:274.74,276.21 2 0
github.com/local/cassonic/src/server/handler/subsonic/system.go:276.21,279.3 2 0
github.com/local/cassonic/src/server/handler/subsonic/system.go:281.2,285.20 4 0
github.com/local/cassonic/src/server/handler/subsonic/system.go:285.20,288.3 2 0
github.com/local/cassonic/src/server/handler/subsonic/system.go:289.2,289.20 1 0
github.com/local/cassonic/src/server/handler/subsonic/system.go:289.20,292.3 2 0
github.com/local/cassonic/src/server/handler/subsonic/system.go:294.2,294.56 1 0
github.com/local/cassonic/src/server/handler/subsonic/system.go:294.56,297.3 2 0
github.com/local/cassonic/src/server/handler/subsonic/system.go:299.2,300.28 2 0
github.com/local/cassonic/src/server/handler/subsonic/system.go:300.28,303.3 2 0
github.com/local/cassonic/src/server/handler/subsonic/system.go:305.2,306.16 2 0
github.com/local/cassonic/src/server/handler/subsonic/system.go:306.16,309.3 2 0
github.com/local/cassonic/src/server/handler/subsonic/system.go:311.2,314.62 3 0
github.com/local/cassonic/src/server/handler/subsonic/system.go:314.62,317.3 2 0
github.com/local/cassonic/src/server/handler/subsonic/system.go:319.2,319.24 1 0
github.com/local/cassonic/src/server/handler/subsonic/system.go:323.47,342.2 1 0
github.com/local/cassonic/src/server/handler/subsonic/system.go:346.85,347.48 1 0
github.com/local/cassonic/src/server/handler/subsonic/system.go:347.48,355.3 1 0
github.com/local/cassonic/src/server/handler/subsonic/system.go:359.36,360.47 1 1
github.com/local/cassonic/src/server/handler/subsonic/system.go:361.53,362.14 1 1
github.com/local/cassonic/src/server/handler/subsonic/system.go:364.2,364.14 1 1
github.com/local/cassonic/src/server/middleware/auth.go:21.67,23.2 1 1
github.com/local/cassonic/src/server/middleware/auth.go:44.53,47.2 2 0
github.com/local/cassonic/src/server/middleware/auth.go:50.65,52.2 1 0
github.com/local/cassonic/src/server/middleware/auth.go:55.52,56.46 1 0
github.com/local/cassonic/src/server/middleware/auth.go:56.46,57.72 1 0
github.com/local/cassonic/src/server/middleware/auth.go:57.72,58.43 1 0
github.com/local/cassonic/src/server/middleware/auth.go:58.43,62.5 3 0
github.com/local/cassonic/src/server/middleware/auth.go:63.4,63.24 1 0
github.com/local/cassonic/src/server/middleware/auth.go:70.53,71.46 1 0
github.com/local/cassonic/src/server/middleware/auth.go:71.46,72.72 1 0
github.com/local/cassonic/src/server/middleware/auth.go:72.72,74.16 2 0
github.com/local/cassonic/src/server/middleware/auth.go:74.16,78.5 3 0
github.com/local/cassonic/src/server/middleware/auth.go:79.4,79.18 1 0
github.com/local/cassonic/src/server/middleware/auth.go:79.18,82.5 2 0
github.com/local/cassonic/src/server/middleware/auth.go:83.4,83.24 1 0
github.com/local/cassonic/src/server/middleware/auth.go:90.60,93.2 2 0
github.com/local/cassonic/src/server/middleware/auth.go:97.45,98.46 1 0
github.com/local/cassonic/src/server/middleware/auth.go:98.46,99.72 1 0
github.com/local/cassonic/src/server/middleware/auth.go:99.72,104.38 4 0
github.com/local/cassonic/src/server/middleware/auth.go:104.38,107.5 2 0
github.com/local/cassonic/src/server/middleware/auth.go:109.4,109.24 1 0
github.com/local/cassonic/src/server/middleware/auth_ampache.go:41.69,46.2 1 1
github.com/local/cassonic/src/server/middleware/auth_ampache.go:50.59,66.2 8 1
github.com/local/cassonic/src/server/middleware/auth_ampache.go:70.65,75.9 4 1
github.com/local/cassonic/src/server/middleware/auth_ampache.go:75.9,77.3 1 1
github.com/local/cassonic/src/server/middleware/auth_ampache.go:78.2,78.38 1 1
github.com/local/cassonic/src/server/middleware/auth_ampache.go:78.38,83.3 4 1
github.com/local/cassonic/src/server/middleware/auth_ampache.go:84.2,84.16 1 1
github.com/local/cassonic/src/server/middleware/auth_ampache.go:88.52,92.2 3 1
github.com/local/cassonic/src/server/middleware/auth_ampache.go:96.71,98.42 2 1
github.com/local/cassonic/src/server/middleware/auth_ampache.go:98.42,100.3 1 1
github.com/local/cassonic/src/server/middleware/auth_ampache.go:101.2,101.15 1 1
github.com/local/cassonic/src/server/middleware/auth_ampache.go:105.41,108.41 3 1
github.com/local/cassonic/src/server/middleware/auth_ampache.go:108.41,109.32 1 1
github.com/local/cassonic/src/server/middleware/auth_ampache.go:109.32,111.4 1 1
github.com/local/cassonic/src/server/middleware/auth_ampache.go:113.2,113.15 1 1
github.com/local/cassonic/src/server/middleware/auth_ampache.go:120.104,121.46 1 0
github.com/local/cassonic/src/server/middleware/auth_ampache.go:121.46,122.72 1 0
github.com/local/cassonic/src/server/middleware/auth_ampache.go:122.72,124.19 2 0
github.com/local/cassonic/src/server/middleware/auth_ampache.go:124.19,127.5 2 0
github.com/local/cassonic/src/server/middleware/auth_ampache.go:129.4,130.22 2 0
github.com/local/cassonic/src/server/middleware/auth_ampache.go:130.22,133.5 2 0
github.com/local/cassonic/src/server/middleware/auth_ampache.go:135.4,138.33 3 0
github.com/local/cassonic/src/server/middleware/auth_ampache.go:138.33,141.5 2 0
github.com/local/cassonic/src/server/middleware/auth_ampache.go:143.4,143.42 1 0
github.com/local/cassonic/src/server/middleware/auth_ampache.go:143.42,146.5 2 0
github.com/local/cassonic/src/server/middleware/auth_ampache.go:148.4,156.41 3 0
github.com/local/cassonic/src/server/middleware/auth_ampache.go:176.24,178.16 2 1
github.com/local/cassonic/src/server/middleware/auth_ampache.go:178.16,180.3 1 1
github.com/local/cassonic/src/server/middleware/auth_ampache.go:182.2,183.15 2 1
github.com/local/cassonic/src/server/middleware/auth_ampache.go:183.15,185.3 1 1
github.com/local/cassonic/src/server/middleware/auth_ampache.go:186.2,186.36 1 1
github.com/local/cassonic/src/server/middleware/auth_ampache.go:186.36,188.3 1 1
github.com/local/cassonic/src/server/middleware/auth_ampache.go:190.2,191.31 2 1
github.com/local/cassonic/src/server/middleware/auth_ampache.go:191.31,193.3 1 1
github.com/local/cassonic/src/server/middleware/auth_ampache.go:195.2,195.40 1 1
github.com/local/cassonic/src/server/middleware/auth_ampache.go:195.40,197.3 1 1
github.com/local/cassonic/src/server/middleware/auth_ampache.go:199.2,200.32 2 1
github.com/local/cassonic/src/server/middleware/auth_ampache.go:200.32,202.3 1 1
github.com/local/cassonic/src/server/middleware/auth_ampache.go:205.2,205.63 1 1
github.com/local/cassonic/src/server/middleware/auth_ampache.go:205.63,207.3 1 1
github.com/local/cassonic/src/server/middleware/auth_ampache.go:208.2,208.60 1 1
github.com/local/cassonic/src/server/middleware/auth_ampache.go:208.60,210.3 1 1
github.com/local/cassonic/src/server/middleware/auth_ampache.go:212.2,212.46 1 1
github.com/local/cassonic/src/server/middleware/auth_ampache.go:217.71,223.2 5 1
github.com/local/cassonic/src/server/middleware/auth_ampache.go:227.68,233.2 5 1
github.com/local/cassonic/src/server/middleware/auth_native.go:18.72,19.46 1 0
github.com/local/cassonic/src/server/middleware/auth_native.go:19.46,20.72 1 0
github.com/local/cassonic/src/server/middleware/auth_native.go:20.72,22.19 2 0
github.com/local/cassonic/src/server/middleware/auth_native.go:22.19,25.5 2 0
github.com/local/cassonic/src/server/middleware/auth_native.go:27.4,34.36 5 0
github.com/local/cassonic/src/server/middleware/auth_native.go:34.36,35.28 1 0
github.com/local/cassonic/src/server/middleware/auth_native.go:35.28,40.6 3 0
github.com/local/cassonic/src/server/middleware/auth_native.go:42.5,43.34 2 0
github.com/local/cassonic/src/server/middleware/auth_native.go:43.34,46.6 2 0
github.com/local/cassonic/src/server/middleware/auth_native.go:48.5,48.43 1 0
github.com/local/cassonic/src/server/middleware/auth_native.go:48.43,52.6 3 0
github.com/local/cassonic/src/server/middleware/auth_native.go:54.5,63.11 4 0
github.com/local/cassonic/src/server/middleware/auth_native.go:67.4,68.37 2 0
github.com/local/cassonic/src/server/middleware/auth_native.go:68.37,71.5 2 0
github.com/local/cassonic/src/server/middleware/auth_native.go:73.4,73.28 1 0
github.com/local/cassonic/src/server/middleware/auth_native.go:73.28,76.5 2 0
github.com/local/cassonic/src/server/middleware/auth_native.go:78.4,79.33 2 0
github.com/local/cassonic/src/server/middleware/auth_native.go:79.33,82.5 2 0
github.com/local/cassonic/src/server/middleware/auth_native.go:84.4,84.42 1 0
github.com/local/cassonic/src/server/middleware/auth_native.go:84.42,88.5 3 0
github.com/local/cassonic/src/server/middleware/auth_native.go:90.4,98.41 3 0
github.com/local/cassonic/src/server/middleware/auth_native.go:107.49,109.22 2 0
github.com/local/cassonic/src/server/middleware/auth_native.go:109.22,111.91 2 0
github.com/local/cassonic/src/server/middleware/auth_native.go:111.91,113.23 2 0
github.com/local/cassonic/src/server/middleware/auth_native.go:113.23,118.55 3 0
github.com/local/cassonic/src/server/middleware/auth_native.go:118.55,120.6 1 0
github.com/local/cassonic/src/server/middleware/auth_native.go:125.2,125.46 1 0
github.com/local/cassonic/src/server/middleware/auth_native.go:125.46,127.3 1 0
github.com/local/cassonic/src/server/middleware/auth_native.go:129.2,129.11 1 0
github.com/local/cassonic/src/server/middleware/auth_subsonic.go:71.35,72.46 1 0
github.com/local/cassonic/src/server/middleware/auth_subsonic.go:72.46,73.72 1 0
github.com/local/cassonic/src/server/middleware/auth_subsonic.go:73.72,78.22 3 0
github.com/local/cassonic/src/server/middleware/auth_subsonic.go:78.22,81.5 2 0
github.com/local/cassonic/src/server/middleware/auth_subsonic.go:83.4,92.33 8 0
github.com/local/cassonic/src/server/middleware/auth_subsonic.go:92.33,95.5 2 0
github.com/local/cassonic/src/server/middleware/auth_subsonic.go:97.4,97.42 1 0
github.com/local/cassonic/src/server/middleware/auth_subsonic.go:97.42,100.5 2 0
github.com/local/cassonic/src/server/middleware/auth_subsonic.go:102.4,104.11 2 0
github.com/local/cassonic/src/server/middleware/auth_subsonic.go:106.45,108.34 2 0
github.com/local/cassonic/src/server/middleware/auth_subsonic.go:108.34,112.6 2 0
github.com/local/cassonic/src/server/middleware/auth_subsonic.go:113.5,114.90 2 0
github.com/local/cassonic/src/server/middleware/auth_subsonic.go:117.25,119.19 2 0
github.com/local/cassonic/src/server/middleware/auth_subsonic.go:119.19,122.6 2 0
github.com/local/cassonic/src/server/middleware/auth_subsonic.go:123.5,124.19 2 0
github.com/local/cassonic/src/server/middleware/auth_subsonic.go:124.19,127.6 2 0
github.com/local/cassonic/src/server/middleware/auth_subsonic.go:129.12,131.11 2 0
github.com/local/cassonic/src/server/middleware/auth_subsonic.go:134.4,134.22 1 0
github.com/local/cassonic/src/server/middleware/auth_subsonic.go:134.22,137.5 2 0
github.com/local/cassonic/src/server/middleware/auth_subsonic.go:139.4,149.41 4 0
github.com/local/cassonic/src/server/middleware/auth_subsonic.go:156.55,158.37 2 0
github.com/local/cassonic/src/server/middleware/auth_subsonic.go:158.37,160.17 2 0
github.com/local/cassonic/src/server/middleware/auth_subsonic.go:160.17,162.4 1 0
github.com/local/cassonic/src/server/middleware/auth_subsonic.go:163.3,163.26 1 0
github.com/local/cassonic/src/server/middleware/auth_subsonic.go:165.2,165.15 1 0
github.com/local/cassonic/src/server/middleware/auth_subsonic.go:169.30,172.2 2 0
github.com/local/cassonic/src/server/middleware/auth_subsonic.go:176.59,179.47 2 0
github.com/local/cassonic/src/server/middleware/auth_subsonic.go:179.47,181.3 1 0
github.com/local/cassonic/src/server/middleware/auth_subsonic.go:183.2,187.16 5 0
github.com/local/cassonic/src/server/middleware/auth_subsonic.go:187.16,189.3 1 0
github.com/local/cassonic/src/server/middleware/auth_subsonic.go:191.2,192.16 2 0
github.com/local/cassonic/src/server/middleware/auth_subsonic.go:192.16,194.3 1 0
github.com/local/cassonic/src/server/middleware/auth_subsonic.go:196.2,197.16 2 0
github.com/local/cassonic/src/server/middleware/auth_subsonic.go:197.16,199.3 1 0
github.com/local/cassonic/src/server/middleware/auth_subsonic.go:201.2,203.19 3 0
github.com/local/cassonic/src/server/middleware/auth_subsonic.go:208.89,209.22 1 0
github.com/local/cassonic/src/server/middleware/auth_subsonic.go:209.22,219.3 9 0
github.com/local/cassonic/src/server/middleware/auth_subsonic.go:221.2,232.36 5 0
github.com/local/cassonic/src/server/middleware/middleware.go:25.54,28.2 2 1
github.com/local/cassonic/src/server/middleware/middleware.go:31.75,33.2 1 1
github.com/local/cassonic/src/server/middleware/middleware.go:36.30,43.2 5 1
github.com/local/cassonic/src/server/middleware/middleware.go:46.67,49.2 2 1
github.com/local/cassonic/src/server/middleware/middleware.go:52.50,53.46 1 1
github.com/local/cassonic/src/server/middleware/middleware.go:53.46,54.72 1 1
github.com/local/cassonic/src/server/middleware/middleware.go:54.72,56.16 2 1
github.com/local/cassonic/src/server/middleware/middleware.go:56.16,58.5 1 1
github.com/local/cassonic/src/server/middleware/middleware.go:59.4,62.41 4 1
github.com/local/cassonic/src/server/middleware/middleware.go:69.67,70.46 1 1
github.com/local/cassonic/src/server/middleware/middleware.go:70.46,71.72 1 1
github.com/local/cassonic/src/server/middleware/middleware.go:71.72,72.14 1 1
github.com/local/cassonic/src/server/middleware/middleware.go:72.14,83.16 7 1
github.com/local/cassonic/src/server/middleware/middleware.go:83.16,85.6 1 1
github.com/local/cassonic/src/server/middleware/middleware.go:87.4,87.24 1 1
github.com/local/cassonic/src/server/middleware/middleware.go:107.59,113.2 1 1
github.com/local/cassonic/src/server/middleware/middleware.go:116.47,122.9 5 1
github.com/local/cassonic/src/server/middleware/middleware.go:122.9,125.3 2 1
github.com/local/cassonic/src/server/middleware/middleware.go:127.2,129.34 3 1
github.com/local/cassonic/src/server/middleware/middleware.go:129.34,131.3 1 0
github.com/local/cassonic/src/server/middleware/middleware.go:132.2,134.18 2 1
github.com/local/cassonic/src/server/middleware/middleware.go:134.18,136.3 1 1
github.com/local/cassonic/src/server/middleware/middleware.go:137.2,138.13 2 1
github.com/local/cassonic/src/server/middleware/middleware.go:142.34,147.33 4 0
github.com/local/cassonic/src/server/middleware/middleware.go:147.33,148.34 1 0
github.com/local/cassonic/src/server/middleware/middleware.go:148.34,150.4 1 0
github.com/local/cassonic/src/server/middleware/middleware.go:156.82,157.46 1 1
github.com/local/cassonic/src/server/middleware/middleware.go:157.46,158.72 1 1
github.com/local/cassonic/src/server/middleware/middleware.go:158.72,161.22 3 1
github.com/local/cassonic/src/server/middleware/middleware.go:161.22,167.5 5 1
github.com/local/cassonic/src/server/middleware/middleware.go:168.4,168.24 1 1
github.com/local/cassonic/src/server/middleware/middleware.go:180.48,182.29 2 0
github.com/local/cassonic/src/server/middleware/middleware.go:182.29,184.18 2 0
github.com/local/cassonic/src/server/middleware/middleware.go:184.18,185.12 1 0
github.com/local/cassonic/src/server/middleware/middleware.go:187.3,187.35 1 0
github.com/local/cassonic/src/server/middleware/middleware.go:187.35,189.18 2 0
github.com/local/cassonic/src/server/middleware/middleware.go:189.18,191.5 1 0
github.com/local/cassonic/src/server/middleware/middleware.go:192.9,194.17 2 0
github.com/local/cassonic/src/server/middleware/middleware.go:194.17,196.24 2 0
github.com/local/cassonic/src/server/middleware/middleware.go:196.24,198.6 1 0
github.com/local/cassonic/src/server/middleware/middleware.go:199.5,200.67 2 0
github.com/local/cassonic/src/server/middleware/middleware.go:204.2,204.13 1 0
github.com/local/cassonic/src/server/middleware/middleware.go:208.52,209.25 1 0
github.com/local/cassonic/src/server/middleware/middleware.go:209.25,210.21 1 0
github.com/local/cassonic/src/server/middleware/middleware.go:210.21,212.4 1 0
github.com/local/cassonic/src/server/middleware/middleware.go:214.2,214.14 1 0
github.com/local/cassonic/src/server/middleware/middleware.go:218.59,223.2 1 0
github.com/local/cassonic/src/server/middleware/middleware.go:229.65,230.46 1 0
github.com/local/cassonic/src/server/middleware/middleware.go:230.46,231.72 1 0
github.com/local/cassonic/src/server/middleware/middleware.go:231.72,235.28 3 0
github.com/local/cassonic/src/server/middleware/middleware.go:235.28,236.50 1 0
github.com/local/cassonic/src/server/middleware/middleware.go:236.50,239.6 2 0
github.com/local/cassonic/src/server/middleware/middleware.go:240.5,241.11 2 0
github.com/local/cassonic/src/server/middleware/middleware.go:244.4,244.72 1 0
github.com/local/cassonic/src/server/middleware/middleware.go:244.72,247.5 2 0
github.com/local/cassonic/src/server/middleware/middleware.go:249.4,249.24 1 0
github.com/local/cassonic/src/server/middleware/middleware.go:256.40,257.55 1 1
github.com/local/cassonic/src/server/middleware/middleware.go:257.55,259.64 2 1
github.com/local/cassonic/src/server/middleware/middleware.go:259.64,261.4 1 1
github.com/local/cassonic/src/server/middleware/middleware.go:263.2,263.49 1 1
github.com/local/cassonic/src/server/middleware/middleware.go:263.49,265.3 1 1
github.com/local/cassonic/src/server/middleware/middleware.go:266.2,267.16 2 1
github.com/local/cassonic/src/server/middleware/middleware.go:267.16,269.3 1 0
github.com/local/cassonic/src/server/middleware/middleware.go:270.2,270.13 1 1
github.com/local/cassonic/src/server/middleware/middleware.go:284.41,286.16 2 1
github.com/local/cassonic/src/server/middleware/middleware.go:286.16,287.64 1 0
github.com/local/cassonic/src/server/middleware/middleware.go:289.2,289.10 1 1
github.com/local/cassonic/src/server/middleware/middleware.go:293.34,294.28 1 0
github.com/local/cassonic/src/server/middleware/middleware.go:294.28,295.21 1 0
github.com/local/cassonic/src/server/middleware/middleware.go:295.21,297.4 1 0
github.com/local/cassonic/src/server/middleware/middleware.go:299.2,299.14 1 0
github.com/local/cassonic/src/server/middleware/middleware.go:306.104,307.46 1 1
github.com/local/cassonic/src/server/middleware/middleware.go:307.46,308.72 1 1
github.com/local/cassonic/src/server/middleware/middleware.go:308.72,309.74 1 1
github.com/local/cassonic/src/server/middleware/middleware.go:309.74,312.5 2 1
github.com/local/cassonic/src/server/middleware/middleware.go:314.4,317.36 3 0
github.com/local/cassonic/src/server/middleware/middleware.go:317.36,320.5 2 0
github.com/local/cassonic/src/server/middleware/middleware.go:322.4,323.32 2 0
github.com/local/cassonic/src/server/middleware/middleware.go:323.32,326.5 2 0
github.com/local/cassonic/src/server/middleware/middleware.go:328.4,330.31 2 0
github.com/local/cassonic/src/server/middleware/middleware.go:330.31,331.38 1 0
github.com/local/cassonic/src/server/middleware/middleware.go:331.38,332.36 1 0
github.com/local/cassonic/src/server/middleware/middleware.go:332.36,335.7 2 0
github.com/local/cassonic/src/server/middleware/middleware.go:337.5,338.11 2 0
github.com/local/cassonic/src/server/middleware/middleware.go:341.4,341.36 1 0
github.com/local/cassonic/src/server/middleware/middleware.go:341.36,342.35 1 0
github.com/local/cassonic/src/server/middleware/middleware.go:342.35,345.6 2 0
github.com/local/cassonic/src/server/middleware/middleware.go:348.4,348.24 1 0
github.com/local/cassonic/src/server/middleware/middleware.go:354.39,362.2 3 0
github.com/local/cassonic/src/server/middleware/middleware.go:366.58,367.14 1 1
github.com/local/cassonic/src/server/middleware/middleware.go:367.14,369.3 1 1
github.com/local/cassonic/src/server/middleware/middleware.go:370.2,370.46 1 1
github.com/local/cassonic/src/server/middleware/middleware.go:370.46,371.73 1 1
github.com/local/cassonic/src/server/middleware/middleware.go:371.73,385.4 6 1
github.com/local/cassonic/src/server/middleware/middleware.go:390.45,393.2 2 1
github.com/local/cassonic/src/server/middleware/middleware.go:398.45,400.37 2 1
github.com/local/cassonic/src/server/middleware/middleware.go:400.37,402.3 1 1
github.com/local/cassonic/src/server/middleware/middleware.go:404.2,407.50 3 1
github.com/local/cassonic/src/server/middleware/middleware.go:407.50,412.48 4 1
github.com/local/cassonic/src/server/middleware/middleware.go:412.48,414.59 2 1
github.com/local/cassonic/src/server/middleware/middleware.go:414.59,416.39 2 1
github.com/local/cassonic/src/server/middleware/middleware.go:416.39,417.87 1 1
github.com/local/cassonic/src/server/middleware/middleware.go:417.87,419.7 1 1
github.com/local/cassonic/src/server/middleware/middleware.go:424.3,424.17 1 1
github.com/local/cassonic/src/server/middleware/middleware.go:424.17,425.12 1 1
github.com/local/cassonic/src/server/middleware/middleware.go:428.3,428.15 1 1
github.com/local/cassonic/src/server/middleware/middleware.go:429.21,431.13 2 1
github.com/local/cassonic/src/server/middleware/middleware.go:432.45,434.13 2 1
github.com/local/cassonic/src/server/middleware/middleware.go:435.27,437.13 2 1
github.com/local/cassonic/src/server/middleware/middleware.go:438.14,439.17 1 0
github.com/local/cassonic/src/server/middleware/middleware.go:439.17,442.5 2 0
github.com/local/cassonic/src/server/middleware/middleware.go:446.2,446.16 1 1
github.com/local/cassonic/src/server/middleware/middleware.go:446.16,448.3 1 0
github.com/local/cassonic/src/server/middleware/middleware.go:449.2,449.13 1 1
github.com/local/cassonic/src/server/model/scrobble.go:23.40,24.11 1 1
github.com/local/cassonic/src/server/model/scrobble.go:25.69,26.24 1 1
github.com/local/cassonic/src/server/model/scrobble.go:27.10,28.18 1 1
github.com/local/cassonic/src/server/model/scrobble.go:34.39,35.11 1 1
github.com/local/cassonic/src/server/model/scrobble.go:36.21,37.46 1 1
github.com/local/cassonic/src/server/model/scrobble.go:38.22,39.33 1 1
github.com/local/cassonic/src/server/model/scrobble.go:40.20,41.46 1 1
github.com/local/cassonic/src/server/model/scrobble.go:42.27,43.40 1 1
github.com/local/cassonic/src/server/model/scrobble.go:44.10,45.12 1 1
github.com/local/cassonic/src/server/model/share.go:25.34,26.26 1 1
github.com/local/cassonic/src/server/model/share.go:26.26,28.3 1 1
github.com/local/cassonic/src/server/model/share.go:29.2,29.38 1 1
github.com/local/cassonic/src/server/model/share.go:33.36,35.2 1 1
github.com/local/cassonic/src/server/model/user.go:42.32,43.28 1 1
github.com/local/cassonic/src/server/model/user.go:43.28,45.3 1 1
github.com/local/cassonic/src/server/model/user.go:46.2,46.41 1 1
github.com/local/cassonic/src/server/model/user.go:63.37,64.26 1 1
github.com/local/cassonic/src/server/model/user.go:64.26,66.3 1 1
github.com/local/cassonic/src/server/model/user.go:67.2,67.38 1 1
github.com/local/cassonic/src/common/i18n/embed.go:9.24,11.54 2 1
github.com/local/cassonic/src/common/i18n/embed.go:11.54,12.55 1 0
github.com/local/cassonic/src/common/i18n/embed.go:14.2,14.10 1 1
github.com/local/cassonic/src/common/i18n/i18n.go:26.20,31.2 1 1
github.com/local/cassonic/src/common/i18n/i18n.go:35.41,37.16 2 1
github.com/local/cassonic/src/common/i18n/i18n.go:37.16,39.3 1 1
github.com/local/cassonic/src/common/i18n/i18n.go:40.2,40.32 1 1
github.com/local/cassonic/src/common/i18n/i18n.go:40.32,41.20 1 1
github.com/local/cassonic/src/common/i18n/i18n.go:41.20,42.12 1 0
github.com/local/cassonic/src/common/i18n/i18n.go:44.3,45.40 2 1
github.com/local/cassonic/src/common/i18n/i18n.go:45.40,46.12 1 1
github.com/local/cassonic/src/common/i18n/i18n.go:48.3,50.17 3 1
github.com/local/cassonic/src/common/i18n/i18n.go:50.17,52.4 1 0
github.com/local/cassonic/src/common/i18n/i18n.go:53.3,53.49 1 1
github.com/local/cassonic/src/common/i18n/i18n.go:53.49,55.4 1 0
github.com/local/cassonic/src/common/i18n/i18n.go:57.2,57.12 1 1
github.com/local/cassonic/src/common/i18n/i18n.go:62.55,64.16 2 1
github.com/local/cassonic/src/common/i18n/i18n.go:64.16,66.3 1 0
github.com/local/cassonic/src/common/i18n/i18n.go:67.2,67.32 1 1
github.com/local/cassonic/src/common/i18n/i18n.go:67.32,68.20 1 1
github.com/local/cassonic/src/common/i18n/i18n.go:68.20,69.12 1 0
github.com/local/cassonic/src/common/i18n/i18n.go:71.3,72.40 2 1
github.com/local/cassonic/src/common/i18n/i18n.go:72.40,73.12 1 0
github.com/local/cassonic/src/common/i18n/i18n.go:75.3,77.17 3 1
github.com/local/cassonic/src/common/i18n/i18n.go:77.17,79.4 1 0
github.com/local/cassonic/src/common/i18n/i18n.go:80.3,80.49 1 1
github.com/local/cassonic/src/common/i18n/i18n.go:80.49,82.4 1 0
github.com/local/cassonic/src/common/i18n/i18n.go:84.2,84.12 1 1
github.com/local/cassonic/src/common/i18n/i18n.go:88.60,90.55 2 1
github.com/local/cassonic/src/common/i18n/i18n.go:90.55,92.3 1 1
github.com/local/cassonic/src/common/i18n/i18n.go:93.2,94.16 2 1
github.com/local/cassonic/src/common/i18n/i18n.go:94.16,96.3 1 1
github.com/local/cassonic/src/common/i18n/i18n.go:97.2,102.12 2 1
github.com/local/cassonic/src/common/i18n/i18n.go:107.47,108.38 1 1
github.com/local/cassonic/src/common/i18n/i18n.go:108.38,109.38 1 1
github.com/local/cassonic/src/common/i18n/i18n.go:109.38,111.4 1 1
github.com/local/cassonic/src/common/i18n/i18n.go:113.2,113.41 1 1
github.com/local/cassonic/src/common/i18n/i18n.go:113.41,114.37 1 1
github.com/local/cassonic/src/common/i18n/i18n.go:114.37,116.4 1 1
github.com/local/cassonic/src/common/i18n/i18n.go:118.2,118.12 1 1
github.com/local/cassonic/src/common/i18n/i18n.go:122.61,124.2 1 1
github.com/local/cassonic/src/common/i18n/i18n.go:127.37,129.30 2 1
github.com/local/cassonic/src/common/i18n/i18n.go:129.30,131.3 1 1
github.com/local/cassonic/src/common/i18n/i18n.go:132.2,132.14 1 1
github.com/local/cassonic/src/common/cache/cache.go:24.36,25.26 1 1
github.com/local/cassonic/src/common/cache/cache.go:25.26,27.3 1 1
github.com/local/cassonic/src/common/cache/cache.go:28.2,28.38 1 1
github.com/local/cassonic/src/common/cache/cache.go:43.77,44.18 1 1
github.com/local/cassonic/src/common/cache/cache.go:44.18,46.3 1 1
github.com/local/cassonic/src/common/cache/cache.go:47.2,56.10 6 1
github.com/local/cassonic/src/common/cache/cache.go:60.43,62.2 1 1
github.com/local/cassonic/src/common/cache/cache.go:66.65,71.13 4 1
github.com/local/cassonic/src/common/cache/cache.go:71.13,73.3 1 1
github.com/local/cassonic/src/common/cache/cache.go:75.2,75.31 1 1
github.com/local/cassonic/src/common/cache/cache.go:75.31,79.3 3 1
github.com/local/cassonic/src/common/cache/cache.go:81.2,88.31 4 1
github.com/local/cassonic/src/common/cache/cache.go:88.31,90.3 1 1
github.com/local/cassonic/src/common/cache/cache.go:95.44,100.9 4 1
github.com/local/cassonic/src/common/cache/cache.go:100.9,103.3 2 1
github.com/local/cassonic/src/common/cache/cache.go:105.2,105.25 1 1
github.com/local/cassonic/src/common/cache/cache.go:105.25,110.3 4 1
github.com/local/cassonic/src/common/cache/cache.go:112.2,113.28 2 1
github.com/local/cassonic/src/common/cache/cache.go:117.37,121.31 3 1
github.com/local/cassonic/src/common/cache/cache.go:121.31,124.3 2 1
github.com/local/cassonic/src/common/cache/cache.go:128.31,135.2 5 1
github.com/local/cassonic/src/common/cache/cache.go:138.33,142.2 3 1
github.com/local/cassonic/src/common/cache/cache.go:145.31,150.20 4 1
github.com/local/cassonic/src/common/cache/cache.go:150.20,152.28 2 1
github.com/local/cassonic/src/common/cache/cache.go:152.28,155.4 2 1
github.com/local/cassonic/src/common/cache/cache.go:156.3,156.13 1 1
github.com/local/cassonic/src/common/cache/cache.go:161.48,166.2 4 1
github.com/local/cassonic/src/common/cache/cache.go:169.50,172.2 2 1
github.com/local/cassonic/src/common/cache/cache.go:175.49,178.2 2 1
github.com/local/cassonic/src/common/cache/cache.go:181.35,183.19 2 1
github.com/local/cassonic/src/common/cache/cache.go:183.19,185.3 1 0
github.com/local/cassonic/src/common/cache/cache.go:186.2,187.26 2 1
github.com/local/cassonic/src/server/service/backup/backup.go:60.67,62.2 1 1
github.com/local/cassonic/src/server/service/backup/backup.go:66.63,67.53 1 1
github.com/local/cassonic/src/server/service/backup/backup.go:67.53,69.3 1 0
github.com/local/cassonic/src/server/service/backup/backup.go:71.2,73.19 3 1
github.com/local/cassonic/src/server/service/backup/backup.go:73.19,75.3 1 1
github.com/local/cassonic/src/server/service/backup/backup.go:76.2,80.53 4 1
github.com/local/cassonic/src/server/service/backup/backup.go:80.53,83.3 2 1
github.com/local/cassonic/src/server/service/backup/backup.go:85.2,85.54 1 1
github.com/local/cassonic/src/server/service/backup/backup.go:85.54,88.3 2 0
github.com/local/cassonic/src/server/service/backup/backup.go:90.2,92.25 2 1
github.com/local/cassonic/src/server/service/backup/backup.go:92.25,93.38 1 1
github.com/local/cassonic/src/server/service/backup/backup.go:93.38,95.4 1 0
github.com/local/cassonic/src/server/service/backup/backup.go:98.2,98.23 1 1
github.com/local/cassonic/src/server/service/backup/backup.go:102.70,104.16 2 1
github.com/local/cassonic/src/server/service/backup/backup.go:104.16,106.3 1 0
github.com/local/cassonic/src/server/service/backup/backup.go:107.2,109.20 2 1
github.com/local/cassonic/src/server/service/backup/backup.go:109.20,111.3 1 1
github.com/local/cassonic/src/server/service/backup/backup.go:113.2,114.16 2 1
github.com/local/cassonic/src/server/service/backup/backup.go:114.16,116.3 1 1
github.com/local/cassonic/src/server/service/backup/backup.go:118.2,119.16 2 1
github.com/local/cassonic/src/server/service/backup/backup.go:119.16,121.3 1 0
github.com/local/cassonic/src/server/service/backup/backup.go:122.2,123.16 2 1
github.com/local/cassonic/src/server/service/backup/backup.go:123.16,125.3 1 0
github.com/local/cassonic/src/server/service/backup/backup.go:127.2,128.59 2 1
github.com/local/cassonic/src/server/service/backup/backup.go:128.59,130.3 1 0
github.com/local/cassonic/src/server/service/backup/backup.go:133.2,135.12 3 1
github.com/local/cassonic/src/server/service/backup/backup.go:135.12,138.3 2 1
github.com/local/cassonic/src/server/service/backup/backup.go:140.2,141.52 2 1
github.com/local/cassonic/src/server/service/backup/backup.go:141.52,143.3 1 0
github.com/local/cassonic/src/server/service/backup/backup.go:144.2,144.16 1 1
github.com/local/cassonic/src/server/service/backup/backup.go:144.16,146.3 1 0
github.com/local/cassonic/src/server/service/backup/backup.go:148.2,151.42 2 1
github.com/local/cassonic/src/server/service/backup/backup.go:151.42,153.3 1 0
github.com/local/cassonic/src/server/service/backup/backup.go:154.2,154.47 1 1
github.com/local/cassonic/src/server/service/backup/backup.go:154.47,156.3 1 0
github.com/local/cassonic/src/server/service/backup/backup.go:158.2,158.12 1 1
github.com/local/cassonic/src/server/service/backup/backup.go:162.49,172.32 4 1
github.com/local/cassonic/src/server/service/backup/backup.go:172.32,174.25 2 1
github.com/local/cassonic/src/server/service/backup/backup.go:174.25,175.12 1 1
github.com/local/cassonic/src/server/service/backup/backup.go:177.3,177.17 1 1
github.com/local/cassonic/src/server/service/backup/backup.go:177.17,179.4 1 0
github.com/local/cassonic/src/server/service/backup/backup.go:180.3,180.19 1 1
github.com/local/cassonic/src/server/service/backup/backup.go:180.19,181.55 1 0
github.com/local/cassonic/src/server/service/backup/backup.go:181.55,183.5 1 0
github.com/local/cassonic/src/server/service/backup/backup.go:184.9,185.56 1 1
github.com/local/cassonic/src/server/service/backup/backup.go:185.56,187.5 1 0
github.com/local/cassonic/src/server/service/backup/backup.go:191.2,191.35 1 1
github.com/local/cassonic/src/server/service/backup/backup.go:191.35,193.3 1 0
github.com/local/cassonic/src/server/service/backup/backup.go:194.2,194.19 1 1
github.com/local/cassonic/src/server/service/backup/backup.go:198.55,200.16 2 1
github.com/local/cassonic/src/server/service/backup/backup.go:200.16,202.3 1 0
github.com/local/cassonic/src/server/service/backup/backup.go:203.2,206.16 3 1
github.com/local/cassonic/src/server/service/backup/backup.go:206.16,208.3 1 0
github.com/local/cassonic/src/server/service/backup/backup.go:210.2,211.16 2 1
github.com/local/cassonic/src/server/service/backup/backup.go:211.16,213.3 1 0
github.com/local/cassonic/src/server/service/backup/backup.go:215.2,216.16 2 1
github.com/local/cassonic/src/server/service/backup/backup.go:216.16,218.3 1 0
github.com/local/cassonic/src/server/service/backup/backup.go:219.2,221.44 2 1
github.com/local/cassonic/src/server/service/backup/backup.go:221.44,223.3 1 0
github.com/local/cassonic/src/server/service/backup/backup.go:224.2,225.12 2 1
github.com/local/cassonic/src/server/service/backup/backup.go:229.57,230.85 1 0
github.com/local/cassonic/src/server/service/backup/backup.go:230.85,231.17 1 0
github.com/local/cassonic/src/server/service/backup/backup.go:231.17,233.4 1 0
github.com/local/cassonic/src/server/service/backup/backup.go:235.3,236.20 2 0
github.com/local/cassonic/src/server/service/backup/backup.go:236.20,238.4 1 0
github.com/local/cassonic/src/server/service/backup/backup.go:240.3,241.20 2 0
github.com/local/cassonic/src/server/service/backup/backup.go:241.20,243.4 1 0
github.com/local/cassonic/src/server/service/backup/backup.go:244.3,245.19 2 0
github.com/local/cassonic/src/server/service/backup/backup.go:245.19,247.4 1 0
github.com/local/cassonic/src/server/service/backup/backup.go:249.3,249.55 1 0
github.com/local/cassonic/src/server/service/backup/backup.go:249.55,251.4 1 0
github.com/local/cassonic/src/server/service/backup/backup.go:252.3,252.20 1 0
github.com/local/cassonic/src/server/service/backup/backup.go:252.20,254.22 2 0
github.com/local/cassonic/src/server/service/backup/backup.go:254.22,256.5 1 0
github.com/local/cassonic/src/server/service/backup/backup.go:257.4,258.27 2 0
github.com/local/cassonic/src/server/service/backup/backup.go:260.3,260.13 1 0
github.com/local/cassonic/src/server/service/backup/backup.go:265.65,269.16 3 1
github.com/local/cassonic/src/server/service/backup/backup.go:269.16,271.3 1 0
github.com/local/cassonic/src/server/service/backup/backup.go:272.2,275.16 3 1
github.com/local/cassonic/src/server/service/backup/backup.go:275.16,277.3 1 1
github.com/local/cassonic/src/server/service/backup/backup.go:277.8,279.20 2 1
github.com/local/cassonic/src/server/service/backup/backup.go:279.20,281.4 1 0
github.com/local/cassonic/src/server/service/backup/backup.go:283.3,284.20 2 1
github.com/local/cassonic/src/server/service/backup/backup.go:284.20,286.4 1 0
github.com/local/cassonic/src/server/service/backup/backup.go:287.3,288.20 2 1
github.com/local/cassonic/src/server/service/backup/backup.go:288.20,290.4 1 0
github.com/local/cassonic/src/server/service/backup/backup.go:292.3,293.58 2 1
github.com/local/cassonic/src/server/service/backup/backup.go:293.58,295.4 1 0
github.com/local/cassonic/src/server/service/backup/backup.go:297.3,298.21 2 1
github.com/local/cassonic/src/server/service/backup/backup.go:298.21,300.4 1 0
github.com/local/cassonic/src/server/service/backup/backup.go:302.3,303.20 2 1
github.com/local/cassonic/src/server/service/backup/backup.go:303.20,305.4 1 1
github.com/local/cassonic/src/server/service/backup/backup.go:306.3,306.53 1 1
github.com/local/cassonic/src/server/service/backup/backup.go:310.2,311.16 2 1
github.com/local/cassonic/src/server/service/backup/backup.go:311.16,313.3 1 0
github.com/local/cassonic/src/server/service/backup/backup.go:314.2,316.58 2 1
github.com/local/cassonic/src/server/service/backup/backup.go:316.58,318.3 1 0
github.com/local/cassonic/src/server/service/backup/backup.go:320.2,320.41 1 1
github.com/local/cassonic/src/server/service/backup/backup.go:324.54,326.16 2 1
github.com/local/cassonic/src/server/service/backup/backup.go:326.16,328.3 1 0
github.com/local/cassonic/src/server/service/backup/backup.go:329.2,332.6 3 1
github.com/local/cassonic/src/server/service/backup/backup.go:332.6,334.20 2 1
github.com/local/cassonic/src/server/service/backup/backup.go:334.20,335.9 1 1
github.com/local/cassonic/src/server/service/backup/backup.go:337.3,337.17 1 1
github.com/local/cassonic/src/server/service/backup/backup.go:337.17,339.4 1 0
github.com/local/cassonic/src/server/service/backup/backup.go:342.3,343.40 2 1
github.com/local/cassonic/src/server/service/backup/backup.go:343.40,345.4 1 0
github.com/local/cassonic/src/server/service/backup/backup.go:347.3,347.23 1 1
github.com/local/cassonic/src/server/service/backup/backup.go:348.20,349.50 1 0
github.com/local/cassonic/src/server/service/backup/backup.go:349.50,351.5 1 0
github.com/local/cassonic/src/server/service/backup/backup.go:352.20,353.64 1 1
github.com/local/cassonic/src/server/service/backup/backup.go:353.64,355.5 1 0
github.com/local/cassonic/src/server/service/backup/backup.go:356.4,357.18 2 1
github.com/local/cassonic/src/server/service/backup/backup.go:357.18,359.5 1 0
github.com/local/cassonic/src/server/service/backup/backup.go:360.4,362.22 3 1
github.com/local/cassonic/src/server/service/backup/backup.go:362.22,364.5 1 0
github.com/local/cassonic/src/server/service/backup/backup.go:365.4,365.23 1 1
github.com/local/cassonic/src/server/service/backup/backup.go:365.23,367.5 1 0
github.com/local/cassonic/src/server/service/backup/backup.go:370.2,370.12 1 1
github.com/local/cassonic/src/server/service/backup/backup.go:375.50,377.16 2 1
github.com/local/cassonic/src/server/service/backup/backup.go:377.16,379.3 1 0
github.com/local/cassonic/src/server/service/backup/backup.go:380.2,380.28 1 1
github.com/local/cassonic/src/server/service/backup/backup.go:380.28,385.45 5 1
github.com/local/cassonic/src/server/service/backup/backup.go:385.45,388.4 2 0
github.com/local/cassonic/src/server/service/backup/backup.go:389.3,389.24 1 1
github.com/local/cassonic/src/server/service/backup/backup.go:391.2,391.12 1 1
github.com/local/cassonic/src/server/service/backup/backup.go:395.48,397.24 2 1
github.com/local/cassonic/src/server/service/backup/backup.go:397.24,399.3 1 1
github.com/local/cassonic/src/server/service/backup/backup.go:400.2,400.16 1 1
github.com/local/cassonic/src/server/service/backup/backup.go:400.16,402.3 1 0
github.com/local/cassonic/src/server/service/backup/backup.go:404.2,405.28 2 1
github.com/local/cassonic/src/server/service/backup/backup.go:405.28,407.51 2 1
github.com/local/cassonic/src/server/service/backup/backup.go:407.51,408.12 1 0
github.com/local/cassonic/src/server/service/backup/backup.go:410.3,411.17 2 1
github.com/local/cassonic/src/server/service/backup/backup.go:411.17,412.12 1 0
github.com/local/cassonic/src/server/service/backup/backup.go:414.3,419.5 1 1
github.com/local/cassonic/src/server/service/backup/backup.go:423.2,423.40 1 1
github.com/local/cassonic/src/server/service/backup/backup.go:423.40,425.3 1 1
github.com/local/cassonic/src/server/service/backup/backup.go:427.2,427.19 1 1
github.com/local/cassonic/src/server/service/backup/backup.go:431.36,433.16 2 1
github.com/local/cassonic/src/server/service/backup/backup.go:433.16,435.3 1 0
github.com/local/cassonic/src/server/service/backup/backup.go:436.2,436.35 1 1
github.com/local/cassonic/src/server/service/backup/backup.go:436.35,438.3 1 1
github.com/local/cassonic/src/server/service/backup/backup.go:440.2,440.47 1 1
github.com/local/cassonic/src/server/service/backup/backup.go:440.47,441.50 1 1
github.com/local/cassonic/src/server/service/backup/backup.go:441.50,443.4 1 0
github.com/local/cassonic/src/server/service/backup/backup.go:443.9,445.4 1 1
github.com/local/cassonic/src/server/service/backup/backup.go:447.2,447.12 1 1
github.com/local/cassonic/src/server/service/backup/backup.go:451.48,452.26 1 1
github.com/local/cassonic/src/server/service/backup/backup.go:452.26,454.3 1 0
github.com/local/cassonic/src/server/service/backup/backup.go:455.2,455.28 1 1
github.com/local/cassonic/src/server/service/backup/backup.go:455.28,457.3 1 1
github.com/local/cassonic/src/server/service/backup/backup.go:459.2,462.17 4 1
github.com/local/cassonic/src/server/handler/web/embed.go:10.24,12.2 1 0
github.com/local/cassonic/src/server/handler/web/web.go:48.40,50.2 1 0
github.com/local/cassonic/src/server/handler/web/web.go:53.86,62.2 3 0
github.com/local/cassonic/src/server/handler/web/web.go:65.55,69.37 1 0
github.com/local/cassonic/src/server/handler/web/web.go:69.37,69.53 1 0
github.com/local/cassonic/src/server/handler/web/web.go:70.37,70.53 1 0
github.com/local/cassonic/src/server/handler/web/web.go:73.50,73.77 1 0
github.com/local/cassonic/src/server/handler/web/web.go:76.32,76.46 1 0
github.com/local/cassonic/src/server/handler/web/web.go:79.2,82.16 3 0
github.com/local/cassonic/src/server/handler/web/web.go:82.16,83.54 1 0
github.com/local/cassonic/src/server/handler/web/web.go:86.2,87.16 2 0
github.com/local/cassonic/src/server/handler/web/web.go:87.16,88.54 1 0
github.com/local/cassonic/src/server/handler/web/web.go:90.2,90.13 1 0
github.com/local/cassonic/src/server/handler/web/web.go:97.41,108.29 8 0
github.com/local/cassonic/src/server/handler/web/web.go:108.29,127.3 18 0
github.com/local/cassonic/src/server/handler/web/web.go:129.2,129.10 1 0
github.com/local/cassonic/src/server/handler/web/web.go:137.63,138.71 1 0
github.com/local/cassonic/src/server/handler/web/web.go:138.71,140.39 2 0
github.com/local/cassonic/src/server/handler/web/web.go:140.39,143.4 2 0
github.com/local/cassonic/src/server/handler/web/web.go:145.3,150.58 5 0
github.com/local/cassonic/src/server/handler/web/web.go:150.58,151.22 1 0
github.com/local/cassonic/src/server/handler/web/web.go:151.22,153.5 1 0
github.com/local/cassonic/src/server/handler/web/web.go:154.4,163.10 3 0
github.com/local/cassonic/src/server/handler/web/web.go:166.3,167.70 2 0
github.com/local/cassonic/src/server/handler/web/web.go:167.70,170.4 2 0
github.com/local/cassonic/src/server/handler/web/web.go:172.3,178.40 2 0
github.com/local/cassonic/src/server/handler/web/web.go:184.80,190.45 2 0
github.com/local/cassonic/src/server/handler/web/web.go:190.45,192.22 2 0
github.com/local/cassonic/src/server/handler/web/web.go:192.22,202.4 2 0
github.com/local/cassonic/src/server/handler/web/web.go:205.2,205.61 1 0
github.com/local/cassonic/src/server/handler/web/web.go:205.61,207.22 2 0
github.com/local/cassonic/src/server/handler/web/web.go:207.22,209.4 1 0
github.com/local/cassonic/src/server/handler/web/web.go:212.2,212.53 1 0
github.com/local/cassonic/src/server/handler/web/web.go:212.53,213.46 1 0
github.com/local/cassonic/src/server/handler/web/web.go:213.46,216.23 3 0
github.com/local/cassonic/src/server/handler/web/web.go:216.23,218.5 1 0
github.com/local/cassonic/src/server/handler/web/web.go:222.2,222.13 1 0
github.com/local/cassonic/src/server/handler/web/web.go:226.72,228.63 2 0
github.com/local/cassonic/src/server/handler/web/web.go:228.63,230.3 1 0
github.com/local/cassonic/src/server/handler/web/web.go:237.64,239.61 2 0
github.com/local/cassonic/src/server/handler/web/web.go:239.61,241.3 1 0
github.com/local/cassonic/src/server/handler/web/web.go:241.8,241.60 1 0
github.com/local/cassonic/src/server/handler/web/web.go:241.60,242.46 1 0
github.com/local/cassonic/src/server/handler/web/web.go:242.46,249.23 4 0
github.com/local/cassonic/src/server/handler/web/web.go:249.23,251.10 2 0
github.com/local/cassonic/src/server/handler/web/web.go:255.2,261.36 2 0
github.com/local/cassonic/src/server/handler/web/web.go:261.36,261.66 1 0
github.com/local/cassonic/src/server/handler/web/web.go:266.64,285.58 8 0
github.com/local/cassonic/src/server/handler/web/web.go:285.58,287.3 1 0
github.com/local/cassonic/src/server/handler/web/web.go:289.2,296.4 1 0
github.com/local/cassonic/src/server/handler/web/web.go:300.65,312.37 4 0
github.com/local/cassonic/src/server/handler/web/web.go:312.37,312.67 1 0
github.com/local/cassonic/src/server/handler/web/web.go:316.2,316.33 1 0
github.com/local/cassonic/src/server/handler/web/web.go:320.58,322.47 2 0
github.com/local/cassonic/src/server/handler/web/web.go:322.47,324.3 1 0
github.com/local/cassonic/src/server/handler/web/web.go:325.2,327.102 3 0
github.com/local/cassonic/src/server/handler/web/web.go:327.102,329.3 1 0
github.com/local/cassonic/src/server/handler/web/web.go:330.2,331.16 2 0
github.com/local/cassonic/src/server/handler/web/web.go:331.16,333.3 1 0
github.com/local/cassonic/src/server/handler/web/web.go:334.2,335.16 2 0
github.com/local/cassonic/src/server/handler/web/web.go:335.16,337.3 1 0
github.com/local/cassonic/src/server/handler/web/web.go:338.2,339.66 2 0
github.com/local/cassonic/src/server/handler/web/web.go:343.59,345.39 2 0
github.com/local/cassonic/src/server/handler/web/web.go:345.39,347.3 1 0
github.com/local/cassonic/src/server/handler/web/web.go:348.2,351.23 4 0
github.com/local/cassonic/src/server/handler/web/web.go:355.69,356.38 1 0
github.com/local/cassonic/src/server/handler/web/web.go:356.38,359.3 2 0
github.com/local/cassonic/src/server/handler/web/web.go:361.2,365.38 4 0
github.com/local/cassonic/src/server/handler/web/web.go:365.38,368.3 2 0
github.com/local/cassonic/src/server/handler/web/web.go:370.2,371.69 2 0
github.com/local/cassonic/src/server/handler/web/web.go:371.69,374.3 2 0
github.com/local/cassonic/src/server/handler/web/web.go:376.2,377.23 2 0
github.com/local/cassonic/src/server/handler/web/web.go:377.23,381.3 3 0
github.com/local/cassonic/src/server/handler/web/web.go:383.2,384.16 2 0
github.com/local/cassonic/src/server/handler/web/web.go:384.16,387.3 2 0
github.com/local/cassonic/src/server/handler/web/web.go:389.2,390.14 2 0
github.com/local/cassonic/src/server/handler/web/web.go:390.14,392.3 1 0
github.com/local/cassonic/src/server/handler/web/web.go:393.2,395.100 2 0
github.com/local/cassonic/src/server/handler/web/web.go:395.100,398.3 2 0
github.com/local/cassonic/src/server/handler/web/web.go:400.2,410.14 4 0
github.com/local/cassonic/src/server/handler/web/web.go:410.14,413.3 2 0
github.com/local/cassonic/src/server/handler/web/web.go:414.2,415.44 2 0
github.com/local/cassonic/src/server/handler/web/web.go:419.66,421.38 2 0
github.com/local/cassonic/src/server/handler/web/web.go:421.38,425.3 3 0
github.com/local/cassonic/src/server/handler/web/web.go:427.2,435.49 2 0
github.com/local/cassonic/src/server/handler/web/web.go:439.67,454.2 4 0
github.com/local/cassonic/src/server/handler/web/web.go:457.67,476.13 7 0
github.com/local/cassonic/src/server/handler/web/web.go:476.13,478.3 1 0
github.com/local/cassonic/src/server/handler/web/web.go:480.2,485.4 1 0
github.com/local/cassonic/src/server/handler/web/web.go:489.66,508.13 7 0
github.com/local/cassonic/src/server/handler/web/web.go:508.13,510.3 1 0
github.com/local/cassonic/src/server/handler/web/web.go:512.2,517.4 1 0
github.com/local/cassonic/src/server/handler/web/web.go:521.65,540.13 7 0
github.com/local/cassonic/src/server/handler/web/web.go:540.13,542.3 1 0
github.com/local/cassonic/src/server/handler/web/web.go:544.2,549.4 1 0
github.com/local/cassonic/src/server/handler/web/web.go:553.66,565.2 3 0
github.com/local/cassonic/src/server/handler/web/web.go:568.69,584.2 4 0
github.com/local/cassonic/src/server/handler/web/web.go:587.74,589.16 2 0
github.com/local/cassonic/src/server/handler/web/web.go:589.16,592.3 2 0
github.com/local/cassonic/src/server/handler/web/web.go:594.2,595.29 2 0
github.com/local/cassonic/src/server/handler/web/web.go:595.29,598.3 2 0
github.com/local/cassonic/src/server/handler/web/web.go:600.2,615.28 5 0
github.com/local/cassonic/src/server/handler/web/web.go:615.28,617.29 2 0
github.com/local/cassonic/src/server/handler/web/web.go:617.29,618.12 1 0
github.com/local/cassonic/src/server/handler/web/web.go:620.3,620.66 1 0
github.com/local/cassonic/src/server/handler/web/web.go:623.2,629.4 2 0
github.com/local/cassonic/src/server/handler/web/web.go:633.71,635.16 2 0
github.com/local/cassonic/src/server/handler/web/web.go:635.16,638.3 2 0
github.com/local/cassonic/src/server/handler/web/web.go:640.2,641.32 2 0
github.com/local/cassonic/src/server/handler/web/web.go:641.32,644.3 2 0
github.com/local/cassonic/src/server/handler/web/web.go:646.2,658.4 3 0
github.com/local/cassonic/src/server/handler/web/web.go:662.72,664.16 2 0
github.com/local/cassonic/src/server/handler/web/web.go:664.16,667.3 2 0
github.com/local/cassonic/src/server/handler/web/web.go:669.2,670.33 2 0
github.com/local/cassonic/src/server/handler/web/web.go:670.33,673.3 2 0
github.com/local/cassonic/src/server/handler/web/web.go:675.2,687.4 3 0
github.com/local/cassonic/src/server/handler/web/web.go:691.66,707.13 4 0
github.com/local/cassonic/src/server/handler/web/web.go:707.13,712.3 4 0
github.com/local/cassonic/src/server/handler/web/web.go:714.2,714.34 1 0
github.com/local/cassonic/src/server/handler/web/web.go:718.66,720.2 1 0
github.com/local/cassonic/src/server/handler/web/web.go:723.69,725.16 2 0
github.com/local/cassonic/src/server/handler/web/web.go:725.16,728.3 2 0
github.com/local/cassonic/src/server/handler/web/web.go:730.2,731.31 2 0
github.com/local/cassonic/src/server/handler/web/web.go:731.31,734.3 2 0
github.com/local/cassonic/src/server/handler/web/web.go:736.2,744.4 2 0
github.com/local/cassonic/src/server/handler/web/web.go:748.67,762.28 5 0
github.com/local/cassonic/src/server/handler/web/web.go:762.28,765.3 2 0
github.com/local/cassonic/src/server/handler/web/web.go:767.2,770.4 1 0
github.com/local/cassonic/src/server/handler/web/web.go:774.68,793.2 5 0
github.com/local/cassonic/src/server/handler/web/web.go:796.65,800.53 3 0
github.com/local/cassonic/src/server/handler/web/web.go:800.53,803.3 2 0
github.com/local/cassonic/src/server/handler/web/web.go:805.2,821.37 5 0
github.com/local/cassonic/src/server/handler/web/web.go:821.37,821.67 1 0
github.com/local/cassonic/src/server/handler/web/web.go:826.2,826.24 1 0
github.com/local/cassonic/src/server/handler/web/web.go:827.14,829.29 2 0
github.com/local/cassonic/src/server/handler/web/web.go:829.29,831.4 1 0
github.com/local/cassonic/src/server/handler/web/web.go:832.15,834.29 2 0
github.com/local/cassonic/src/server/handler/web/web.go:834.29,837.4 2 0
github.com/local/cassonic/src/server/handler/web/web.go:840.2,840.33 1 0
github.com/local/cassonic/src/server/handler/web/web.go:864.65,865.37 1 0
github.com/local/cassonic/src/server/handler/web/web.go:865.37,868.35 3 0
github.com/local/cassonic/src/server/handler/web/web.go:868.35,870.4 1 0
github.com/local/cassonic/src/server/handler/web/web.go:871.3,871.9 1 0
github.com/local/cassonic/src/server/handler/web/web.go:874.2,886.37 4 0
github.com/local/cassonic/src/server/handler/web/web.go:886.37,886.67 1 0
github.com/local/cassonic/src/server/handler/web/web.go:895.64,897.44 2 0
github.com/local/cassonic/src/server/handler/web/web.go:897.44,899.3 1 0
github.com/local/cassonic/src/server/handler/web/web.go:901.2,901.37 1 0
github.com/local/cassonic/src/server/handler/web/web.go:901.37,910.3 8 0
github.com/local/cassonic/src/server/handler/web/web.go:912.2,923.37 4 0
github.com/local/cassonic/src/server/handler/web/web.go:923.37,923.67 1 0
github.com/local/cassonic/src/server/handler/web/web.go:930.66,942.2 3 0
github.com/local/cassonic/src/server/handler/web/web.go:945.57,947.13 2 0
github.com/local/cassonic/src/server/handler/web/web.go:947.13,949.3 1 0
github.com/local/cassonic/src/server/handler/web/web.go:950.2,951.25 2 0
github.com/local/cassonic/src/server/handler/web/web.go:951.25,953.3 1 0
github.com/local/cassonic/src/server/handler/web/web.go:954.2,954.10 1 0
github.com/local/cassonic/src/server/handler/web/web.go:958.41,959.17 1 0
github.com/local/cassonic/src/server/handler/web/web.go:959.17,961.3 1 0
github.com/local/cassonic/src/server/handler/web/web.go:962.2,965.11 4 0
github.com/local/cassonic/src/server/handler/web/web.go:965.11,967.3 1 0
github.com/local/cassonic/src/server/handler/web/web.go:968.2,968.37 1 0
github.com/local/cassonic/src/server/handler/web/web.go:972.37,973.16 1 0
github.com/local/cassonic/src/server/handler/web/web.go:973.16,975.3 1 0
github.com/local/cassonic/src/server/handler/web/web.go:976.2,976.31 1 0
github.com/local/cassonic/src/server/handler/web/web.go:980.30,981.14 1 0
github.com/local/cassonic/src/server/handler/web/web.go:981.14,983.3 1 0
github.com/local/cassonic/src/server/handler/web/web.go:984.2,984.25 1 0
github.com/local/cassonic/src/server/handler/web/web.go:985.12,986.14 1 0
github.com/local/cassonic/src/server/handler/web/web.go:987.11,988.18 1 0
github.com/local/cassonic/src/server/handler/web/web.go:989.13,990.18 1 0
github.com/local/cassonic/src/server/handler/web/web.go:991.14,992.19 1 0
github.com/local/cassonic/src/server/handler/web/web.go:993.10,994.15 1 0
github.com/local/cassonic/src/server/handler/web/web.go:999.27,1001.19 2 0
github.com/local/cassonic/src/server/handler/web/web.go:1001.19,1003.3 1 0
github.com/local/cassonic/src/server/handler/web/web.go:1004.2,1004.10 1 0
github.com/local/cassonic/src/server/handler/web/web.go:1008.37,1014.9 2 0
github.com/local/cassonic/src/server/handler/web/web.go:1015.19,1016.51 1 0
github.com/local/cassonic/src/server/handler/web/web.go:1017.19,1018.51 1 0
github.com/local/cassonic/src/server/handler/web/web.go:1019.19,1020.51 1 0
github.com/local/cassonic/src/server/handler/web/web.go:1021.10,1022.36 1 0
github.com/local/cassonic/src/server/service/crypto/crypto.go:20.38,24.2 3 1
github.com/local/cassonic/src/server/service/crypto/crypto.go:28.60,30.16 2 1
github.com/local/cassonic/src/server/service/crypto/crypto.go:30.16,32.3 1 1
github.com/local/cassonic/src/server/service/crypto/crypto.go:33.2,34.16 2 1
github.com/local/cassonic/src/server/service/crypto/crypto.go:34.16,36.3 1 0
github.com/local/cassonic/src/server/service/crypto/crypto.go:37.2,38.59 2 1
github.com/local/cassonic/src/server/service/crypto/crypto.go:38.59,40.3 1 0
github.com/local/cassonic/src/server/service/crypto/crypto.go:41.2,42.55 2 1
github.com/local/cassonic/src/server/service/crypto/crypto.go:46.61,48.16 2 1
github.com/local/cassonic/src/server/service/crypto/crypto.go:48.16,50.3 1 1
github.com/local/cassonic/src/server/service/crypto/crypto.go:51.2,52.16 2 1
github.com/local/cassonic/src/server/service/crypto/crypto.go:52.16,54.3 1 0
github.com/local/cassonic/src/server/service/crypto/crypto.go:55.2,56.16 2 1
github.com/local/cassonic/src/server/service/crypto/crypto.go:56.16,58.3 1 0
github.com/local/cassonic/src/server/service/crypto/crypto.go:59.2,59.33 1 1
github.com/local/cassonic/src/server/service/crypto/crypto.go:59.33,61.3 1 1
github.com/local/cassonic/src/server/service/crypto/crypto.go:62.2,64.16 3 1
github.com/local/cassonic/src/server/service/crypto/crypto.go:64.16,66.3 1 1
github.com/local/cassonic/src/server/service/crypto/crypto.go:67.2,67.27 1 1
github.com/local/cassonic/src/server/service/geoip/geoip.go:43.37,45.16 2 1
github.com/local/cassonic/src/server/service/geoip/geoip.go:45.16,47.3 1 1
github.com/local/cassonic/src/server/service/geoip/geoip.go:48.2,48.28 1 0
github.com/local/cassonic/src/server/service/geoip/geoip.go:53.45,54.16 1 1
github.com/local/cassonic/src/server/service/geoip/geoip.go:54.16,56.3 1 1
github.com/local/cassonic/src/server/service/geoip/geoip.go:57.2,57.49 1 1
github.com/local/cassonic/src/server/service/geoip/geoip.go:57.49,59.3 1 1
github.com/local/cassonic/src/server/service/geoip/geoip.go:60.2,60.19 1 0
github.com/local/cassonic/src/server/service/geoip/geoip.go:65.51,67.19 2 1
github.com/local/cassonic/src/server/service/geoip/geoip.go:67.19,69.3 1 1
github.com/local/cassonic/src/server/service/geoip/geoip.go:71.2,72.57 2 0
github.com/local/cassonic/src/server/service/geoip/geoip.go:72.57,74.3 1 0
github.com/local/cassonic/src/server/service/geoip/geoip.go:76.2,82.48 2 0
github.com/local/cassonic/src/server/service/geoip/geoip.go:82.48,84.3 1 0
github.com/local/cassonic/src/server/service/geoip/geoip.go:85.2,85.45 1 0
github.com/local/cassonic/src/server/service/geoip/geoip.go:85.45,87.3 1 0
github.com/local/cassonic/src/server/service/geoip/geoip.go:89.2,89.17 1 0
github.com/local/cassonic/src/server/service/geoip/geoip.go:93.28,95.2 1 0
github.com/local/cassonic/src/server/service/cover_art.go:45.83,47.2 1 0
github.com/local/cassonic/src/server/service/cover_art.go:55.97,57.16 2 0
github.com/local/cassonic/src/server/service/cover_art.go:57.16,59.3 1 0
github.com/local/cassonic/src/server/service/cover_art.go:60.2,60.17 1 0
github.com/local/cassonic/src/server/service/cover_art.go:60.17,62.3 1 0
github.com/local/cassonic/src/server/service/cover_art.go:64.2,64.25 1 0
github.com/local/cassonic/src/server/service/cover_art.go:64.25,66.17 2 0
github.com/local/cassonic/src/server/service/cover_art.go:66.17,68.4 1 0
github.com/local/cassonic/src/server/service/cover_art.go:71.2,71.48 1 0
github.com/local/cassonic/src/server/service/cover_art.go:80.99,82.16 2 0
github.com/local/cassonic/src/server/service/cover_art.go:82.16,84.3 1 0
github.com/local/cassonic/src/server/service/cover_art.go:85.2,85.18 1 0
github.com/local/cassonic/src/server/service/cover_art.go:85.18,87.3 1 0
github.com/local/cassonic/src/server/service/cover_art.go:89.2,89.26 1 0
github.com/local/cassonic/src/server/service/cover_art.go:89.26,91.17 2 0
github.com/local/cassonic/src/server/service/cover_art.go:91.17,93.4 1 0
github.com/local/cassonic/src/server/service/cover_art.go:96.2,97.16 2 0
github.com/local/cassonic/src/server/service/cover_art.go:97.16,99.3 1 0
github.com/local/cassonic/src/server/service/cover_art.go:100.2,100.21 1 0
github.com/local/cassonic/src/server/service/cover_art.go:100.21,102.3 1 0
github.com/local/cassonic/src/server/service/cover_art.go:104.2,104.39 1 0
github.com/local/cassonic/src/server/service/cover_art.go:110.113,114.53 3 0
github.com/local/cassonic/src/server/service/cover_art.go:114.53,116.3 1 0
github.com/local/cassonic/src/server/service/cover_art.go:118.2,119.16 2 0
github.com/local/cassonic/src/server/service/cover_art.go:119.16,121.3 1 0
github.com/local/cassonic/src/server/service/cover_art.go:123.2,124.16 2 0
github.com/local/cassonic/src/server/service/cover_art.go:124.16,126.3 1 0
github.com/local/cassonic/src/server/service/cover_art.go:128.2,131.16 3 0
github.com/local/cassonic/src/server/service/cover_art.go:131.16,133.3 1 0
github.com/local/cassonic/src/server/service/cover_art.go:135.2,135.62 1 0
github.com/local/cassonic/src/server/service/cover_art.go:135.62,137.3 1 0
github.com/local/cassonic/src/server/service/cover_art.go:139.2,139.38 1 0
github.com/local/cassonic/src/server/service/cover_art.go:144.126,146.16 2 0
github.com/local/cassonic/src/server/service/cover_art.go:146.16,148.3 1 0
github.com/local/cassonic/src/server/service/cover_art.go:149.2,161.16 4 0
github.com/local/cassonic/src/server/service/cover_art.go:161.16,163.3 1 0
github.com/local/cassonic/src/server/service/cover_art.go:164.2,164.16 1 0
github.com/local/cassonic/src/server/service/cover_art.go:168.94,170.16 2 0
github.com/local/cassonic/src/server/service/cover_art.go:170.16,172.3 1 0
github.com/local/cassonic/src/server/service/cover_art.go:173.2,173.15 1 0
github.com/local/cassonic/src/server/service/cover_art.go:173.15,175.3 1 0
github.com/local/cassonic/src/server/service/cover_art.go:177.2,177.22 1 0
github.com/local/cassonic/src/server/service/cover_art.go:177.22,179.3 1 0
github.com/local/cassonic/src/server/service/cover_art.go:181.2,181.19 1 0
github.com/local/cassonic/src/server/service/cover_art.go:181.19,183.17 2 0
github.com/local/cassonic/src/server/service/cover_art.go:183.17,185.4 1 0
github.com/local/cassonic/src/server/service/cover_art.go:186.3,186.32 1 0
github.com/local/cassonic/src/server/service/cover_art.go:189.2,189.31 1 0
github.com/local/cassonic/src/server/service/cover_art.go:193.57,195.16 2 0
github.com/local/cassonic/src/server/service/cover_art.go:195.16,197.3 1 0
github.com/local/cassonic/src/server/service/cover_art.go:199.2,200.28 2 0
github.com/local/cassonic/src/server/service/cover_art.go:200.28,201.17 1 0
github.com/local/cassonic/src/server/service/cover_art.go:201.17,203.4 1 0
github.com/local/cassonic/src/server/service/cover_art.go:206.2,206.46 1 0
github.com/local/cassonic/src/server/service/cover_art.go:206.46,208.10 2 0
github.com/local/cassonic/src/server/service/cover_art.go:208.10,209.12 1 0
github.com/local/cassonic/src/server/service/cover_art.go:211.3,213.17 3 0
github.com/local/cassonic/src/server/service/cover_art.go:213.17,214.12 1 0
github.com/local/cassonic/src/server/service/cover_art.go:216.3,216.46 1 0
github.com/local/cassonic/src/server/service/cover_art.go:216.46,217.12 1 0
github.com/local/cassonic/src/server/service/cover_art.go:219.3,220.25 2 0
github.com/local/cassonic/src/server/service/cover_art.go:223.2,223.31 1 0
github.com/local/cassonic/src/server/service/cover_art.go:227.43,228.45 1 0
github.com/local/cassonic/src/server/service/cover_art.go:229.23,230.22 1 0
github.com/local/cassonic/src/server/service/cover_art.go:231.14,232.21 1 0
github.com/local/cassonic/src/server/service/cover_art.go:233.14,234.21 1 0
github.com/local/cassonic/src/server/service/cover_art.go:235.10,236.22 1 0
github.com/local/cassonic/src/server/service/cover_art.go:242.29,243.40 1 0
github.com/local/cassonic/src/server/service/cover_art.go:243.40,244.16 1 0
github.com/local/cassonic/src/server/service/cover_art.go:244.16,246.4 1 0
github.com/local/cassonic/src/server/service/cover_art.go:248.2,248.56 1 0
github.com/local/cassonic/src/server/service/cover_art.go:252.53,253.62 1 0
github.com/local/cassonic/src/server/service/cover_art.go:253.62,255.3 1 0
github.com/local/cassonic/src/server/service/cover_art.go:256.2,257.54 2 0
github.com/local/cassonic/src/server/service/cover_art.go:257.54,259.3 1 0
github.com/local/cassonic/src/server/service/cover_art.go:260.2,260.45 1 0
github.com/local/cassonic/src/server/service/cover_art.go:260.45,263.3 2 0
github.com/local/cassonic/src/server/service/cover_art.go:264.2,264.12 1 0
github.com/local/cassonic/src/server/service/cover_art.go:269.55,274.34 4 0
github.com/local/cassonic/src/server/service/cover_art.go:274.34,276.3 1 0
github.com/local/cassonic/src/server/service/cover_art.go:278.2,279.11 2 0
github.com/local/cassonic/src/server/service/cover_art.go:279.11,282.15 3 0
github.com/local/cassonic/src/server/service/cover_art.go:282.15,284.4 1 0
github.com/local/cassonic/src/server/service/cover_art.go:285.8,288.15 3 0
github.com/local/cassonic/src/server/service/cover_art.go:288.15,290.4 1 0
github.com/local/cassonic/src/server/service/cover_art.go:293.2,295.12 3 0
github.com/local/cassonic/src/server/service/cover_art.go:299.52,301.16 2 0
github.com/local/cassonic/src/server/service/cover_art.go:301.16,303.3 1 0
github.com/local/cassonic/src/server/service/cover_art.go:304.2,304.17 1 0
github.com/local/cassonic/src/server/service/cover_art.go:308.50,310.75 2 0
github.com/local/cassonic/src/server/service/cover_art.go:310.75,312.3 1 0
github.com/local/cassonic/src/server/service/cover_art.go:313.2,313.25 1 0
github.com/local/cassonic/src/server/service/cover_art_refresh.go:12.65,14.16 2 0
github.com/local/cassonic/src/server/service/cover_art_refresh.go:14.16,16.3 1 0
github.com/local/cassonic/src/server/service/cover_art_refresh.go:18.2,20.31 2 0
github.com/local/cassonic/src/server/service/cover_art_refresh.go:20.31,21.28 1 0
github.com/local/cassonic/src/server/service/cover_art_refresh.go:21.28,22.12 1 0
github.com/local/cassonic/src/server/service/cover_art_refresh.go:25.3,25.39 1 0
github.com/local/cassonic/src/server/service/cover_art_refresh.go:25.39,26.76 1 0
github.com/local/cassonic/src/server/service/cover_art_refresh.go:26.76,27.13 1 0
github.com/local/cassonic/src/server/service/cover_art_refresh.go:32.2,32.12 1 0
github.com/local/cassonic/src/server/service/scanner.go:40.91,46.2 1 0
github.com/local/cassonic/src/server/service/scanner.go:62.66,64.16 2 0
github.com/local/cassonic/src/server/service/scanner.go:64.16,66.3 1 0
github.com/local/cassonic/src/server/service/scanner.go:68.2,73.16 3 0
github.com/local/cassonic/src/server/service/scanner.go:73.16,75.3 1 0
github.com/local/cassonic/src/server/service/scanner.go:76.2,81.27 4 0
github.com/local/cassonic/src/server/service/scanner.go:81.27,82.19 1 0
github.com/local/cassonic/src/server/service/scanner.go:82.19,83.12 1 0
github.com/local/cassonic/src/server/service/scanner.go:85.3,85.71 1 0
github.com/local/cassonic/src/server/service/scanner.go:85.71,91.4 5 0
github.com/local/cassonic/src/server/service/scanner.go:94.2,94.72 1 0
github.com/local/cassonic/src/server/service/scanner.go:94.72,96.3 1 0
github.com/local/cassonic/src/server/service/scanner.go:97.2,97.71 1 0
github.com/local/cassonic/src/server/service/scanner.go:97.71,99.3 1 0
github.com/local/cassonic/src/server/service/scanner.go:100.2,100.66 1 0
github.com/local/cassonic/src/server/service/scanner.go:100.66,102.3 1 0
github.com/local/cassonic/src/server/service/scanner.go:104.2,110.44 7 0
github.com/local/cassonic/src/server/service/scanner.go:110.44,112.3 1 0
github.com/local/cassonic/src/server/service/scanner.go:114.2,114.20 1 0
github.com/local/cassonic/src/server/service/scanner.go:114.20,116.3 1 0
github.com/local/cassonic/src/server/service/scanner.go:116.8,118.3 1 0
github.com/local/cassonic/src/server/service/scanner.go:119.2,119.74 1 0
github.com/local/cassonic/src/server/service/scanner.go:119.74,121.3 1 0
github.com/local/cassonic/src/server/service/scanner.go:123.2,123.16 1 0
github.com/local/cassonic/src/server/service/scanner.go:128.117,130.21 2 0
github.com/local/cassonic/src/server/service/scanner.go:130.21,132.3 1 0
github.com/local/cassonic/src/server/service/scanner.go:134.2,138.12 4 0
github.com/local/cassonic/src/server/service/scanner.go:138.12,141.3 2 0
github.com/local/cassonic/src/server/service/scanner.go:143.2,143.12 1 0
github.com/local/cassonic/src/server/service/scanner.go:143.12,145.29 2 0
github.com/local/cassonic/src/server/service/scanner.go:145.29,147.19 2 0
github.com/local/cassonic/src/server/service/scanner.go:147.19,149.5 1 0
github.com/local/cassonic/src/server/service/scanner.go:153.2,155.35 2 0
github.com/local/cassonic/src/server/service/scanner.go:155.35,157.3 1 0
github.com/local/cassonic/src/server/service/scanner.go:159.2,160.40 2 0
github.com/local/cassonic/src/server/service/scanner.go:165.124,167.16 2 0
github.com/local/cassonic/src/server/service/scanner.go:167.16,170.3 2 0
github.com/local/cassonic/src/server/service/scanner.go:172.2,172.33 1 0
github.com/local/cassonic/src/server/service/scanner.go:172.33,174.19 2 0
github.com/local/cassonic/src/server/service/scanner.go:174.19,177.4 2 0
github.com/local/cassonic/src/server/service/scanner.go:178.3,178.22 1 0
github.com/local/cassonic/src/server/service/scanner.go:178.22,180.16 2 0
github.com/local/cassonic/src/server/service/scanner.go:180.16,182.5 1 0
github.com/local/cassonic/src/server/service/scanner.go:183.4,183.27 1 0
github.com/local/cassonic/src/server/service/scanner.go:183.27,185.5 1 0
github.com/local/cassonic/src/server/service/scanner.go:189.2,190.16 2 0
github.com/local/cassonic/src/server/service/scanner.go:190.16,194.3 3 0
github.com/local/cassonic/src/server/service/scanner.go:195.2,198.22 3 0
github.com/local/cassonic/src/server/service/scanner.go:198.22,200.3 1 0
github.com/local/cassonic/src/server/service/scanner.go:201.2,202.27 2 0
github.com/local/cassonic/src/server/service/scanner.go:202.27,204.3 1 0
github.com/local/cassonic/src/server/service/scanner.go:205.2,206.21 2 0
github.com/local/cassonic/src/server/service/scanner.go:206.21,208.3 1 0
github.com/local/cassonic/src/server/service/scanner.go:209.2,210.17 2 0
github.com/local/cassonic/src/server/service/scanner.go:210.17,212.3 1 0
github.com/local/cassonic/src/server/service/scanner.go:213.2,219.16 6 0
github.com/local/cassonic/src/server/service/scanner.go:219.16,223.3 3 0
github.com/local/cassonic/src/server/service/scanner.go:225.2,226.35 2 0
github.com/local/cassonic/src/server/service/scanner.go:226.35,228.17 2 0
github.com/local/cassonic/src/server/service/scanner.go:228.17,232.4 3 0
github.com/local/cassonic/src/server/service/scanner.go:235.2,236.16 2 0
github.com/local/cassonic/src/server/service/scanner.go:236.16,240.3 3 0
github.com/local/cassonic/src/server/service/scanner.go:242.2,242.103 1 0
github.com/local/cassonic/src/server/service/scanner.go:242.103,246.3 3 0
github.com/local/cassonic/src/server/service/scanner.go:248.2,248.25 1 0
github.com/local/cassonic/src/server/service/scanner.go:253.103,260.2 2 0
github.com/local/cassonic/src/server/service/scanner.go:264.118,274.2 2 0
github.com/local/cassonic/src/server/service/scanner.go:285.9,287.16 2 0
github.com/local/cassonic/src/server/service/scanner.go:287.16,290.3 2 0
github.com/local/cassonic/src/server/service/scanner.go:292.2,293.29 2 0
github.com/local/cassonic/src/server/service/scanner.go:293.29,300.19 3 0
github.com/local/cassonic/src/server/service/scanner.go:300.19,302.4 1 0
github.com/local/cassonic/src/server/service/scanner.go:302.9,304.4 1 0
github.com/local/cassonic/src/server/service/scanner.go:307.2,346.12 3 0
github.com/local/cassonic/src/server/service/scanner.go:350.44,352.16 2 0
github.com/local/cassonic/src/server/service/scanner.go:352.16,354.3 1 0
github.com/local/cassonic/src/server/service/scanner.go:355.2,358.41 3 0
github.com/local/cassonic/src/server/service/scanner.go:358.41,360.3 1 0
github.com/local/cassonic/src/server/service/scanner.go:361.2,361.44 1 0
github.com/local/cassonic/src/server/service/scanner_walk.go:28.36,31.2 2 0
github.com/local/cassonic/src/server/service/scanner_walk.go:45.9,49.81 2 0
github.com/local/cassonic/src/server/service/scanner_walk.go:49.81,50.17 1 0
github.com/local/cassonic/src/server/service/scanner_walk.go:50.17,52.4 1 0
github.com/local/cassonic/src/server/service/scanner_walk.go:54.3,54.10 1 0
github.com/local/cassonic/src/server/service/scanner_walk.go:55.21,56.20 1 0
github.com/local/cassonic/src/server/service/scanner_walk.go:57.11,57.11 0 0
github.com/local/cassonic/src/server/service/scanner_walk.go:60.3,60.16 1 0
github.com/local/cassonic/src/server/service/scanner_walk.go:60.16,62.25 2 0
github.com/local/cassonic/src/server/service/scanner_walk.go:62.25,64.5 1 0
github.com/local/cassonic/src/server/service/scanner_walk.go:65.4,65.25 1 0
github.com/local/cassonic/src/server/service/scanner_walk.go:65.25,67.5 1 0
github.com/local/cassonic/src/server/service/scanner_walk.go:68.4,69.14 2 0
github.com/local/cassonic/src/server/service/scanner_walk.go:73.3,73.35 1 0
github.com/local/cassonic/src/server/service/scanner_walk.go:73.35,74.23 1 0
github.com/local/cassonic/src/server/service/scanner_walk.go:74.23,76.5 1 0
github.com/local/cassonic/src/server/service/scanner_walk.go:77.4,78.25 2 0
github.com/local/cassonic/src/server/service/scanner_walk.go:78.25,80.5 1 0
github.com/local/cassonic/src/server/service/scanner_walk.go:81.4,82.22 2 0
github.com/local/cassonic/src/server/service/scanner_walk.go:82.22,84.5 1 0
github.com/local/cassonic/src/server/service/scanner_walk.go:85.4,85.20 1 0
github.com/local/cassonic/src/server/service/scanner_walk.go:85.20,86.26 1 0
github.com/local/cassonic/src/server/service/scanner_walk.go:86.26,88.6 1 0
github.com/local/cassonic/src/server/service/scanner_walk.go:89.5,91.83 2 0
github.com/local/cassonic/src/server/service/scanner_walk.go:93.4,93.19 1 0
github.com/local/cassonic/src/server/service/scanner_walk.go:96.3,96.25 1 0
github.com/local/cassonic/src/server/service/scanner_walk.go:96.25,98.4 1 0
github.com/local/cassonic/src/server/service/scanner_walk.go:100.3,101.43 2 0
github.com/local/cassonic/src/server/service/scanner_walk.go:101.43,103.34 2 0
github.com/local/cassonic/src/server/service/scanner_walk.go:103.34,105.5 1 0
github.com/local/cassonic/src/server/service/scanner_walk.go:108.3,108.10 1 0
github.com/local/cassonic/src/server/service/scanner_walk.go:109.21,110.20 1 0
github.com/local/cassonic/src/server/service/scanner_walk.go:111.24,111.24 0 0
github.com/local/cassonic/src/server/service/scanner_walk.go:114.3,114.13 1 0
github.com/local/cassonic/src/server/service/scanner_walk.go:120.68,122.28 2 0
github.com/local/cassonic/src/server/service/scanner_walk.go:122.28,124.13 2 0
github.com/local/cassonic/src/server/service/scanner_walk.go:124.13,126.26 2 0
github.com/local/cassonic/src/server/service/scanner_walk.go:126.26,127.12 1 0
github.com/local/cassonic/src/server/service/scanner_walk.go:128.23,129.12 1 0
github.com/local/cassonic/src/server/service/scanner_walk.go:130.13,131.11 1 0
github.com/local/cassonic/src/server/service/scanner_walk.go:136.2,136.11 1 0
github.com/local/cassonic/src/server/handler/ampache/ampache.go:29.12,37.2 1 0
github.com/local/cassonic/src/server/handler/ampache/ampache.go:40.41,44.79 3 0
github.com/local/cassonic/src/server/handler/ampache/ampache.go:44.79,46.3 1 0
github.com/local/cassonic/src/server/handler/ampache/ampache.go:47.2,47.80 1 0
github.com/local/cassonic/src/server/handler/ampache/ampache.go:47.80,49.3 1 0
github.com/local/cassonic/src/server/handler/ampache/ampache.go:50.2,50.80 1 0
github.com/local/cassonic/src/server/handler/ampache/ampache.go:50.80,52.3 1 0
github.com/local/cassonic/src/server/handler/ampache/ampache.go:53.2,53.81 1 0
github.com/local/cassonic/src/server/handler/ampache/ampache.go:53.81,55.3 1 0
github.com/local/cassonic/src/server/handler/ampache/ampache.go:57.2,57.10 1 0
github.com/local/cassonic/src/server/handler/ampache/ampache.go:62.81,64.18 2 0
github.com/local/cassonic/src/server/handler/ampache/ampache.go:64.18,66.3 1 0
github.com/local/cassonic/src/server/handler/ampache/ampache.go:67.2,67.16 1 0
github.com/local/cassonic/src/server/handler/ampache/ampache.go:69.19,70.28 1 0
github.com/local/cassonic/src/server/handler/ampache/ampache.go:71.17,72.26 1 0
github.com/local/cassonic/src/server/handler/ampache/ampache.go:73.14,74.23 1 0
github.com/local/cassonic/src/server/handler/ampache/ampache.go:75.25,76.33 1 0
github.com/local/cassonic/src/server/handler/ampache/ampache.go:79.17,80.26 1 0
github.com/local/cassonic/src/server/handler/ampache/ampache.go:81.16,82.25 1 0
github.com/local/cassonic/src/server/handler/ampache/ampache.go:83.23,84.31 1 0
github.com/local/cassonic/src/server/handler/ampache/ampache.go:85.22,86.30 1 0
github.com/local/cassonic/src/server/handler/ampache/ampache.go:87.16,88.25 1 0
github.com/local/cassonic/src/server/handler/ampache/ampache.go:89.15,90.24 1 0
github.com/local/cassonic/src/server/handler/ampache/ampache.go:91.21,92.29 1 0
github.com/local/cassonic/src/server/handler/ampache/ampache.go:93.15,94.24 1 0
github.com/local/cassonic/src/server/handler/ampache/ampache.go:95.14,96.23 1 0
github.com/local/cassonic/src/server/handler/ampache/ampache.go:97.16,98.25 1 0
github.com/local/cassonic/src/server/handler/ampache/ampache.go:99.15,100.24 1 0
github.com/local/cassonic/src/server/handler/ampache/ampache.go:101.21,102.29 1 0
github.com/local/cassonic/src/server/handler/ampache/ampache.go:103.22,104.30 1 0
github.com/local/cassonic/src/server/handler/ampache/ampache.go:105.23,106.31 1 0
github.com/local/cassonic/src/server/handler/ampache/ampache.go:107.21,108.29 1 0
github.com/local/cassonic/src/server/handler/ampache/ampache.go:109.15,110.24 1 0
github.com/local/cassonic/src/server/handler/ampache/ampache.go:111.25,112.33 1 0
github.com/local/cassonic/src/server/handler/ampache/ampache.go:113.23,114.31 1 0
github.com/local/cassonic/src/server/handler/ampache/ampache.go:115.18,116.27 1 0
github.com/local/cassonic/src/server/handler/ampache/ampache.go:117.17,118.26 1 0
github.com/local/cassonic/src/server/handler/ampache/ampache.go:119.23,120.31 1 0
github.com/local/cassonic/src/server/handler/ampache/ampache.go:121.24,122.32 1 0
github.com/local/cassonic/src/server/handler/ampache/ampache.go:123.25,124.33 1 0
github.com/local/cassonic/src/server/handler/ampache/ampache.go:125.24,126.32 1 0
github.com/local/cassonic/src/server/handler/ampache/ampache.go:127.16,128.25 1 0
github.com/local/cassonic/src/server/handler/ampache/ampache.go:129.15,130.24 1 0
github.com/local/cassonic/src/server/handler/ampache/ampache.go:131.23,132.31 1 0
github.com/local/cassonic/src/server/handler/ampache/ampache.go:135.16,136.25 1 0
github.com/local/cassonic/src/server/handler/ampache/ampache.go:137.18,138.27 1 0
github.com/local/cassonic/src/server/handler/ampache/ampache.go:139.17,140.25 1 0
github.com/local/cassonic/src/server/handler/ampache/ampache.go:141.20,142.28 1 0
github.com/local/cassonic/src/server/handler/ampache/ampache.go:143.28,144.35 1 0
github.com/local/cassonic/src/server/handler/ampache/ampache.go:145.16,146.25 1 0
github.com/local/cassonic/src/server/handler/ampache/ampache.go:149.19,150.28 1 0
github.com/local/cassonic/src/server/handler/ampache/ampache.go:151.18,152.27 1 0
github.com/local/cassonic/src/server/handler/ampache/ampache.go:153.24,154.32 1 0
github.com/local/cassonic/src/server/handler/ampache/ampache.go:155.25,156.33 1 0
github.com/local/cassonic/src/server/handler/ampache/ampache.go:157.23,158.31 1 0
github.com/local/cassonic/src/server/handler/ampache/ampache.go:159.25,160.33 1 0
github.com/local/cassonic/src/server/handler/ampache/ampache.go:161.27,162.34 1 0
github.com/local/cassonic/src/server/handler/ampache/ampache.go:163.30,164.37 1 0
github.com/local/cassonic/src/server/handler/ampache/ampache.go:165.27,166.35 1 0
github.com/local/cassonic/src/server/handler/ampache/ampache.go:167.14,168.23 1 0
github.com/local/cassonic/src/server/handler/ampache/ampache.go:169.14,170.23 1 0
github.com/local/cassonic/src/server/handler/ampache/ampache.go:171.21,172.29 1 0
github.com/local/cassonic/src/server/handler/ampache/ampache.go:173.18,174.27 1 0
github.com/local/cassonic/src/server/handler/ampache/ampache.go:175.21,176.29 1 0
github.com/local/cassonic/src/server/handler/ampache/ampache.go:177.21,178.29 1 0
github.com/local/cassonic/src/server/handler/ampache/ampache.go:179.16,180.25 1 0
github.com/local/cassonic/src/server/handler/ampache/ampache.go:181.15,182.24 1 0
github.com/local/cassonic/src/server/handler/ampache/ampache.go:183.22,184.30 1 0
github.com/local/cassonic/src/server/handler/ampache/ampache.go:185.20,186.28 1 0
github.com/local/cassonic/src/server/handler/ampache/ampache.go:187.22,188.30 1 0
github.com/local/cassonic/src/server/handler/ampache/ampache.go:189.19,190.28 1 0
github.com/local/cassonic/src/server/handler/ampache/ampache.go:191.25,192.33 1 0
github.com/local/cassonic/src/server/handler/ampache/ampache.go:193.23,194.31 1 0
github.com/local/cassonic/src/server/handler/ampache/ampache.go:195.25,196.33 1 0
github.com/local/cassonic/src/server/handler/ampache/ampache.go:197.22,198.30 1 0
github.com/local/cassonic/src/server/handler/ampache/ampache.go:199.23,200.31 1 0
github.com/local/cassonic/src/server/handler/ampache/ampache.go:201.23,202.31 1 0
github.com/local/cassonic/src/server/handler/ampache/ampache.go:203.34,204.41 1 0
github.com/local/cassonic/src/server/handler/ampache/ampache.go:207.14,208.23 1 0
github.com/local/cassonic/src/server/handler/ampache/ampache.go:209.15,210.24 1 0
github.com/local/cassonic/src/server/handler/ampache/ampache.go:211.21,212.29 1 0
github.com/local/cassonic/src/server/handler/ampache/ampache.go:213.19,214.27 1 0
github.com/local/cassonic/src/server/handler/ampache/ampache.go:215.21,216.29 1 0
github.com/local/cassonic/src/server/handler/ampache/ampache.go:217.26,218.34 1 0
github.com/local/cassonic/src/server/handler/ampache/ampache.go:219.25,220.33 1 0
github.com/local/cassonic/src/server/handler/ampache/ampache.go:221.28,222.36 1 0
github.com/local/cassonic/src/server/handler/ampache/ampache.go:223.27,224.35 1 0
github.com/local/cassonic/src/server/handler/ampache/ampache.go:225.27,226.35 1 0
github.com/local/cassonic/src/server/handler/ampache/ampache.go:227.25,228.33 1 0
github.com/local/cassonic/src/server/handler/ampache/ampache.go:229.27,230.35 1 0
github.com/local/cassonic/src/server/handler/ampache/ampache.go:231.23,232.31 1 0
github.com/local/cassonic/src/server/handler/ampache/ampache.go:233.21,234.29 1 0
github.com/local/cassonic/src/server/handler/ampache/ampache.go:235.18,236.27 1 0
github.com/local/cassonic/src/server/handler/ampache/ampache.go:237.26,238.34 1 0
github.com/local/cassonic/src/server/handler/ampache/ampache.go:241.18,242.27 1 0
github.com/local/cassonic/src/server/handler/ampache/ampache.go:243.17,244.26 1 0
github.com/local/cassonic/src/server/handler/ampache/ampache.go:245.24,246.32 1 0
github.com/local/cassonic/src/server/handler/ampache/ampache.go:247.22,248.30 1 0
github.com/local/cassonic/src/server/handler/ampache/ampache.go:249.24,250.32 1 0
github.com/local/cassonic/src/server/handler/ampache/ampache.go:251.26,252.34 1 0
github.com/local/cassonic/src/server/handler/ampache/ampache.go:253.25,254.33 1 0
github.com/local/cassonic/src/server/handler/ampache/ampache.go:255.32,256.39 1 0
github.com/local/cassonic/src/server/handler/ampache/ampache.go:257.24,258.32 1 0
github.com/local/cassonic/src/server/handler/ampache/ampache.go:261.22,262.30 1 0
github.com/local/cassonic/src/server/handler/ampache/ampache.go:263.21,264.29 1 0
github.com/local/cassonic/src/server/handler/ampache/ampache.go:265.28,266.35 1 0
github.com/local/cassonic/src/server/handler/ampache/ampache.go:267.26,268.33 1 0
github.com/local/cassonic/src/server/handler/ampache/ampache.go:269.28,270.35 1 0
github.com/local/cassonic/src/server/handler/ampache/ampache.go:272.10,273.66 1 0
github.com/local/cassonic/src/server/handler/ampache/ampache.go:278.48,280.13 2 0
github.com/local/cassonic/src/server/handler/ampache/ampache.go:280.13,282.3 1 0
github.com/local/cassonic/src/server/handler/ampache/ampache.go:283.2,283.10 1 0
github.com/local/cassonic/src/server/handler/ampache/ampache.go:288.114,290.17 2 0
github.com/local/cassonic/src/server/handler/ampache/ampache.go:290.17,293.3 2 0
github.com/local/cassonic/src/server/handler/ampache/ampache.go:294.2,295.20 2 0
github.com/local/cassonic/src/server/handler/ampache/ampache.go:295.20,298.3 2 0
github.com/local/cassonic/src/server/handler/ampache/ampache.go:299.2,299.16 1 0
github.com/local/cassonic/src/server/handler/ampache/ampache.go:304.112,306.20 2 0
github.com/local/cassonic/src/server/handler/ampache/ampache.go:306.20,308.3 1 0
github.com/local/cassonic/src/server/handler/ampache/ampache.go:309.2,310.48 2 0
github.com/local/cassonic/src/server/handler/ampache/ampache.go:310.48,313.3 2 0
github.com/local/cassonic/src/server/handler/ampache/ampache.go:314.2,314.16 1 0
github.com/local/cassonic/src/server/handler/ampache/browse.go:15.38,17.18 2 0
github.com/local/cassonic/src/server/handler/ampache/browse.go:17.18,19.3 1 0
github.com/local/cassonic/src/server/handler/ampache/browse.go:20.2,20.57 1 0
github.com/local/cassonic/src/server/handler/ampache/browse.go:20.57,22.3 1 0
github.com/local/cassonic/src/server/handler/ampache/browse.go:23.2,23.32 1 0
github.com/local/cassonic/src/server/handler/ampache/browse.go:27.80,29.20 2 0
github.com/local/cassonic/src/server/handler/ampache/browse.go:29.20,31.3 1 0
github.com/local/cassonic/src/server/handler/ampache/browse.go:33.2,40.18 7 0
github.com/local/cassonic/src/server/handler/ampache/browse.go:40.18,42.17 2 0
github.com/local/cassonic/src/server/handler/ampache/browse.go:42.17,45.4 2 0
github.com/local/cassonic/src/server/handler/ampache/browse.go:46.3,46.26 1 0
github.com/local/cassonic/src/server/handler/ampache/browse.go:46.26,48.4 1 0
github.com/local/cassonic/src/server/handler/ampache/browse.go:49.8,51.17 2 0
github.com/local/cassonic/src/server/handler/ampache/browse.go:51.17,54.4 2 0
github.com/local/cassonic/src/server/handler/ampache/browse.go:55.3,55.26 1 0
github.com/local/cassonic/src/server/handler/ampache/browse.go:55.26,57.4 1 0
github.com/local/cassonic/src/server/handler/ampache/browse.go:60.2,60.19 1 0
github.com/local/cassonic/src/server/handler/ampache/browse.go:60.19,62.3 1 0
github.com/local/cassonic/src/server/handler/ampache/browse.go:63.2,63.49 1 0
github.com/local/cassonic/src/server/handler/ampache/browse.go:67.79,69.20 2 0
github.com/local/cassonic/src/server/handler/ampache/browse.go:69.20,71.3 1 0
github.com/local/cassonic/src/server/handler/ampache/browse.go:73.2,74.13 2 0
github.com/local/cassonic/src/server/handler/ampache/browse.go:74.13,77.3 2 0
github.com/local/cassonic/src/server/handler/ampache/browse.go:79.2,80.28 2 0
github.com/local/cassonic/src/server/handler/ampache/browse.go:80.28,83.3 2 0
github.com/local/cassonic/src/server/handler/ampache/browse.go:85.2,85.51 1 0
github.com/local/cassonic/src/server/handler/ampache/browse.go:89.85,91.20 2 0
github.com/local/cassonic/src/server/handler/ampache/browse.go:91.20,93.3 1 0
github.com/local/cassonic/src/server/handler/ampache/browse.go:95.2,96.13 2 0
github.com/local/cassonic/src/server/handler/ampache/browse.go:96.13,99.3 2 0
github.com/local/cassonic/src/server/handler/ampache/browse.go:101.2,102.16 2 0
github.com/local/cassonic/src/server/handler/ampache/browse.go:102.16,105.3 2 0
github.com/local/cassonic/src/server/handler/ampache/browse.go:107.2,109.25 3 0
github.com/local/cassonic/src/server/handler/ampache/browse.go:109.25,111.3 1 0
github.com/local/cassonic/src/server/handler/ampache/browse.go:112.2,112.48 1 0
github.com/local/cassonic/src/server/handler/ampache/browse.go:116.84,118.20 2 0
github.com/local/cassonic/src/server/handler/ampache/browse.go:118.20,120.3 1 0
github.com/local/cassonic/src/server/handler/ampache/browse.go:122.2,123.13 2 0
github.com/local/cassonic/src/server/handler/ampache/browse.go:123.13,126.3 2 0
github.com/local/cassonic/src/server/handler/ampache/browse.go:128.2,129.16 2 0
github.com/local/cassonic/src/server/handler/ampache/browse.go:129.16,132.3 2 0
github.com/local/cassonic/src/server/handler/ampache/browse.go:134.2,136.25 3 0
github.com/local/cassonic/src/server/handler/ampache/browse.go:136.25,138.3 1 0
github.com/local/cassonic/src/server/handler/ampache/browse.go:139.2,139.47 1 0
github.com/local/cassonic/src/server/handler/ampache/browse.go:143.79,145.20 2 0
github.com/local/cassonic/src/server/handler/ampache/browse.go:145.20,147.3 1 0
github.com/local/cassonic/src/server/handler/ampache/browse.go:149.2,156.18 7 0
github.com/local/cassonic/src/server/handler/ampache/browse.go:156.18,158.17 2 0
github.com/local/cassonic/src/server/handler/ampache/browse.go:158.17,161.4 2 0
github.com/local/cassonic/src/server/handler/ampache/browse.go:162.3,162.26 1 0
github.com/local/cassonic/src/server/handler/ampache/browse.go:162.26,164.4 1 0
github.com/local/cassonic/src/server/handler/ampache/browse.go:165.8,167.17 2 0
github.com/local/cassonic/src/server/handler/ampache/browse.go:167.17,170.4 2 0
github.com/local/cassonic/src/server/handler/ampache/browse.go:171.3,171.26 1 0
github.com/local/cassonic/src/server/handler/ampache/browse.go:171.26,173.4 1 0
github.com/local/cassonic/src/server/handler/ampache/browse.go:176.2,176.19 1 0
github.com/local/cassonic/src/server/handler/ampache/browse.go:176.19,178.3 1 0
github.com/local/cassonic/src/server/handler/ampache/browse.go:179.2,179.48 1 0
github.com/local/cassonic/src/server/handler/ampache/browse.go:183.78,185.20 2 0
github.com/local/cassonic/src/server/handler/ampache/browse.go:185.20,187.3 1 0
github.com/local/cassonic/src/server/handler/ampache/browse.go:189.2,190.13 2 0
github.com/local/cassonic/src/server/handler/ampache/browse.go:190.13,193.3 2 0
github.com/local/cassonic/src/server/handler/ampache/browse.go:195.2,196.28 2 0
github.com/local/cassonic/src/server/handler/ampache/browse.go:196.28,199.3 2 0
github.com/local/cassonic/src/server/handler/ampache/browse.go:201.2,201.50 1 0
github.com/local/cassonic/src/server/handler/ampache/browse.go:205.83,207.20 2 0
github.com/local/cassonic/src/server/handler/ampache/browse.go:207.20,209.3 1 0
github.com/local/cassonic/src/server/handler/ampache/browse.go:211.2,212.13 2 0
github.com/local/cassonic/src/server/handler/ampache/browse.go:212.13,215.3 2 0
github.com/local/cassonic/src/server/handler/ampache/browse.go:217.2,218.16 2 0
github.com/local/cassonic/src/server/handler/ampache/browse.go:218.16,221.3 2 0
github.com/local/cassonic/src/server/handler/ampache/browse.go:223.2,225.25 3 0
github.com/local/cassonic/src/server/handler/ampache/browse.go:225.25,227.3 1 0
github.com/local/cassonic/src/server/handler/ampache/browse.go:228.2,228.47 1 0
github.com/local/cassonic/src/server/handler/ampache/browse.go:232.78,234.20 2 0
github.com/local/cassonic/src/server/handler/ampache/browse.go:234.20,236.3 1 0
github.com/local/cassonic/src/server/handler/ampache/browse.go:238.2,245.18 7 0
github.com/local/cassonic/src/server/handler/ampache/browse.go:245.18,247.17 2 0
github.com/local/cassonic/src/server/handler/ampache/browse.go:247.17,250.4 2 0
github.com/local/cassonic/src/server/handler/ampache/browse.go:251.3,251.26 1 0
github.com/local/cassonic/src/server/handler/ampache/browse.go:251.26,253.4 1 0
github.com/local/cassonic/src/server/handler/ampache/browse.go:254.8,256.17 2 0
github.com/local/cassonic/src/server/handler/ampache/browse.go:256.17,259.4 2 0
github.com/local/cassonic/src/server/handler/ampache/browse.go:260.3,261.26 2 0
github.com/local/cassonic/src/server/handler/ampache/browse.go:261.26,263.4 1 0
github.com/local/cassonic/src/server/handler/ampache/browse.go:266.2,266.19 1 0
github.com/local/cassonic/src/server/handler/ampache/browse.go:266.19,268.3 1 0
github.com/local/cassonic/src/server/handler/ampache/browse.go:269.2,269.47 1 0
github.com/local/cassonic/src/server/handler/ampache/browse.go:273.77,275.20 2 0
github.com/local/cassonic/src/server/handler/ampache/browse.go:275.20,277.3 1 0
github.com/local/cassonic/src/server/handler/ampache/browse.go:279.2,280.13 2 0
github.com/local/cassonic/src/server/handler/ampache/browse.go:280.13,283.3 2 0
github.com/local/cassonic/src/server/handler/ampache/browse.go:285.2,286.28 2 0
github.com/local/cassonic/src/server/handler/ampache/browse.go:286.28,289.3 2 0
github.com/local/cassonic/src/server/handler/ampache/browse.go:291.2,291.49 1 0
github.com/local/cassonic/src/server/handler/ampache/browse.go:295.79,297.20 2 0
github.com/local/cassonic/src/server/handler/ampache/browse.go:297.20,299.3 1 0
github.com/local/cassonic/src/server/handler/ampache/browse.go:301.2,302.16 2 0
github.com/local/cassonic/src/server/handler/ampache/browse.go:302.16,305.3 2 0
github.com/local/cassonic/src/server/handler/ampache/browse.go:307.2,308.25 2 0
github.com/local/cassonic/src/server/handler/ampache/browse.go:308.25,315.3 1 0
github.com/local/cassonic/src/server/handler/ampache/browse.go:316.2,316.48 1 0
github.com/local/cassonic/src/server/handler/ampache/browse.go:320.78,322.20 2 0
github.com/local/cassonic/src/server/handler/ampache/browse.go:322.20,324.3 1 0
github.com/local/cassonic/src/server/handler/ampache/browse.go:326.2,327.18 2 0
github.com/local/cassonic/src/server/handler/ampache/browse.go:327.18,330.3 2 0
github.com/local/cassonic/src/server/handler/ampache/browse.go:332.2,333.16 2 0
github.com/local/cassonic/src/server/handler/ampache/browse.go:333.16,336.3 2 0
github.com/local/cassonic/src/server/handler/ampache/browse.go:338.2,338.25 1 0
github.com/local/cassonic/src/server/handler/ampache/browse.go:338.25,339.40 1 0
github.com/local/cassonic/src/server/handler/ampache/browse.go:339.40,347.4 2 0
github.com/local/cassonic/src/server/handler/ampache/browse.go:349.2,349.51 1 0
github.com/local/cassonic/src/server/handler/ampache/browse.go:353.83,355.20 2 0
github.com/local/cassonic/src/server/handler/ampache/browse.go:355.20,357.3 1 0
github.com/local/cassonic/src/server/handler/ampache/browse.go:359.2,360.18 2 0
github.com/local/cassonic/src/server/handler/ampache/browse.go:360.18,363.3 2 0
github.com/local/cassonic/src/server/handler/ampache/browse.go:365.2,369.16 4 0
github.com/local/cassonic/src/server/handler/ampache/browse.go:369.16,372.3 2 0
github.com/local/cassonic/src/server/handler/ampache/browse.go:374.2,376.25 3 0
github.com/local/cassonic/src/server/handler/ampache/browse.go:376.25,378.3 1 0
github.com/local/cassonic/src/server/handler/ampache/browse.go:379.2,379.47 1 0
github.com/local/cassonic/src/server/handler/ampache/browse.go:383.84,385.20 2 0
github.com/local/cassonic/src/server/handler/ampache/browse.go:385.20,387.3 1 0
github.com/local/cassonic/src/server/handler/ampache/browse.go:389.2,390.18 2 0
github.com/local/cassonic/src/server/handler/ampache/browse.go:390.18,393.3 2 0
github.com/local/cassonic/src/server/handler/ampache/browse.go:395.2,396.16 2 0
github.com/local/cassonic/src/server/handler/ampache/browse.go:396.16,399.3 2 0
github.com/local/cassonic/src/server/handler/ampache/browse.go:401.2,403.25 3 0
github.com/local/cassonic/src/server/handler/ampache/browse.go:403.25,404.41 1 0
github.com/local/cassonic/src/server/handler/ampache/browse.go:404.41,406.4 1 0
github.com/local/cassonic/src/server/handler/ampache/browse.go:408.2,408.48 1 0
github.com/local/cassonic/src/server/handler/ampache/browse.go:412.85,414.20 2 0
github.com/local/cassonic/src/server/handler/ampache/browse.go:414.20,416.3 1 0
github.com/local/cassonic/src/server/handler/ampache/browse.go:418.2,419.18 2 0
github.com/local/cassonic/src/server/handler/ampache/browse.go:419.18,422.3 2 0
github.com/local/cassonic/src/server/handler/ampache/browse.go:424.2,425.16 2 0
github.com/local/cassonic/src/server/handler/ampache/browse.go:425.16,428.3 2 0
github.com/local/cassonic/src/server/handler/ampache/browse.go:430.2,433.26 4 0
github.com/local/cassonic/src/server/handler/ampache/browse.go:433.26,434.23 1 0
github.com/local/cassonic/src/server/handler/ampache/browse.go:434.23,435.12 1 0
github.com/local/cassonic/src/server/handler/ampache/browse.go:437.3,439.29 3 0
github.com/local/cassonic/src/server/handler/ampache/browse.go:439.29,441.4 1 0
github.com/local/cassonic/src/server/handler/ampache/browse.go:443.2,443.49 1 0
github.com/local/cassonic/src/server/handler/ampache/browse.go:447.83,449.20 2 0
github.com/local/cassonic/src/server/handler/ampache/browse.go:449.20,451.3 1 0
github.com/local/cassonic/src/server/handler/ampache/browse.go:453.2,457.16 4 0
github.com/local/cassonic/src/server/handler/ampache/browse.go:457.16,460.3 2 0
github.com/local/cassonic/src/server/handler/ampache/browse.go:462.2,463.28 2 0
github.com/local/cassonic/src/server/handler/ampache/browse.go:463.28,465.3 1 0
github.com/local/cassonic/src/server/handler/ampache/browse.go:467.2,467.53 1 0
github.com/local/cassonic/src/server/handler/ampache/browse.go:471.78,473.20 2 0
github.com/local/cassonic/src/server/handler/ampache/browse.go:473.20,475.3 1 0
github.com/local/cassonic/src/server/handler/ampache/browse.go:477.2,485.27 7 0
github.com/local/cassonic/src/server/handler/ampache/browse.go:485.27,487.3 1 0
github.com/local/cassonic/src/server/handler/ampache/browse.go:489.2,495.4 1 0
github.com/local/cassonic/src/server/handler/ampache/browse.go:501.87,503.20 2 0
github.com/local/cassonic/src/server/handler/ampache/browse.go:503.20,505.3 1 0
github.com/local/cassonic/src/server/handler/ampache/browse.go:507.2,510.22 4 0
github.com/local/cassonic/src/server/handler/ampache/browse.go:510.22,512.3 1 0
github.com/local/cassonic/src/server/handler/ampache/browse.go:513.2,525.20 6 0
github.com/local/cassonic/src/server/handler/ampache/browse.go:525.20,528.21 3 0
github.com/local/cassonic/src/server/handler/ampache/browse.go:528.21,529.9 1 0
github.com/local/cassonic/src/server/handler/ampache/browse.go:531.3,533.76 3 0
github.com/local/cassonic/src/server/handler/ampache/browse.go:536.2,536.48 1 0
github.com/local/cassonic/src/server/handler/ampache/browse.go:536.48,537.13 1 0
github.com/local/cassonic/src/server/handler/ampache/browse.go:538.27,539.75 1 0
github.com/local/cassonic/src/server/handler/ampache/browse.go:540.21,541.76 1 0
github.com/local/cassonic/src/server/handler/ampache/browse.go:542.19,543.76 1 0
github.com/local/cassonic/src/server/handler/ampache/browse.go:544.18,545.42 1 0
github.com/local/cassonic/src/server/handler/ampache/browse.go:546.22,547.43 1 0
github.com/local/cassonic/src/server/handler/ampache/browse.go:548.11,549.75 1 0
github.com/local/cassonic/src/server/handler/ampache/browse.go:553.2,553.20 1 0
github.com/local/cassonic/src/server/handler/ampache/browse.go:554.14,556.28 2 0
github.com/local/cassonic/src/server/handler/ampache/browse.go:556.28,557.83 1 0
github.com/local/cassonic/src/server/handler/ampache/browse.go:557.83,559.10 2 0
github.com/local/cassonic/src/server/handler/ampache/browse.go:562.3,563.17 2 0
github.com/local/cassonic/src/server/handler/ampache/browse.go:563.17,566.4 2 0
github.com/local/cassonic/src/server/handler/ampache/browse.go:567.3,568.26 2 0
github.com/local/cassonic/src/server/handler/ampache/browse.go:568.26,570.29 2 0
github.com/local/cassonic/src/server/handler/ampache/browse.go:570.29,572.24 2 0
github.com/local/cassonic/src/server/handler/ampache/browse.go:573.18,574.24 1 0
github.com/local/cassonic/src/server/handler/ampache/browse.go:575.19,576.29 1 0
github.com/local/cassonic/src/server/handler/ampache/browse.go:577.18,578.28 1 0
github.com/local/cassonic/src/server/handler/ampache/browse.go:580.5,580.50 1 0
github.com/local/cassonic/src/server/handler/ampache/browse.go:580.50,582.11 2 0
github.com/local/cassonic/src/server/handler/ampache/browse.go:585.4,585.13 1 0
github.com/local/cassonic/src/server/handler/ampache/browse.go:585.13,587.5 1 0
github.com/local/cassonic/src/server/handler/ampache/browse.go:589.3,589.48 1 0
github.com/local/cassonic/src/server/handler/ampache/browse.go:591.15,593.28 2 0
github.com/local/cassonic/src/server/handler/ampache/browse.go:593.28,594.56 1 0
github.com/local/cassonic/src/server/handler/ampache/browse.go:594.56,596.10 2 0
github.com/local/cassonic/src/server/handler/ampache/browse.go:599.3,600.17 2 0
github.com/local/cassonic/src/server/handler/ampache/browse.go:600.17,603.4 2 0
github.com/local/cassonic/src/server/handler/ampache/browse.go:604.3,605.26 2 0
github.com/local/cassonic/src/server/handler/ampache/browse.go:605.26,607.29 2 0
github.com/local/cassonic/src/server/handler/ampache/browse.go:607.29,609.24 2 0
github.com/local/cassonic/src/server/handler/ampache/browse.go:610.27,611.24 1 0
github.com/local/cassonic/src/server/handler/ampache/browse.go:612.19,613.29 1 0
github.com/local/cassonic/src/server/handler/ampache/browse.go:615.5,615.50 1 0
github.com/local/cassonic/src/server/handler/ampache/browse.go:615.50,617.11 2 0
github.com/local/cassonic/src/server/handler/ampache/browse.go:620.4,620.13 1 0
github.com/local/cassonic/src/server/handler/ampache/browse.go:620.13,622.5 1 0
github.com/local/cassonic/src/server/handler/ampache/browse.go:624.3,624.49 1 0
github.com/local/cassonic/src/server/handler/ampache/browse.go:626.16,628.28 2 0
github.com/local/cassonic/src/server/handler/ampache/browse.go:628.28,629.57 1 0
github.com/local/cassonic/src/server/handler/ampache/browse.go:629.57,631.10 2 0
github.com/local/cassonic/src/server/handler/ampache/browse.go:634.3,635.17 2 0
github.com/local/cassonic/src/server/handler/ampache/browse.go:635.17,638.4 2 0
github.com/local/cassonic/src/server/handler/ampache/browse.go:639.3,640.26 2 0
github.com/local/cassonic/src/server/handler/ampache/browse.go:640.26,642.29 2 0
github.com/local/cassonic/src/server/handler/ampache/browse.go:642.29,644.24 2 0
github.com/local/cassonic/src/server/handler/ampache/browse.go:645.28,646.23 1 0
github.com/local/cassonic/src/server/handler/ampache/browse.go:648.5,648.50 1 0
github.com/local/cassonic/src/server/handler/ampache/browse.go:648.50,650.11 2 0
github.com/local/cassonic/src/server/handler/ampache/browse.go:653.4,653.13 1 0
github.com/local/cassonic/src/server/handler/ampache/browse.go:653.13,655.5 1 0
github.com/local/cassonic/src/server/handler/ampache/browse.go:657.3,657.50 1 0
github.com/local/cassonic/src/server/handler/ampache/browse.go:659.10,660.72 1 0
github.com/local/cassonic/src/server/handler/ampache/browse.go:665.85,667.20 2 0
github.com/local/cassonic/src/server/handler/ampache/browse.go:667.20,669.3 1 0
github.com/local/cassonic/src/server/handler/ampache/browse.go:671.2,671.12 1 0
github.com/local/cassonic/src/server/handler/ampache/browse.go:671.12,673.3 1 0
github.com/local/cassonic/src/server/handler/ampache/browse.go:675.2,675.60 1 0
github.com/local/cassonic/src/server/handler/ampache/browse.go:679.81,681.20 2 0
github.com/local/cassonic/src/server/handler/ampache/browse.go:681.20,683.3 1 0
github.com/local/cassonic/src/server/handler/ampache/browse.go:685.2,686.16 2 0
github.com/local/cassonic/src/server/handler/ampache/browse.go:686.16,689.3 2 0
github.com/local/cassonic/src/server/handler/ampache/browse.go:691.2,692.27 2 0
github.com/local/cassonic/src/server/handler/ampache/browse.go:692.27,694.18 2 0
github.com/local/cassonic/src/server/handler/ampache/browse.go:694.18,696.4 1 0
github.com/local/cassonic/src/server/handler/ampache/browse.go:697.3,706.5 1 0
github.com/local/cassonic/src/server/handler/ampache/browse.go:708.2,708.50 1 0
github.com/local/cassonic/src/server/handler/ampache/browse.go:712.80,714.20 2 0
github.com/local/cassonic/src/server/handler/ampache/browse.go:714.20,716.3 1 0
github.com/local/cassonic/src/server/handler/ampache/browse.go:718.2,719.13 2 0
github.com/local/cassonic/src/server/handler/ampache/browse.go:719.13,722.3 2 0
github.com/local/cassonic/src/server/handler/ampache/browse.go:724.2,725.30 2 0
github.com/local/cassonic/src/server/handler/ampache/browse.go:725.30,728.3 2 0
github.com/local/cassonic/src/server/handler/ampache/browse.go:730.2,731.17 2 0
github.com/local/cassonic/src/server/handler/ampache/browse.go:731.17,733.3 1 0
github.com/local/cassonic/src/server/handler/ampache/browse.go:734.2,743.4 1 0
github.com/local/cassonic/src/server/handler/ampache/browse.go:747.85,749.20 2 0
github.com/local/cassonic/src/server/handler/ampache/browse.go:749.20,751.3 1 0
github.com/local/cassonic/src/server/handler/ampache/browse.go:753.2,754.13 2 0
github.com/local/cassonic/src/server/handler/ampache/browse.go:754.13,757.3 2 0
github.com/local/cassonic/src/server/handler/ampache/browse.go:759.2,763.16 4 0
github.com/local/cassonic/src/server/handler/ampache/browse.go:763.16,766.3 2 0
github.com/local/cassonic/src/server/handler/ampache/browse.go:768.2,771.24 4 0
github.com/local/cassonic/src/server/handler/ampache/browse.go:771.24,772.24 1 0
github.com/local/cassonic/src/server/handler/ampache/browse.go:772.24,773.12 1 0
github.com/local/cassonic/src/server/handler/ampache/browse.go:775.3,775.21 1 0
github.com/local/cassonic/src/server/handler/ampache/browse.go:775.21,777.12 2 0
github.com/local/cassonic/src/server/handler/ampache/browse.go:779.3,779.27 1 0
github.com/local/cassonic/src/server/handler/ampache/browse.go:779.27,780.9 1 0
github.com/local/cassonic/src/server/handler/ampache/browse.go:782.3,783.10 2 0
github.com/local/cassonic/src/server/handler/ampache/browse.go:785.2,785.47 1 0
github.com/local/cassonic/src/server/handler/ampache/browse.go:789.86,791.20 2 0
github.com/local/cassonic/src/server/handler/ampache/browse.go:791.20,793.3 1 0
github.com/local/cassonic/src/server/handler/ampache/browse.go:795.2,796.13 2 0
github.com/local/cassonic/src/server/handler/ampache/browse.go:796.13,799.3 2 0
github.com/local/cassonic/src/server/handler/ampache/browse.go:801.2,805.16 4 0
github.com/local/cassonic/src/server/handler/ampache/browse.go:805.16,808.3 2 0
github.com/local/cassonic/src/server/handler/ampache/browse.go:810.2,814.26 5 0
github.com/local/cassonic/src/server/handler/ampache/browse.go:814.26,815.24 1 0
github.com/local/cassonic/src/server/handler/ampache/browse.go:815.24,816.12 1 0
github.com/local/cassonic/src/server/handler/ampache/browse.go:818.3,818.22 1 0
github.com/local/cassonic/src/server/handler/ampache/browse.go:818.22,819.12 1 0
github.com/local/cassonic/src/server/handler/ampache/browse.go:821.3,822.21 2 0
github.com/local/cassonic/src/server/handler/ampache/browse.go:822.21,824.12 2 0
github.com/local/cassonic/src/server/handler/ampache/browse.go:826.3,826.27 1 0
github.com/local/cassonic/src/server/handler/ampache/browse.go:826.27,827.9 1 0
github.com/local/cassonic/src/server/handler/ampache/browse.go:829.3,830.33 2 0
github.com/local/cassonic/src/server/handler/ampache/browse.go:830.33,832.4 1 0
github.com/local/cassonic/src/server/handler/ampache/browse.go:833.3,833.10 1 0
github.com/local/cassonic/src/server/handler/ampache/browse.go:835.2,835.48 1 0
github.com/local/cassonic/src/server/handler/ampache/browse.go:839.87,841.20 2 0
github.com/local/cassonic/src/server/handler/ampache/browse.go:841.20,843.3 1 0
github.com/local/cassonic/src/server/handler/ampache/browse.go:845.2,846.13 2 0
github.com/local/cassonic/src/server/handler/ampache/browse.go:846.13,849.3 2 0
github.com/local/cassonic/src/server/handler/ampache/browse.go:851.2,852.16 2 0
github.com/local/cassonic/src/server/handler/ampache/browse.go:852.16,855.3 2 0
github.com/local/cassonic/src/server/handler/ampache/browse.go:857.2,860.26 4 0
github.com/local/cassonic/src/server/handler/ampache/browse.go:860.26,861.24 1 0
github.com/local/cassonic/src/server/handler/ampache/browse.go:861.24,862.12 1 0
github.com/local/cassonic/src/server/handler/ampache/browse.go:864.3,864.23 1 0
github.com/local/cassonic/src/server/handler/ampache/browse.go:864.23,865.12 1 0
github.com/local/cassonic/src/server/handler/ampache/browse.go:867.3,869.34 3 0
github.com/local/cassonic/src/server/handler/ampache/browse.go:869.34,871.4 1 0
github.com/local/cassonic/src/server/handler/ampache/browse.go:873.2,873.49 1 0
github.com/local/cassonic/src/server/handler/ampache/browse.go:877.86,879.20 2 0
github.com/local/cassonic/src/server/handler/ampache/browse.go:879.20,881.3 1 0
github.com/local/cassonic/src/server/handler/ampache/browse.go:883.2,883.12 1 0
github.com/local/cassonic/src/server/handler/ampache/browse.go:883.12,885.3 1 0
github.com/local/cassonic/src/server/handler/ampache/browse.go:887.2,887.70 1 0
github.com/local/cassonic/src/server/handler/ampache/browse.go:891.79,893.2 1 0
github.com/local/cassonic/src/server/handler/ampache/browse.go:896.78,898.2 1 0
github.com/local/cassonic/src/server/handler/ampache/browse.go:901.85,903.2 1 0
github.com/local/cassonic/src/server/handler/ampache/playlists.go:16.82,18.20 2 0
github.com/local/cassonic/src/server/handler/ampache/playlists.go:18.20,20.3 1 0
github.com/local/cassonic/src/server/handler/ampache/playlists.go:22.2,23.16 2 0
github.com/local/cassonic/src/server/handler/ampache/playlists.go:23.16,26.3 2 0
github.com/local/cassonic/src/server/handler/ampache/playlists.go:28.2,30.25 3 0
github.com/local/cassonic/src/server/handler/ampache/playlists.go:30.25,32.3 1 0
github.com/local/cassonic/src/server/handler/ampache/playlists.go:33.2,33.51 1 0
github.com/local/cassonic/src/server/handler/ampache/playlists.go:37.81,39.20 2 0
github.com/local/cassonic/src/server/handler/ampache/playlists.go:39.20,41.3 1 0
github.com/local/cassonic/src/server/handler/ampache/playlists.go:43.2,44.13 2 0
github.com/local/cassonic/src/server/handler/ampache/playlists.go:44.13,47.3 2 0
github.com/local/cassonic/src/server/handler/ampache/playlists.go:49.2,50.28 2 0
github.com/local/cassonic/src/server/handler/ampache/playlists.go:50.28,53.3 2 0
github.com/local/cassonic/src/server/handler/ampache/playlists.go:55.2,55.47 1 0
github.com/local/cassonic/src/server/handler/ampache/playlists.go:55.47,57.35 2 0
github.com/local/cassonic/src/server/handler/ampache/playlists.go:57.35,60.4 2 0
github.com/local/cassonic/src/server/handler/ampache/playlists.go:63.2,63.72 1 0
github.com/local/cassonic/src/server/handler/ampache/playlists.go:67.86,69.20 2 0
github.com/local/cassonic/src/server/handler/ampache/playlists.go:69.20,71.3 1 0
github.com/local/cassonic/src/server/handler/ampache/playlists.go:73.2,74.13 2 0
github.com/local/cassonic/src/server/handler/ampache/playlists.go:74.13,77.3 2 0
github.com/local/cassonic/src/server/handler/ampache/playlists.go:79.2,80.28 2 0
github.com/local/cassonic/src/server/handler/ampache/playlists.go:80.28,83.3 2 0
github.com/local/cassonic/src/server/handler/ampache/playlists.go:85.2,85.47 1 0
github.com/local/cassonic/src/server/handler/ampache/playlists.go:85.47,87.35 2 0
github.com/local/cassonic/src/server/handler/ampache/playlists.go:87.35,90.4 2 0
github.com/local/cassonic/src/server/handler/ampache/playlists.go:93.2,94.16 2 0
github.com/local/cassonic/src/server/handler/ampache/playlists.go:94.16,97.3 2 0
github.com/local/cassonic/src/server/handler/ampache/playlists.go:99.2,101.28 3 0
github.com/local/cassonic/src/server/handler/ampache/playlists.go:101.28,103.32 2 0
github.com/local/cassonic/src/server/handler/ampache/playlists.go:103.32,104.12 1 0
github.com/local/cassonic/src/server/handler/ampache/playlists.go:106.3,106.49 1 0
github.com/local/cassonic/src/server/handler/ampache/playlists.go:108.2,108.47 1 0
github.com/local/cassonic/src/server/handler/ampache/playlists.go:112.87,114.20 2 0
github.com/local/cassonic/src/server/handler/ampache/playlists.go:114.20,116.3 1 0
github.com/local/cassonic/src/server/handler/ampache/playlists.go:118.2,119.16 2 0
github.com/local/cassonic/src/server/handler/ampache/playlists.go:119.16,122.3 2 0
github.com/local/cassonic/src/server/handler/ampache/playlists.go:124.2,134.16 5 0
github.com/local/cassonic/src/server/handler/ampache/playlists.go:134.16,137.3 2 0
github.com/local/cassonic/src/server/handler/ampache/playlists.go:139.2,140.72 2 0
github.com/local/cassonic/src/server/handler/ampache/playlists.go:144.85,146.20 2 0
github.com/local/cassonic/src/server/handler/ampache/playlists.go:146.20,148.3 1 0
github.com/local/cassonic/src/server/handler/ampache/playlists.go:150.2,151.13 2 0
github.com/local/cassonic/src/server/handler/ampache/playlists.go:151.13,154.3 2 0
github.com/local/cassonic/src/server/handler/ampache/playlists.go:156.2,157.28 2 0
github.com/local/cassonic/src/server/handler/ampache/playlists.go:157.28,160.3 2 0
github.com/local/cassonic/src/server/handler/ampache/playlists.go:162.2,162.32 1 0
github.com/local/cassonic/src/server/handler/ampache/playlists.go:162.32,164.35 2 0
github.com/local/cassonic/src/server/handler/ampache/playlists.go:164.35,167.4 2 0
github.com/local/cassonic/src/server/handler/ampache/playlists.go:170.2,170.42 1 0
github.com/local/cassonic/src/server/handler/ampache/playlists.go:170.42,172.3 1 0
github.com/local/cassonic/src/server/handler/ampache/playlists.go:174.2,174.46 1 0
github.com/local/cassonic/src/server/handler/ampache/playlists.go:174.46,176.3 1 0
github.com/local/cassonic/src/server/handler/ampache/playlists.go:178.2,178.70 1 0
github.com/local/cassonic/src/server/handler/ampache/playlists.go:178.70,181.3 2 0
github.com/local/cassonic/src/server/handler/ampache/playlists.go:183.2,184.17 2 0
github.com/local/cassonic/src/server/handler/ampache/playlists.go:184.17,187.30 3 0
github.com/local/cassonic/src/server/handler/ampache/playlists.go:187.30,190.18 3 0
github.com/local/cassonic/src/server/handler/ampache/playlists.go:190.18,191.13 1 0
github.com/local/cassonic/src/server/handler/ampache/playlists.go:193.4,193.32 1 0
github.com/local/cassonic/src/server/handler/ampache/playlists.go:195.3,195.85 1 0
github.com/local/cassonic/src/server/handler/ampache/playlists.go:195.85,198.4 2 0
github.com/local/cassonic/src/server/handler/ampache/playlists.go:201.2,201.62 1 0
github.com/local/cassonic/src/server/handler/ampache/playlists.go:205.87,207.20 2 0
github.com/local/cassonic/src/server/handler/ampache/playlists.go:207.20,209.3 1 0
github.com/local/cassonic/src/server/handler/ampache/playlists.go:211.2,212.13 2 0
github.com/local/cassonic/src/server/handler/ampache/playlists.go:212.13,215.3 2 0
github.com/local/cassonic/src/server/handler/ampache/playlists.go:217.2,218.28 2 0
github.com/local/cassonic/src/server/handler/ampache/playlists.go:218.28,221.3 2 0
github.com/local/cassonic/src/server/handler/ampache/playlists.go:223.2,223.32 1 0
github.com/local/cassonic/src/server/handler/ampache/playlists.go:223.32,225.35 2 0
github.com/local/cassonic/src/server/handler/ampache/playlists.go:225.35,228.4 2 0
github.com/local/cassonic/src/server/handler/ampache/playlists.go:231.2,231.71 1 0
github.com/local/cassonic/src/server/handler/ampache/playlists.go:231.71,234.3 2 0
github.com/local/cassonic/src/server/handler/ampache/playlists.go:236.2,236.62 1 0
github.com/local/cassonic/src/server/handler/ampache/playlists.go:240.88,242.20 2 0
github.com/local/cassonic/src/server/handler/ampache/playlists.go:242.20,244.3 1 0
github.com/local/cassonic/src/server/handler/ampache/playlists.go:246.2,247.21 2 0
github.com/local/cassonic/src/server/handler/ampache/playlists.go:247.21,250.3 2 0
github.com/local/cassonic/src/server/handler/ampache/playlists.go:252.2,253.17 2 0
github.com/local/cassonic/src/server/handler/ampache/playlists.go:253.17,256.3 2 0
github.com/local/cassonic/src/server/handler/ampache/playlists.go:258.2,259.28 2 0
github.com/local/cassonic/src/server/handler/ampache/playlists.go:259.28,262.3 2 0
github.com/local/cassonic/src/server/handler/ampache/playlists.go:264.2,264.32 1 0
github.com/local/cassonic/src/server/handler/ampache/playlists.go:264.32,266.35 2 0
github.com/local/cassonic/src/server/handler/ampache/playlists.go:266.35,269.4 2 0
github.com/local/cassonic/src/server/handler/ampache/playlists.go:272.2,273.20 2 0
github.com/local/cassonic/src/server/handler/ampache/playlists.go:273.20,275.17 2 0
github.com/local/cassonic/src/server/handler/ampache/playlists.go:275.17,276.30 1 0
github.com/local/cassonic/src/server/handler/ampache/playlists.go:276.30,277.27 1 0
github.com/local/cassonic/src/server/handler/ampache/playlists.go:277.27,280.6 2 0
github.com/local/cassonic/src/server/handler/ampache/playlists.go:285.2,285.95 1 0
github.com/local/cassonic/src/server/handler/ampache/playlists.go:285.95,288.3 2 0
github.com/local/cassonic/src/server/handler/ampache/playlists.go:290.2,290.68 1 0
github.com/local/cassonic/src/server/handler/ampache/playlists.go:294.91,296.20 2 0
github.com/local/cassonic/src/server/handler/ampache/playlists.go:296.20,298.3 1 0
github.com/local/cassonic/src/server/handler/ampache/playlists.go:300.2,301.21 2 0
github.com/local/cassonic/src/server/handler/ampache/playlists.go:301.21,304.3 2 0
github.com/local/cassonic/src/server/handler/ampache/playlists.go:306.2,307.16 2 0
github.com/local/cassonic/src/server/handler/ampache/playlists.go:307.16,310.3 2 0
github.com/local/cassonic/src/server/handler/ampache/playlists.go:312.2,313.28 2 0
github.com/local/cassonic/src/server/handler/ampache/playlists.go:313.28,316.3 2 0
github.com/local/cassonic/src/server/handler/ampache/playlists.go:318.2,318.32 1 0
github.com/local/cassonic/src/server/handler/ampache/playlists.go:318.32,320.35 2 0
github.com/local/cassonic/src/server/handler/ampache/playlists.go:320.35,323.4 2 0
github.com/local/cassonic/src/server/handler/ampache/playlists.go:327.2,327.101 1 0
github.com/local/cassonic/src/server/handler/ampache/playlists.go:327.101,330.3 2 0
github.com/local/cassonic/src/server/handler/ampache/playlists.go:332.2,332.72 1 0
github.com/local/cassonic/src/server/handler/ampache/playlists.go:336.89,338.20 2 0
github.com/local/cassonic/src/server/handler/ampache/playlists.go:338.20,340.3 1 0
github.com/local/cassonic/src/server/handler/ampache/playlists.go:342.2,344.16 3 0
github.com/local/cassonic/src/server/handler/ampache/playlists.go:344.16,346.3 1 0
github.com/local/cassonic/src/server/handler/ampache/playlists.go:347.2,353.14 5 0
github.com/local/cassonic/src/server/handler/ampache/playlists.go:354.16,355.68 1 0
github.com/local/cassonic/src/server/handler/ampache/playlists.go:356.18,357.68 1 0
github.com/local/cassonic/src/server/handler/ampache/playlists.go:358.16,359.68 1 0
github.com/local/cassonic/src/server/handler/ampache/playlists.go:360.10,361.68 1 0
github.com/local/cassonic/src/server/handler/ampache/playlists.go:364.2,364.16 1 0
github.com/local/cassonic/src/server/handler/ampache/playlists.go:364.16,367.3 2 0
github.com/local/cassonic/src/server/handler/ampache/playlists.go:369.2,371.26 3 0
github.com/local/cassonic/src/server/handler/ampache/playlists.go:371.26,373.3 1 0
github.com/local/cassonic/src/server/handler/ampache/playlists.go:374.2,374.47 1 0
github.com/local/cassonic/src/server/handler/ampache/playlists.go:378.77,380.20 2 0
github.com/local/cassonic/src/server/handler/ampache/playlists.go:380.20,382.3 1 0
github.com/local/cassonic/src/server/handler/ampache/playlists.go:384.2,388.31 4 0
github.com/local/cassonic/src/server/handler/ampache/playlists.go:388.31,391.3 2 0
github.com/local/cassonic/src/server/handler/ampache/playlists.go:393.2,394.18 2 0
github.com/local/cassonic/src/server/handler/ampache/playlists.go:394.18,396.3 1 0
github.com/local/cassonic/src/server/handler/ampache/playlists.go:396.8,398.3 1 0
github.com/local/cassonic/src/server/handler/ampache/playlists.go:400.2,400.16 1 0
github.com/local/cassonic/src/server/handler/ampache/playlists.go:400.16,403.3 2 0
github.com/local/cassonic/src/server/handler/ampache/playlists.go:405.2,405.58 1 0
github.com/local/cassonic/src/server/handler/ampache/playlists.go:409.77,411.20 2 0
github.com/local/cassonic/src/server/handler/ampache/playlists.go:411.20,413.3 1 0
github.com/local/cassonic/src/server/handler/ampache/playlists.go:415.2,419.31 4 0
github.com/local/cassonic/src/server/handler/ampache/playlists.go:419.31,422.3 2 0
github.com/local/cassonic/src/server/handler/ampache/playlists.go:424.2,424.30 1 0
github.com/local/cassonic/src/server/handler/ampache/playlists.go:424.30,427.3 2 0
github.com/local/cassonic/src/server/handler/ampache/playlists.go:429.2,429.99 1 0
github.com/local/cassonic/src/server/handler/ampache/playlists.go:429.99,432.3 2 0
github.com/local/cassonic/src/server/handler/ampache/playlists.go:434.2,434.60 1 0
github.com/local/cassonic/src/server/handler/ampache/playlists.go:438.83,440.20 2 0
github.com/local/cassonic/src/server/handler/ampache/playlists.go:440.20,442.3 1 0
github.com/local/cassonic/src/server/handler/ampache/playlists.go:444.2,445.17 2 0
github.com/local/cassonic/src/server/handler/ampache/playlists.go:445.17,448.3 2 0
github.com/local/cassonic/src/server/handler/ampache/playlists.go:450.2,451.18 2 0
github.com/local/cassonic/src/server/handler/ampache/playlists.go:451.18,453.3 1 0
github.com/local/cassonic/src/server/handler/ampache/playlists.go:455.2,457.19 3 0
github.com/local/cassonic/src/server/handler/ampache/playlists.go:457.19,458.63 1 0
github.com/local/cassonic/src/server/handler/ampache/playlists.go:458.63,460.4 1 0
github.com/local/cassonic/src/server/handler/ampache/playlists.go:463.2,470.66 2 0
github.com/local/cassonic/src/server/handler/ampache/playlists.go:470.66,473.3 2 0
github.com/local/cassonic/src/server/handler/ampache/playlists.go:475.2,477.59 2 0
github.com/local/cassonic/src/server/handler/ampache/playlists.go:481.81,483.20 2 0
github.com/local/cassonic/src/server/handler/ampache/playlists.go:483.20,485.3 1 0
github.com/local/cassonic/src/server/handler/ampache/playlists.go:487.2,490.18 4 0
github.com/local/cassonic/src/server/handler/ampache/playlists.go:490.18,492.3 1 0
github.com/local/cassonic/src/server/handler/ampache/playlists.go:494.2,496.19 3 0
github.com/local/cassonic/src/server/handler/ampache/playlists.go:496.19,497.63 1 0
github.com/local/cassonic/src/server/handler/ampache/playlists.go:497.63,499.4 1 0
github.com/local/cassonic/src/server/handler/ampache/playlists.go:502.2,505.16 3 0
github.com/local/cassonic/src/server/handler/ampache/playlists.go:505.16,506.27 1 0
github.com/local/cassonic/src/server/handler/ampache/playlists.go:506.27,507.92 1 0
github.com/local/cassonic/src/server/handler/ampache/playlists.go:507.92,517.10 4 0
github.com/local/cassonic/src/server/handler/ampache/playlists.go:522.2,522.63 1 0
github.com/local/cassonic/src/server/handler/ampache/playlists.go:527.83,529.20 2 0
github.com/local/cassonic/src/server/handler/ampache/playlists.go:529.20,531.3 1 0
github.com/local/cassonic/src/server/handler/ampache/playlists.go:532.2,532.65 1 0
github.com/local/cassonic/src/server/handler/ampache/playlists.go:536.83,538.20 2 0
github.com/local/cassonic/src/server/handler/ampache/playlists.go:538.20,540.3 1 0
github.com/local/cassonic/src/server/handler/ampache/playlists.go:542.2,543.13 2 0
github.com/local/cassonic/src/server/handler/ampache/playlists.go:543.13,546.3 2 0
github.com/local/cassonic/src/server/handler/ampache/playlists.go:548.2,549.20 2 0
github.com/local/cassonic/src/server/handler/ampache/playlists.go:549.20,551.3 1 0
github.com/local/cassonic/src/server/handler/ampache/playlists.go:553.2,559.18 5 0
github.com/local/cassonic/src/server/handler/ampache/playlists.go:560.14,562.32 2 0
github.com/local/cassonic/src/server/handler/ampache/playlists.go:562.32,565.4 2 0
github.com/local/cassonic/src/server/handler/ampache/playlists.go:566.3,566.21 1 0
github.com/local/cassonic/src/server/handler/ampache/playlists.go:568.16,570.35 2 0
github.com/local/cassonic/src/server/handler/ampache/playlists.go:570.35,572.4 1 0
github.com/local/cassonic/src/server/handler/ampache/playlists.go:575.2,576.16 2 0
github.com/local/cassonic/src/server/handler/ampache/playlists.go:576.16,579.3 2 0
github.com/local/cassonic/src/server/handler/ampache/playlists.go:581.2,582.28 2 0
github.com/local/cassonic/src/server/handler/ampache/playlists.go:582.28,583.17 1 0
github.com/local/cassonic/src/server/handler/ampache/playlists.go:583.17,584.12 1 0
github.com/local/cassonic/src/server/handler/ampache/playlists.go:586.3,586.46 1 0
github.com/local/cassonic/src/server/handler/ampache/playlists.go:588.2,588.47 1 0
github.com/local/cassonic/src/server/handler/ampache/playlists.go:592.38,594.40 2 0
github.com/local/cassonic/src/server/handler/ampache/playlists.go:594.40,596.3 1 0
github.com/local/cassonic/src/server/handler/ampache/playlists.go:597.2,597.53 1 0
github.com/local/cassonic/src/server/handler/ampache/playlists.go:601.62,603.27 2 0
github.com/local/cassonic/src/server/handler/ampache/playlists.go:603.27,605.3 1 0
github.com/local/cassonic/src/server/handler/ampache/playlists.go:606.2,618.3 1 0
github.com/local/cassonic/src/server/handler/ampache/playlists.go:622.79,624.20 2 0
github.com/local/cassonic/src/server/handler/ampache/playlists.go:624.20,626.3 1 0
github.com/local/cassonic/src/server/handler/ampache/playlists.go:628.2,629.28 2 0
github.com/local/cassonic/src/server/handler/ampache/playlists.go:629.28,632.3 2 0
github.com/local/cassonic/src/server/handler/ampache/playlists.go:634.2,635.16 2 0
github.com/local/cassonic/src/server/handler/ampache/playlists.go:635.16,638.3 2 0
github.com/local/cassonic/src/server/handler/ampache/playlists.go:640.2,642.25 3 0
github.com/local/cassonic/src/server/handler/ampache/playlists.go:642.25,644.3 1 0
github.com/local/cassonic/src/server/handler/ampache/playlists.go:645.2,645.48 1 0
github.com/local/cassonic/src/server/handler/ampache/playlists.go:649.78,651.20 2 0
github.com/local/cassonic/src/server/handler/ampache/playlists.go:651.20,653.3 1 0
github.com/local/cassonic/src/server/handler/ampache/playlists.go:655.2,656.13 2 0
github.com/local/cassonic/src/server/handler/ampache/playlists.go:656.13,659.3 2 0
github.com/local/cassonic/src/server/handler/ampache/playlists.go:661.2,662.28 2 0
github.com/local/cassonic/src/server/handler/ampache/playlists.go:662.28,665.3 2 0
github.com/local/cassonic/src/server/handler/ampache/playlists.go:667.2,668.28 2 0
github.com/local/cassonic/src/server/handler/ampache/playlists.go:668.28,671.3 2 0
github.com/local/cassonic/src/server/handler/ampache/playlists.go:673.2,673.46 1 0
github.com/local/cassonic/src/server/handler/ampache/playlists.go:673.46,676.3 2 0
github.com/local/cassonic/src/server/handler/ampache/playlists.go:678.2,679.32 2 0
github.com/local/cassonic/src/server/handler/ampache/playlists.go:679.32,681.42 2 0
github.com/local/cassonic/src/server/handler/ampache/playlists.go:681.42,683.4 1 0
github.com/local/cassonic/src/server/handler/ampache/playlists.go:683.9,685.4 1 0
github.com/local/cassonic/src/server/handler/ampache/playlists.go:687.2,687.57 1 0
github.com/local/cassonic/src/server/handler/ampache/playlists.go:691.84,693.20 2 0
github.com/local/cassonic/src/server/handler/ampache/playlists.go:693.20,695.3 1 0
github.com/local/cassonic/src/server/handler/ampache/playlists.go:697.2,699.33 3 0
github.com/local/cassonic/src/server/handler/ampache/playlists.go:699.33,702.3 2 0
github.com/local/cassonic/src/server/handler/ampache/playlists.go:704.2,705.16 2 0
github.com/local/cassonic/src/server/handler/ampache/playlists.go:705.16,708.3 2 0
github.com/local/cassonic/src/server/handler/ampache/playlists.go:710.2,718.57 2 0
github.com/local/cassonic/src/server/handler/ampache/playlists.go:718.57,719.76 1 0
github.com/local/cassonic/src/server/handler/ampache/playlists.go:719.76,721.4 1 0
github.com/local/cassonic/src/server/handler/ampache/playlists.go:724.2,725.16 2 0
github.com/local/cassonic/src/server/handler/ampache/playlists.go:725.16,728.3 2 0
github.com/local/cassonic/src/server/handler/ampache/playlists.go:729.2,734.28 5 0
github.com/local/cassonic/src/server/handler/ampache/playlists.go:734.28,736.3 1 0
github.com/local/cassonic/src/server/handler/ampache/playlists.go:737.2,737.57 1 0
github.com/local/cassonic/src/server/handler/ampache/playlists.go:741.82,743.20 2 0
github.com/local/cassonic/src/server/handler/ampache/playlists.go:743.20,745.3 1 0
github.com/local/cassonic/src/server/handler/ampache/playlists.go:747.2,748.13 2 0
github.com/local/cassonic/src/server/handler/ampache/playlists.go:748.13,751.3 2 0
github.com/local/cassonic/src/server/handler/ampache/playlists.go:753.2,754.28 2 0
github.com/local/cassonic/src/server/handler/ampache/playlists.go:754.28,757.3 2 0
github.com/local/cassonic/src/server/handler/ampache/playlists.go:759.2,760.28 2 0
github.com/local/cassonic/src/server/handler/ampache/playlists.go:760.28,763.3 2 0
github.com/local/cassonic/src/server/handler/ampache/playlists.go:765.2,765.46 1 0
github.com/local/cassonic/src/server/handler/ampache/playlists.go:765.46,768.3 2 0
github.com/local/cassonic/src/server/handler/ampache/playlists.go:770.2,770.49 1 0
github.com/local/cassonic/src/server/handler/ampache/playlists.go:770.49,772.3 1 0
github.com/local/cassonic/src/server/handler/ampache/playlists.go:773.2,773.57 1 0
github.com/local/cassonic/src/server/handler/ampache/playlists.go:773.57,774.64 1 0
github.com/local/cassonic/src/server/handler/ampache/playlists.go:774.64,775.17 1 0
github.com/local/cassonic/src/server/handler/ampache/playlists.go:775.17,777.5 1 0
github.com/local/cassonic/src/server/handler/ampache/playlists.go:777.10,779.5 1 0
github.com/local/cassonic/src/server/handler/ampache/playlists.go:782.2,784.63 2 0
github.com/local/cassonic/src/server/handler/ampache/playlists.go:784.63,787.3 2 0
github.com/local/cassonic/src/server/handler/ampache/playlists.go:788.2,788.59 1 0
github.com/local/cassonic/src/server/handler/ampache/playlists.go:792.84,794.20 2 0
github.com/local/cassonic/src/server/handler/ampache/playlists.go:794.20,796.3 1 0
github.com/local/cassonic/src/server/handler/ampache/playlists.go:798.2,799.13 2 0
github.com/local/cassonic/src/server/handler/ampache/playlists.go:799.13,802.3 2 0
github.com/local/cassonic/src/server/handler/ampache/playlists.go:804.2,805.28 2 0
github.com/local/cassonic/src/server/handler/ampache/playlists.go:805.28,808.3 2 0
github.com/local/cassonic/src/server/handler/ampache/playlists.go:810.2,811.28 2 0
github.com/local/cassonic/src/server/handler/ampache/playlists.go:811.28,814.3 2 0
github.com/local/cassonic/src/server/handler/ampache/playlists.go:816.2,816.46 1 0
github.com/local/cassonic/src/server/handler/ampache/playlists.go:816.46,819.3 2 0
github.com/local/cassonic/src/server/handler/ampache/playlists.go:821.2,821.64 1 0
github.com/local/cassonic/src/server/handler/ampache/playlists.go:821.64,824.3 2 0
github.com/local/cassonic/src/server/handler/ampache/playlists.go:825.2,825.59 1 0
github.com/local/cassonic/src/server/handler/ampache/playlists.go:829.82,831.20 2 0
github.com/local/cassonic/src/server/handler/ampache/playlists.go:831.20,833.3 1 0
github.com/local/cassonic/src/server/handler/ampache/playlists.go:835.2,836.16 2 0
github.com/local/cassonic/src/server/handler/ampache/playlists.go:836.16,839.3 2 0
github.com/local/cassonic/src/server/handler/ampache/playlists.go:841.2,842.25 2 0
github.com/local/cassonic/src/server/handler/ampache/playlists.go:842.25,844.3 1 0
github.com/local/cassonic/src/server/handler/ampache/playlists.go:845.2,845.51 1 0
github.com/local/cassonic/src/server/handler/ampache/playlists.go:849.87,851.20 2 0
github.com/local/cassonic/src/server/handler/ampache/playlists.go:851.20,853.3 1 0
github.com/local/cassonic/src/server/handler/ampache/playlists.go:855.2,856.13 2 0
github.com/local/cassonic/src/server/handler/ampache/playlists.go:856.13,859.3 2 0
github.com/local/cassonic/src/server/handler/ampache/playlists.go:861.2,862.22 2 0
github.com/local/cassonic/src/server/handler/ampache/playlists.go:862.22,864.3 1 0
github.com/local/cassonic/src/server/handler/ampache/playlists.go:866.2,877.66 4 0
github.com/local/cassonic/src/server/handler/ampache/playlists.go:877.66,880.3 2 0
github.com/local/cassonic/src/server/handler/ampache/playlists.go:882.2,882.45 1 0
github.com/local/cassonic/src/server/handler/ampache/playlists.go:886.85,888.2 1 0
github.com/local/cassonic/src/server/handler/ampache/playlists.go:891.87,893.20 2 0
github.com/local/cassonic/src/server/handler/ampache/playlists.go:893.20,895.3 1 0
github.com/local/cassonic/src/server/handler/ampache/playlists.go:897.2,898.13 2 0
github.com/local/cassonic/src/server/handler/ampache/playlists.go:898.13,901.3 2 0
github.com/local/cassonic/src/server/handler/ampache/playlists.go:903.2,904.22 2 0
github.com/local/cassonic/src/server/handler/ampache/playlists.go:904.22,906.3 1 0
github.com/local/cassonic/src/server/handler/ampache/playlists.go:908.2,908.98 1 0
github.com/local/cassonic/src/server/handler/ampache/playlists.go:908.98,911.3 2 0
github.com/local/cassonic/src/server/handler/ampache/playlists.go:913.2,913.62 1 0
github.com/local/cassonic/src/server/handler/ampache/playlists.go:917.84,919.20 2 0
github.com/local/cassonic/src/server/handler/ampache/playlists.go:919.20,921.3 1 0
github.com/local/cassonic/src/server/handler/ampache/playlists.go:923.2,924.13 2 0
github.com/local/cassonic/src/server/handler/ampache/playlists.go:924.13,927.3 2 0
github.com/local/cassonic/src/server/handler/ampache/playlists.go:929.2,930.22 2 0
github.com/local/cassonic/src/server/handler/ampache/playlists.go:930.22,932.3 1 0
github.com/local/cassonic/src/server/handler/ampache/playlists.go:934.2,935.16 2 0
github.com/local/cassonic/src/server/handler/ampache/playlists.go:935.16,938.3 2 0
github.com/local/cassonic/src/server/handler/ampache/playlists.go:940.2,940.25 1 0
github.com/local/cassonic/src/server/handler/ampache/playlists.go:940.25,941.49 1 0
github.com/local/cassonic/src/server/handler/ampache/playlists.go:941.49,944.4 2 0
github.com/local/cassonic/src/server/handler/ampache/playlists.go:947.2,947.60 1 0
github.com/local/cassonic/src/server/handler/ampache/playlists.go:951.85,953.20 2 0
github.com/local/cassonic/src/server/handler/ampache/playlists.go:953.20,955.3 1 0
github.com/local/cassonic/src/server/handler/ampache/playlists.go:956.2,956.52 1 0
github.com/local/cassonic/src/server/handler/ampache/playlists.go:960.85,962.20 2 0
github.com/local/cassonic/src/server/handler/ampache/playlists.go:962.20,964.3 1 0
github.com/local/cassonic/src/server/handler/ampache/playlists.go:965.2,965.60 1 0
github.com/local/cassonic/src/server/handler/ampache/playlists.go:969.95,971.20 2 0
github.com/local/cassonic/src/server/handler/ampache/playlists.go:971.20,973.3 1 0
github.com/local/cassonic/src/server/handler/ampache/playlists.go:974.2,974.73 1 0
github.com/local/cassonic/src/server/handler/ampache/playlists.go:979.85,981.16 2 0
github.com/local/cassonic/src/server/handler/ampache/playlists.go:981.16,983.3 1 0
github.com/local/cassonic/src/server/handler/ampache/playlists.go:984.2,992.3 1 0
github.com/local/cassonic/src/server/handler/ampache/playlists.go:996.68,1006.2 1 0
github.com/local/cassonic/src/server/handler/ampache/podcast.go:9.81,11.20 2 0
github.com/local/cassonic/src/server/handler/ampache/podcast.go:11.20,13.3 1 0
github.com/local/cassonic/src/server/handler/ampache/podcast.go:14.2,14.58 1 0
github.com/local/cassonic/src/server/handler/ampache/podcast.go:18.80,20.20 2 0
github.com/local/cassonic/src/server/handler/ampache/podcast.go:20.20,22.3 1 0
github.com/local/cassonic/src/server/handler/ampache/podcast.go:23.2,23.51 1 0
github.com/local/cassonic/src/server/handler/ampache/podcast.go:27.86,29.20 2 0
github.com/local/cassonic/src/server/handler/ampache/podcast.go:29.20,31.3 1 0
github.com/local/cassonic/src/server/handler/ampache/podcast.go:33.2,34.19 2 0
github.com/local/cassonic/src/server/handler/ampache/podcast.go:34.19,37.3 2 0
github.com/local/cassonic/src/server/handler/ampache/podcast.go:39.2,39.92 1 0
github.com/local/cassonic/src/server/handler/ampache/podcast.go:43.84,45.20 2 0
github.com/local/cassonic/src/server/handler/ampache/podcast.go:45.20,47.3 1 0
github.com/local/cassonic/src/server/handler/ampache/podcast.go:48.2,48.92 1 0
github.com/local/cassonic/src/server/handler/ampache/podcast.go:52.86,54.20 2 0
github.com/local/cassonic/src/server/handler/ampache/podcast.go:54.20,56.3 1 0
github.com/local/cassonic/src/server/handler/ampache/podcast.go:57.2,57.92 1 0
github.com/local/cassonic/src/server/handler/ampache/podcast.go:61.88,63.20 2 0
github.com/local/cassonic/src/server/handler/ampache/podcast.go:63.20,65.3 1 0
github.com/local/cassonic/src/server/handler/ampache/podcast.go:66.2,66.73 1 0
github.com/local/cassonic/src/server/handler/ampache/podcast.go:70.87,72.20 2 0
github.com/local/cassonic/src/server/handler/ampache/podcast.go:72.20,74.3 1 0
github.com/local/cassonic/src/server/handler/ampache/podcast.go:75.2,75.51 1 0
github.com/local/cassonic/src/server/handler/ampache/podcast.go:79.93,81.20 2 0
github.com/local/cassonic/src/server/handler/ampache/podcast.go:81.20,83.3 1 0
github.com/local/cassonic/src/server/handler/ampache/podcast.go:84.2,84.92 1 0
github.com/local/cassonic/src/server/handler/ampache/podcast.go:88.86,90.20 2 0
github.com/local/cassonic/src/server/handler/ampache/podcast.go:90.20,92.3 1 0
github.com/local/cassonic/src/server/handler/ampache/podcast.go:94.2,95.13 2 0
github.com/local/cassonic/src/server/handler/ampache/podcast.go:95.13,98.3 2 0
github.com/local/cassonic/src/server/handler/ampache/podcast.go:100.2,100.67 1 0
github.com/local/cassonic/src/server/handler/ampache/radio.go:11.84,13.20 2 0
github.com/local/cassonic/src/server/handler/ampache/radio.go:13.20,15.3 1 0
github.com/local/cassonic/src/server/handler/ampache/radio.go:17.2,18.16 2 0
github.com/local/cassonic/src/server/handler/ampache/radio.go:18.16,21.3 2 0
github.com/local/cassonic/src/server/handler/ampache/radio.go:23.2,24.25 2 0
github.com/local/cassonic/src/server/handler/ampache/radio.go:24.25,26.3 1 0
github.com/local/cassonic/src/server/handler/ampache/radio.go:27.2,27.54 1 0
github.com/local/cassonic/src/server/handler/ampache/radio.go:31.83,33.20 2 0
github.com/local/cassonic/src/server/handler/ampache/radio.go:33.20,35.3 1 0
github.com/local/cassonic/src/server/handler/ampache/radio.go:37.2,38.13 2 0
github.com/local/cassonic/src/server/handler/ampache/radio.go:38.13,41.3 2 0
github.com/local/cassonic/src/server/handler/ampache/radio.go:43.2,44.28 2 0
github.com/local/cassonic/src/server/handler/ampache/radio.go:44.28,47.3 2 0
github.com/local/cassonic/src/server/handler/ampache/radio.go:49.2,49.38 1 0
github.com/local/cassonic/src/server/handler/ampache/radio.go:53.89,55.20 2 0
github.com/local/cassonic/src/server/handler/ampache/radio.go:55.20,57.3 1 0
github.com/local/cassonic/src/server/handler/ampache/radio.go:59.2,62.35 3 0
github.com/local/cassonic/src/server/handler/ampache/radio.go:62.35,65.3 2 0
github.com/local/cassonic/src/server/handler/ampache/radio.go:67.2,74.16 3 0
github.com/local/cassonic/src/server/handler/ampache/radio.go:74.16,77.3 2 0
github.com/local/cassonic/src/server/handler/ampache/radio.go:79.2,80.38 2 0
github.com/local/cassonic/src/server/handler/ampache/radio.go:84.87,86.20 2 0
github.com/local/cassonic/src/server/handler/ampache/radio.go:86.20,88.3 1 0
github.com/local/cassonic/src/server/handler/ampache/radio.go:90.2,91.13 2 0
github.com/local/cassonic/src/server/handler/ampache/radio.go:91.13,94.3 2 0
github.com/local/cassonic/src/server/handler/ampache/radio.go:96.2,97.28 2 0
github.com/local/cassonic/src/server/handler/ampache/radio.go:97.28,100.3 2 0
github.com/local/cassonic/src/server/handler/ampache/radio.go:102.2,102.36 1 0
github.com/local/cassonic/src/server/handler/ampache/radio.go:102.36,104.3 1 0
github.com/local/cassonic/src/server/handler/ampache/radio.go:105.2,105.35 1 0
github.com/local/cassonic/src/server/handler/ampache/radio.go:105.35,107.3 1 0
github.com/local/cassonic/src/server/handler/ampache/radio.go:108.2,108.40 1 0
github.com/local/cassonic/src/server/handler/ampache/radio.go:108.40,110.3 1 0
github.com/local/cassonic/src/server/handler/ampache/radio.go:112.2,112.70 1 0
github.com/local/cassonic/src/server/handler/ampache/radio.go:112.70,115.3 2 0
github.com/local/cassonic/src/server/handler/ampache/radio.go:117.2,117.38 1 0
github.com/local/cassonic/src/server/handler/ampache/radio.go:121.89,123.20 2 0
github.com/local/cassonic/src/server/handler/ampache/radio.go:123.20,125.3 1 0
github.com/local/cassonic/src/server/handler/ampache/radio.go:127.2,128.13 2 0
github.com/local/cassonic/src/server/handler/ampache/radio.go:128.13,131.3 2 0
github.com/local/cassonic/src/server/handler/ampache/radio.go:133.2,133.71 1 0
github.com/local/cassonic/src/server/handler/ampache/radio.go:133.71,136.3 2 0
github.com/local/cassonic/src/server/handler/ampache/radio.go:138.2,138.61 1 0
github.com/local/cassonic/src/server/handler/ampache/radio.go:142.62,151.2 1 0
github.com/local/cassonic/src/server/handler/ampache/response.go:275.46,277.2 1 0
github.com/local/cassonic/src/server/handler/ampache/response.go:281.74,282.12 1 0
github.com/local/cassonic/src/server/handler/ampache/response.go:282.12,284.3 1 0
github.com/local/cassonic/src/server/handler/ampache/response.go:284.8,286.3 1 0
github.com/local/cassonic/src/server/handler/ampache/response.go:290.65,294.2 3 0
github.com/local/cassonic/src/server/handler/ampache/response.go:297.64,301.29 4 0
github.com/local/cassonic/src/server/handler/ampache/response.go:302.17,306.21 1 0
github.com/local/cassonic/src/server/handler/ampache/response.go:307.10,308.40 1 0
github.com/local/cassonic/src/server/handler/ampache/response.go:313.51,315.2 1 0
github.com/local/cassonic/src/server/handler/ampache/response.go:318.26,319.7 1 0
github.com/local/cassonic/src/server/handler/ampache/response.go:319.7,321.3 1 0
github.com/local/cassonic/src/server/handler/ampache/response.go:322.2,322.10 1 0
github.com/local/cassonic/src/server/handler/ampache/response.go:327.55,329.19 2 0
github.com/local/cassonic/src/server/handler/ampache/response.go:329.19,331.3 1 0
github.com/local/cassonic/src/server/handler/ampache/response.go:332.2,357.3 1 0
github.com/local/cassonic/src/server/handler/ampache/response.go:361.58,363.19 2 0
github.com/local/cassonic/src/server/handler/ampache/response.go:363.19,365.3 1 0
github.com/local/cassonic/src/server/handler/ampache/response.go:366.2,376.3 1 0
github.com/local/cassonic/src/server/handler/ampache/response.go:380.61,390.2 1 0
github.com/local/cassonic/src/server/handler/ampache/response.go:393.27,395.2 1 0
github.com/local/cassonic/src/server/handler/ampache/response.go:398.32,399.12 1 0
github.com/local/cassonic/src/server/handler/ampache/response.go:399.12,401.3 1 0
github.com/local/cassonic/src/server/handler/ampache/response.go:402.2,403.9 2 0
github.com/local/cassonic/src/server/handler/ampache/response.go:403.9,405.3 1 0
github.com/local/cassonic/src/server/handler/ampache/response.go:406.2,408.12 3 0
github.com/local/cassonic/src/server/handler/ampache/response.go:408.12,412.3 3 0
github.com/local/cassonic/src/server/handler/ampache/response.go:413.2,413.9 1 0
github.com/local/cassonic/src/server/handler/ampache/response.go:413.9,416.3 2 0
github.com/local/cassonic/src/server/handler/ampache/response.go:417.2,417.26 1 0
github.com/local/cassonic/src/server/handler/ampache/session.go:15.82,20.53 4 0
github.com/local/cassonic/src/server/handler/ampache/session.go:20.53,23.3 2 0
github.com/local/cassonic/src/server/handler/ampache/session.go:25.2,27.16 3 0
github.com/local/cassonic/src/server/handler/ampache/session.go:27.16,30.3 2 0
github.com/local/cassonic/src/server/handler/ampache/session.go:32.2,55.29 6 0
github.com/local/cassonic/src/server/handler/ampache/session.go:59.80,61.17 2 0
github.com/local/cassonic/src/server/handler/ampache/session.go:61.17,64.3 2 0
github.com/local/cassonic/src/server/handler/ampache/session.go:66.2,68.20 3 0
github.com/local/cassonic/src/server/handler/ampache/session.go:68.20,70.18 2 0
github.com/local/cassonic/src/server/handler/ampache/session.go:70.18,72.4 1 0
github.com/local/cassonic/src/server/handler/ampache/session.go:74.2,79.5 2 0
github.com/local/cassonic/src/server/handler/ampache/session.go:83.77,85.17 2 0
github.com/local/cassonic/src/server/handler/ampache/session.go:85.17,91.3 2 0
github.com/local/cassonic/src/server/handler/ampache/session.go:93.2,94.20 2 0
github.com/local/cassonic/src/server/handler/ampache/session.go:94.20,97.3 2 0
github.com/local/cassonic/src/server/handler/ampache/session.go:99.2,105.4 2 0
github.com/local/cassonic/src/server/handler/ampache/session.go:109.87,111.20 2 0
github.com/local/cassonic/src/server/handler/ampache/session.go:111.20,113.3 1 0
github.com/local/cassonic/src/server/handler/ampache/session.go:114.2,116.21 3 0
github.com/local/cassonic/src/server/handler/ampache/session.go:116.21,119.3 2 0
github.com/local/cassonic/src/server/handler/ampache/session.go:120.2,123.5 1 0
github.com/local/cassonic/src/server/handler/ampache/session.go:128.90,134.16 4 0
github.com/local/cassonic/src/server/handler/ampache/session.go:134.16,136.3 1 0
github.com/local/cassonic/src/server/handler/ampache/session.go:138.2,139.16 2 0
github.com/local/cassonic/src/server/handler/ampache/session.go:139.16,141.3 1 0
github.com/local/cassonic/src/server/handler/ampache/session.go:143.2,144.16 2 0
github.com/local/cassonic/src/server/handler/ampache/session.go:144.16,145.31 1 0
github.com/local/cassonic/src/server/handler/ampache/session.go:145.31,147.4 1 0
github.com/local/cassonic/src/server/handler/ampache/session.go:150.2,151.16 2 0
github.com/local/cassonic/src/server/handler/ampache/session.go:151.16,153.3 1 0
github.com/local/cassonic/src/server/handler/ampache/session.go:155.2,155.42 1 0
github.com/local/cassonic/src/server/handler/ampache/session.go:159.62,161.13 2 0
github.com/local/cassonic/src/server/handler/ampache/session.go:161.13,163.3 1 0
github.com/local/cassonic/src/server/handler/ampache/session.go:164.2,165.16 2 0
github.com/local/cassonic/src/server/handler/ampache/session.go:165.16,167.3 1 0
github.com/local/cassonic/src/server/handler/ampache/session.go:168.2,168.10 1 0
github.com/local/cassonic/src/server/handler/ampache/session.go:172.54,174.13 2 0
github.com/local/cassonic/src/server/handler/ampache/session.go:174.13,176.3 1 0
github.com/local/cassonic/src/server/handler/ampache/session.go:177.2,178.16 2 0
github.com/local/cassonic/src/server/handler/ampache/session.go:178.16,180.3 1 0
github.com/local/cassonic/src/server/handler/ampache/session.go:181.2,181.10 1 0
github.com/local/cassonic/src/server/handler/ampache/stream.go:15.79,17.20 2 0
github.com/local/cassonic/src/server/handler/ampache/stream.go:17.20,19.3 1 0
github.com/local/cassonic/src/server/handler/ampache/stream.go:21.2,22.13 2 0
github.com/local/cassonic/src/server/handler/ampache/stream.go:22.13,25.3 2 0
github.com/local/cassonic/src/server/handler/ampache/stream.go:27.2,28.31 2 0
github.com/local/cassonic/src/server/handler/ampache/stream.go:28.31,31.3 2 0
github.com/local/cassonic/src/server/handler/ampache/stream.go:33.2,34.16 2 0
github.com/local/cassonic/src/server/handler/ampache/stream.go:34.16,37.3 2 0
github.com/local/cassonic/src/server/handler/ampache/stream.go:38.2,41.16 3 0
github.com/local/cassonic/src/server/handler/ampache/stream.go:41.16,44.3 2 0
github.com/local/cassonic/src/server/handler/ampache/stream.go:46.2,47.16 2 0
github.com/local/cassonic/src/server/handler/ampache/stream.go:47.16,49.3 1 0
github.com/local/cassonic/src/server/handler/ampache/stream.go:51.2,55.55 4 0
github.com/local/cassonic/src/server/handler/ampache/stream.go:59.81,61.20 2 0
github.com/local/cassonic/src/server/handler/ampache/stream.go:61.20,63.3 1 0
github.com/local/cassonic/src/server/handler/ampache/stream.go:65.2,66.13 2 0
github.com/local/cassonic/src/server/handler/ampache/stream.go:66.13,69.3 2 0
github.com/local/cassonic/src/server/handler/ampache/stream.go:71.2,72.31 2 0
github.com/local/cassonic/src/server/handler/ampache/stream.go:72.31,75.3 2 0
github.com/local/cassonic/src/server/handler/ampache/stream.go:77.2,78.16 2 0
github.com/local/cassonic/src/server/handler/ampache/stream.go:78.16,81.3 2 0
github.com/local/cassonic/src/server/handler/ampache/stream.go:82.2,85.16 3 0
github.com/local/cassonic/src/server/handler/ampache/stream.go:85.16,88.3 2 0
github.com/local/cassonic/src/server/handler/ampache/stream.go:90.2,91.52 2 0
github.com/local/cassonic/src/server/handler/ampache/stream.go:91.52,93.3 1 0
github.com/local/cassonic/src/server/handler/ampache/stream.go:95.2,96.16 2 0
github.com/local/cassonic/src/server/handler/ampache/stream.go:96.16,98.3 1 0
github.com/local/cassonic/src/server/handler/ampache/stream.go:100.2,102.55 3 0
github.com/local/cassonic/src/server/handler/ampache/stream.go:107.79,109.20 2 0
github.com/local/cassonic/src/server/handler/ampache/stream.go:109.20,111.3 1 0
github.com/local/cassonic/src/server/handler/ampache/stream.go:113.2,114.13 2 0
github.com/local/cassonic/src/server/handler/ampache/stream.go:114.13,117.3 2 0
github.com/local/cassonic/src/server/handler/ampache/stream.go:119.2,120.19 2 0
github.com/local/cassonic/src/server/handler/ampache/stream.go:120.19,122.3 1 0
github.com/local/cassonic/src/server/handler/ampache/stream.go:124.2,128.17 4 0
github.com/local/cassonic/src/server/handler/ampache/stream.go:129.14,130.59 1 0
github.com/local/cassonic/src/server/handler/ampache/stream.go:131.15,132.60 1 0
github.com/local/cassonic/src/server/handler/ampache/stream.go:133.16,136.37 2 0
github.com/local/cassonic/src/server/handler/ampache/stream.go:136.37,138.4 1 0
github.com/local/cassonic/src/server/handler/ampache/stream.go:138.9,140.4 1 0
github.com/local/cassonic/src/server/handler/ampache/stream.go:141.10,143.9 2 0
github.com/local/cassonic/src/server/handler/ampache/stream.go:146.2,146.16 1 0
github.com/local/cassonic/src/server/handler/ampache/stream.go:146.16,149.3 2 0
github.com/local/cassonic/src/server/handler/ampache/stream.go:151.2,154.22 4 0
github.com/local/cassonic/src/server/handler/ampache/stream.go:159.82,161.20 2 0
github.com/local/cassonic/src/server/handler/ampache/stream.go:161.20,163.3 1 0
github.com/local/cassonic/src/server/handler/ampache/stream.go:165.2,166.13 2 0
github.com/local/cassonic/src/server/handler/ampache/stream.go:166.13,169.3 2 0
github.com/local/cassonic/src/server/handler/ampache/stream.go:171.2,172.19 2 0
github.com/local/cassonic/src/server/handler/ampache/stream.go:172.19,174.3 1 0
github.com/local/cassonic/src/server/handler/ampache/stream.go:176.2,177.15 2 0
github.com/local/cassonic/src/server/handler/ampache/stream.go:177.15,180.3 2 0
github.com/local/cassonic/src/server/handler/ampache/stream.go:182.2,184.16 3 0
github.com/local/cassonic/src/server/handler/ampache/stream.go:184.16,187.3 2 0
github.com/local/cassonic/src/server/handler/ampache/stream.go:188.2,191.16 3 0
github.com/local/cassonic/src/server/handler/ampache/stream.go:191.16,194.3 2 0
github.com/local/cassonic/src/server/handler/ampache/stream.go:196.2,197.16 2 0
github.com/local/cassonic/src/server/handler/ampache/stream.go:197.16,199.3 1 0
github.com/local/cassonic/src/server/handler/ampache/stream.go:201.2,202.17 2 0
github.com/local/cassonic/src/server/handler/ampache/stream.go:203.14,204.14 1 0
github.com/local/cassonic/src/server/handler/ampache/stream.go:205.15,206.15 1 0
github.com/local/cassonic/src/server/handler/ampache/stream.go:209.2,210.16 2 0
github.com/local/cassonic/src/server/handler/ampache/stream.go:210.16,213.3 2 0
github.com/local/cassonic/src/server/handler/ampache/stream.go:215.2,215.57 1 0
github.com/local/cassonic/src/server/handler/ampache/stream.go:220.89,222.20 2 0
github.com/local/cassonic/src/server/handler/ampache/stream.go:222.20,224.3 1 0
github.com/local/cassonic/src/server/handler/ampache/stream.go:226.2,227.13 2 0
github.com/local/cassonic/src/server/handler/ampache/stream.go:227.13,230.3 2 0
github.com/local/cassonic/src/server/handler/ampache/stream.go:232.2,232.71 1 0
github.com/local/cassonic/src/server/handler/ampache/stream.go:237.79,239.20 2 0
github.com/local/cassonic/src/server/handler/ampache/stream.go:239.20,241.3 1 0
github.com/local/cassonic/src/server/handler/ampache/stream.go:243.2,244.23 2 0
github.com/local/cassonic/src/server/handler/ampache/stream.go:244.23,247.3 2 0
github.com/local/cassonic/src/server/handler/ampache/stream.go:249.2,249.56 1 0
github.com/local/cassonic/src/server/handler/ampache/stream.go:249.56,252.3 2 0
github.com/local/cassonic/src/server/handler/ampache/stream.go:254.2,255.16 2 0
github.com/local/cassonic/src/server/handler/ampache/stream.go:255.16,258.3 2 0
github.com/local/cassonic/src/server/handler/ampache/stream.go:259.2,263.16 4 0
github.com/local/cassonic/src/server/handler/ampache/stream.go:263.16,266.3 2 0
github.com/local/cassonic/src/server/handler/ampache/stream.go:267.2,269.46 2 0
github.com/local/cassonic/src/server/handler/ampache/stream.go:269.46,272.3 2 0
github.com/local/cassonic/src/server/handler/ampache/stream.go:274.2,274.72 1 0
github.com/local/cassonic/src/server/handler/ampache/users.go:16.77,18.20 2 0
github.com/local/cassonic/src/server/handler/ampache/users.go:18.20,20.3 1 0
github.com/local/cassonic/src/server/handler/ampache/users.go:22.2,23.20 2 0
github.com/local/cassonic/src/server/handler/ampache/users.go:23.20,26.3 2 0
github.com/local/cassonic/src/server/handler/ampache/users.go:28.2,29.33 2 0
github.com/local/cassonic/src/server/handler/ampache/users.go:29.33,32.3 2 0
github.com/local/cassonic/src/server/handler/ampache/users.go:34.2,34.52 1 0
github.com/local/cassonic/src/server/handler/ampache/users.go:34.52,37.3 2 0
github.com/local/cassonic/src/server/handler/ampache/users.go:39.2,40.33 2 0
github.com/local/cassonic/src/server/handler/ampache/users.go:40.33,43.3 2 0
github.com/local/cassonic/src/server/handler/ampache/users.go:45.2,45.42 1 0
github.com/local/cassonic/src/server/handler/ampache/users.go:49.78,51.20 2 0
github.com/local/cassonic/src/server/handler/ampache/users.go:51.20,53.3 1 0
github.com/local/cassonic/src/server/handler/ampache/users.go:55.2,56.16 2 0
github.com/local/cassonic/src/server/handler/ampache/users.go:56.16,59.3 2 0
github.com/local/cassonic/src/server/handler/ampache/users.go:61.2,62.25 2 0
github.com/local/cassonic/src/server/handler/ampache/users.go:62.25,64.3 1 0
github.com/local/cassonic/src/server/handler/ampache/users.go:65.2,65.47 1 0
github.com/local/cassonic/src/server/handler/ampache/users.go:69.83,71.20 2 0
github.com/local/cassonic/src/server/handler/ampache/users.go:71.20,73.3 1 0
github.com/local/cassonic/src/server/handler/ampache/users.go:75.2,79.38 4 0
github.com/local/cassonic/src/server/handler/ampache/users.go:79.38,82.3 2 0
github.com/local/cassonic/src/server/handler/ampache/users.go:84.2,88.16 4 0
github.com/local/cassonic/src/server/handler/ampache/users.go:88.16,91.3 2 0
github.com/local/cassonic/src/server/handler/ampache/users.go:93.2,106.16 3 0
github.com/local/cassonic/src/server/handler/ampache/users.go:106.16,109.3 2 0
github.com/local/cassonic/src/server/handler/ampache/users.go:111.2,112.37 2 0
github.com/local/cassonic/src/server/handler/ampache/users.go:116.81,118.20 2 0
github.com/local/cassonic/src/server/handler/ampache/users.go:118.20,120.3 1 0
github.com/local/cassonic/src/server/handler/ampache/users.go:122.2,123.20 2 0
github.com/local/cassonic/src/server/handler/ampache/users.go:123.20,126.3 2 0
github.com/local/cassonic/src/server/handler/ampache/users.go:128.2,129.28 2 0
github.com/local/cassonic/src/server/handler/ampache/users.go:129.28,132.3 2 0
github.com/local/cassonic/src/server/handler/ampache/users.go:134.2,134.37 1 0
github.com/local/cassonic/src/server/handler/ampache/users.go:134.37,136.3 1 0
github.com/local/cassonic/src/server/handler/ampache/users.go:137.2,137.40 1 0
github.com/local/cassonic/src/server/handler/ampache/users.go:137.40,139.3 1 0
github.com/local/cassonic/src/server/handler/ampache/users.go:140.2,140.49 1 0
github.com/local/cassonic/src/server/handler/ampache/users.go:140.49,142.3 1 0
github.com/local/cassonic/src/server/handler/ampache/users.go:143.2,143.51 1 0
github.com/local/cassonic/src/server/handler/ampache/users.go:143.51,145.3 1 0
github.com/local/cassonic/src/server/handler/ampache/users.go:147.2,147.62 1 0
github.com/local/cassonic/src/server/handler/ampache/users.go:147.62,150.3 2 0
github.com/local/cassonic/src/server/handler/ampache/users.go:152.2,152.37 1 0
github.com/local/cassonic/src/server/handler/ampache/users.go:156.83,158.20 2 0
github.com/local/cassonic/src/server/handler/ampache/users.go:158.20,160.3 1 0
github.com/local/cassonic/src/server/handler/ampache/users.go:162.2,163.20 2 0
github.com/local/cassonic/src/server/handler/ampache/users.go:163.20,166.3 2 0
github.com/local/cassonic/src/server/handler/ampache/users.go:168.2,169.28 2 0
github.com/local/cassonic/src/server/handler/ampache/users.go:169.28,172.3 2 0
github.com/local/cassonic/src/server/handler/ampache/users.go:174.2,174.65 1 0
github.com/local/cassonic/src/server/handler/ampache/users.go:174.65,177.3 2 0
github.com/local/cassonic/src/server/handler/ampache/users.go:179.2,179.58 1 0
github.com/local/cassonic/src/server/handler/ampache/users.go:183.88,185.20 2 0
github.com/local/cassonic/src/server/handler/ampache/users.go:185.20,187.3 1 0
github.com/local/cassonic/src/server/handler/ampache/users.go:189.2,190.28 2 0
github.com/local/cassonic/src/server/handler/ampache/users.go:190.28,193.3 2 0
github.com/local/cassonic/src/server/handler/ampache/users.go:195.2,196.52 2 0
github.com/local/cassonic/src/server/handler/ampache/users.go:200.87,202.20 2 0
github.com/local/cassonic/src/server/handler/ampache/users.go:202.20,204.3 1 0
github.com/local/cassonic/src/server/handler/ampache/users.go:206.2,207.18 2 0
github.com/local/cassonic/src/server/handler/ampache/users.go:207.18,210.3 2 0
github.com/local/cassonic/src/server/handler/ampache/users.go:212.2,213.28 2 0
github.com/local/cassonic/src/server/handler/ampache/users.go:213.28,216.3 2 0
github.com/local/cassonic/src/server/handler/ampache/users.go:218.2,219.26 2 0
github.com/local/cassonic/src/server/handler/ampache/users.go:219.26,220.23 1 0
github.com/local/cassonic/src/server/handler/ampache/users.go:220.23,223.4 2 0
github.com/local/cassonic/src/server/handler/ampache/users.go:226.2,226.62 1 0
github.com/local/cassonic/src/server/handler/ampache/users.go:230.90,232.20 2 0
github.com/local/cassonic/src/server/handler/ampache/users.go:232.20,234.3 1 0
github.com/local/cassonic/src/server/handler/ampache/users.go:236.2,240.52 2 0
github.com/local/cassonic/src/server/handler/ampache/users.go:244.89,246.20 2 0
github.com/local/cassonic/src/server/handler/ampache/users.go:246.20,248.3 1 0
github.com/local/cassonic/src/server/handler/ampache/users.go:249.2,249.62 1 0
github.com/local/cassonic/src/server/handler/ampache/users.go:255.89,257.20 2 0
github.com/local/cassonic/src/server/handler/ampache/users.go:257.20,259.3 1 0
github.com/local/cassonic/src/server/handler/ampache/users.go:260.2,260.82 1 0
github.com/local/cassonic/src/server/handler/ampache/users.go:266.87,268.20 2 0
github.com/local/cassonic/src/server/handler/ampache/users.go:268.20,270.3 1 0
github.com/local/cassonic/src/server/handler/ampache/users.go:271.2,271.82 1 0
github.com/local/cassonic/src/server/handler/ampache/users.go:277.89,279.20 2 0
github.com/local/cassonic/src/server/handler/ampache/users.go:279.20,281.3 1 0
github.com/local/cassonic/src/server/handler/ampache/users.go:282.2,282.82 1 0
github.com/local/cassonic/src/server/handler/ampache/users.go:287.85,289.20 2 0
github.com/local/cassonic/src/server/handler/ampache/users.go:289.20,291.3 1 0
github.com/local/cassonic/src/server/handler/ampache/users.go:292.2,292.60 1 0
github.com/local/cassonic/src/server/handler/ampache/users.go:297.83,299.20 2 0
github.com/local/cassonic/src/server/handler/ampache/users.go:299.20,301.3 1 0
github.com/local/cassonic/src/server/handler/ampache/users.go:302.2,302.60 1 0
github.com/local/cassonic/src/server/handler/ampache/users.go:307.81,309.20 2 0
github.com/local/cassonic/src/server/handler/ampache/users.go:309.20,311.3 1 0
github.com/local/cassonic/src/server/handler/ampache/users.go:312.2,312.63 1 0
github.com/local/cassonic/src/server/handler/ampache/users.go:317.88,319.20 2 0
github.com/local/cassonic/src/server/handler/ampache/users.go:319.20,321.3 1 0
github.com/local/cassonic/src/server/handler/ampache/users.go:322.2,322.63 1 0
github.com/local/cassonic/src/server/handler/ampache/users.go:326.39,328.15 2 0
github.com/local/cassonic/src/server/handler/ampache/users.go:328.15,330.3 1 0
github.com/local/cassonic/src/server/handler/ampache/users.go:331.2,332.18 2 0
github.com/local/cassonic/src/server/handler/ampache/users.go:332.18,334.3 1 0
github.com/local/cassonic/src/server/handler/ampache/users.go:335.2,344.3 1 0
github.com/local/cassonic/src/server/handler/ampache/users.go:348.58,356.2 1 0
github.com/local/cassonic/src/server/handler/ampache/users.go:360.60,369.43 3 0
github.com/local/cassonic/src/server/handler/ampache/users.go:369.43,371.3 1 0
github.com/local/cassonic/src/server/handler/ampache/users.go:372.2,378.8 2 0
github.com/local/cassonic/src/server/metrics/metrics.go:76.13,87.2 1 0
github.com/local/cassonic/src/server/handler/admin/admin.go:42.97,52.2 3 0
github.com/local/cassonic/src/server/handler/admin/admin.go:55.55,57.42 1 0
github.com/local/cassonic/src/server/handler/admin/admin.go:57.42,58.18 1 0
github.com/local/cassonic/src/server/handler/admin/admin.go:58.18,60.5 1 0
github.com/local/cassonic/src/server/handler/admin/admin.go:61.4,61.42 1 0
github.com/local/cassonic/src/server/handler/admin/admin.go:63.50,64.23 1 0
github.com/local/cassonic/src/server/handler/admin/admin.go:64.23,66.5 1 0
github.com/local/cassonic/src/server/handler/admin/admin.go:67.4,67.21 1 0
github.com/local/cassonic/src/server/handler/admin/admin.go:67.21,69.5 1 0
github.com/local/cassonic/src/server/handler/admin/admin.go:70.4,70.70 1 0
github.com/local/cassonic/src/server/handler/admin/admin.go:72.37,73.18 1 0
github.com/local/cassonic/src/server/handler/admin/admin.go:73.18,75.5 1 0
github.com/local/cassonic/src/server/handler/admin/admin.go:76.4,77.13 2 0
github.com/local/cassonic/src/server/handler/admin/admin.go:77.13,79.5 1 0
github.com/local/cassonic/src/server/handler/admin/admin.go:80.4,80.53 1 0
github.com/local/cassonic/src/server/handler/admin/admin.go:84.2,86.16 3 0
github.com/local/cassonic/src/server/handler/admin/admin.go:86.16,87.56 1 0
github.com/local/cassonic/src/server/handler/admin/admin.go:89.2,90.16 2 0
github.com/local/cassonic/src/server/handler/admin/admin.go:90.16,91.56 1 0
github.com/local/cassonic/src/server/handler/admin/admin.go:93.2,93.13 1 0
github.com/local/cassonic/src/server/handler/admin/admin.go:98.41,115.2 14 0
github.com/local/cassonic/src/server/handler/admin/admin.go:120.64,121.71 1 0
github.com/local/cassonic/src/server/handler/admin/admin.go:121.71,124.28 2 0
github.com/local/cassonic/src/server/handler/admin/admin.go:124.28,127.4 2 0
github.com/local/cassonic/src/server/handler/admin/admin.go:130.3,131.39 2 0
github.com/local/cassonic/src/server/handler/admin/admin.go:131.39,134.4 2 0
github.com/local/cassonic/src/server/handler/admin/admin.go:136.3,141.58 5 0
github.com/local/cassonic/src/server/handler/admin/admin.go:141.58,144.4 2 0
github.com/local/cassonic/src/server/handler/admin/admin.go:146.3,147.68 2 0
github.com/local/cassonic/src/server/handler/admin/admin.go:147.68,150.4 2 0
github.com/local/cassonic/src/server/handler/admin/admin.go:152.3,152.23 1 0
github.com/local/cassonic/src/server/handler/admin/admin.go:165.87,173.61 3 0
github.com/local/cassonic/src/server/handler/admin/admin.go:173.61,175.3 1 0
github.com/local/cassonic/src/server/handler/admin/admin.go:187.69,194.2 3 0
github.com/local/cassonic/src/server/handler/admin/admin.go:204.66,213.2 4 0
github.com/local/cassonic/src/server/handler/admin/admin.go:216.67,218.16 2 0
github.com/local/cassonic/src/server/handler/admin/admin.go:218.16,221.3 2 0
github.com/local/cassonic/src/server/handler/admin/admin.go:222.2,222.67 1 0
github.com/local/cassonic/src/server/handler/admin/admin.go:226.71,228.2 1 0
github.com/local/cassonic/src/server/handler/admin/admin.go:231.74,233.20 2 0
github.com/local/cassonic/src/server/handler/admin/admin.go:233.20,235.3 1 0
github.com/local/cassonic/src/server/handler/admin/admin.go:236.2,236.77 1 0
github.com/local/cassonic/src/server/handler/admin/admin.go:240.66,242.2 1 0
github.com/local/cassonic/src/server/handler/admin/admin.go:253.66,260.2 2 0
github.com/local/cassonic/src/server/handler/admin/admin.go:264.70,266.2 1 0
github.com/local/cassonic/src/server/handler/admin/admin.go:272.64,275.16 3 0
github.com/local/cassonic/src/server/handler/admin/admin.go:275.16,277.3 1 0
github.com/local/cassonic/src/server/handler/admin/admin.go:278.2,278.59 1 0
github.com/local/cassonic/src/server/handler/admin/admin.go:282.53,284.16 2 0
github.com/local/cassonic/src/server/handler/admin/admin.go:284.16,286.3 1 0
github.com/local/cassonic/src/server/handler/admin/admin.go:287.2,291.21 4 0
github.com/local/cassonic/src/server/handler/admin/admin.go:291.21,293.21 2 0
github.com/local/cassonic/src/server/handler/admin/admin.go:293.21,295.4 1 0
github.com/local/cassonic/src/server/handler/admin/admin.go:297.2,297.29 1 0
github.com/local/cassonic/src/server/handler/admin/admin.go:317.66,326.2 4 0
github.com/local/cassonic/src/server/handler/admin/admin.go:329.62,331.24 2 0
github.com/local/cassonic/src/server/handler/admin/admin.go:331.24,333.3 1 0
github.com/local/cassonic/src/server/handler/admin/admin.go:334.2,334.16 1 0
github.com/local/cassonic/src/server/handler/admin/admin.go:334.16,336.3 1 0
github.com/local/cassonic/src/server/handler/admin/admin.go:338.2,339.28 2 0
github.com/local/cassonic/src/server/handler/admin/admin.go:339.28,341.51 2 0
github.com/local/cassonic/src/server/handler/admin/admin.go:341.51,342.12 1 0
github.com/local/cassonic/src/server/handler/admin/admin.go:344.3,345.17 2 0
github.com/local/cassonic/src/server/handler/admin/admin.go:345.17,346.12 1 0
github.com/local/cassonic/src/server/handler/admin/admin.go:348.3,355.5 2 0
github.com/local/cassonic/src/server/handler/admin/admin.go:357.2,357.19 1 0
github.com/local/cassonic/src/server/handler/admin/admin.go:361.69,363.2 1 0
github.com/local/cassonic/src/client/client.go:24.59,33.2 1 0
github.com/local/cassonic/src/client/client.go:37.76,39.17 2 0
github.com/local/cassonic/src/client/client.go:39.17,41.17 2 0
github.com/local/cassonic/src/client/client.go:41.17,43.4 1 0
github.com/local/cassonic/src/client/client.go:44.3,44.37 1 0
github.com/local/cassonic/src/client/client.go:46.2,48.16 3 0
github.com/local/cassonic/src/client/client.go:48.16,50.3 1 0
github.com/local/cassonic/src/client/client.go:51.2,51.17 1 0
github.com/local/cassonic/src/client/client.go:51.17,53.3 1 0
github.com/local/cassonic/src/client/client.go:54.2,56.19 3 0
github.com/local/cassonic/src/client/client.go:56.19,58.3 1 0
github.com/local/cassonic/src/client/client.go:59.2,59.13 1 0
github.com/local/cassonic/src/client/client.go:59.13,61.18 2 0
github.com/local/cassonic/src/client/client.go:61.18,64.4 2 0
github.com/local/cassonic/src/client/client.go:66.2,67.16 2 0
github.com/local/cassonic/src/client/client.go:67.16,69.3 1 0
github.com/local/cassonic/src/client/client.go:70.2,70.13 1 0
github.com/local/cassonic/src/client/client.go:70.13,72.3 1 0
github.com/local/cassonic/src/client/client.go:73.2,73.48 1 0
github.com/local/cassonic/src/client/client.go:73.48,77.95 4 0
github.com/local/cassonic/src/client/client.go:77.95,81.4 3 0
github.com/local/cassonic/src/client/client.go:83.3,83.55 1 0
github.com/local/cassonic/src/client/client.go:85.2,85.18 1 0
github.com/local/cassonic/src/client/client.go:89.57,91.16 2 0
github.com/local/cassonic/src/client/client.go:91.16,93.3 1 0
github.com/local/cassonic/src/client/client.go:94.2,95.36 2 0
github.com/local/cassonic/src/client/client.go:99.44,101.16 2 0
github.com/local/cassonic/src/client/client.go:101.16,103.3 1 0
github.com/local/cassonic/src/client/client.go:104.2,105.28 2 0
github.com/local/cassonic/src/client/client.go:105.28,107.3 1 0
github.com/local/cassonic/src/client/client.go:108.2,108.12 1 0
github.com/local/cassonic/src/client/client.go:112.56,114.16 2 0
github.com/local/cassonic/src/client/client.go:114.16,116.3 1 0
github.com/local/cassonic/src/client/client.go:117.2,118.36 2 0
github.com/local/cassonic/src/client/client.go:122.69,123.28 1 0
github.com/local/cassonic/src/client/client.go:123.28,125.69 2 0
github.com/local/cassonic/src/client/client.go:125.69,126.68 1 0
github.com/local/cassonic/src/client/client.go:126.68,128.5 1 0
github.com/local/cassonic/src/client/client.go:129.4,129.63 1 0
github.com/local/cassonic/src/client/client.go:129.63,131.5 1 0
github.com/local/cassonic/src/client/client.go:133.3,133.59 1 0
github.com/local/cassonic/src/client/client.go:135.2,135.16 1 0
github.com/local/cassonic/src/client/client.go:135.16,137.3 1 0
github.com/local/cassonic/src/client/client.go:138.2,138.80 1 0
github.com/local/cassonic/src/client/client.go:138.80,140.3 1 0
github.com/local/cassonic/src/client/client.go:141.2,141.12 1 0
github.com/local/cassonic/src/client/client.go:145.59,147.16 2 0
github.com/local/cassonic/src/client/client.go:147.16,149.3 1 0
github.com/local/cassonic/src/client/client.go:150.2,152.35 3 0
github.com/local/cassonic/src/client/client.go:156.70,158.16 2 0
github.com/local/cassonic/src/client/client.go:158.16,160.3 1 0
github.com/local/cassonic/src/client/client.go:161.2,163.35 3 0
github.com/local/cassonic/src/client/commands.go:14.47,18.22 3 0
github.com/local/cassonic/src/client/commands.go:18.22,20.3 1 0
github.com/local/cassonic/src/client/commands.go:21.2,24.23 4 0
github.com/local/cassonic/src/client/commands.go:24.23,26.3 1 0
github.com/local/cassonic/src/client/commands.go:27.2,34.16 6 0
github.com/local/cassonic/src/client/commands.go:34.16,36.3 1 0
github.com/local/cassonic/src/client/commands.go:38.2,49.71 3 0
github.com/local/cassonic/src/client/commands.go:49.71,51.3 1 0
github.com/local/cassonic/src/client/commands.go:52.2,52.29 1 0
github.com/local/cassonic/src/client/commands.go:52.29,54.3 1 0
github.com/local/cassonic/src/client/commands.go:57.2,57.53 1 0
github.com/local/cassonic/src/client/commands.go:57.53,59.3 1 0
github.com/local/cassonic/src/client/commands.go:60.2,62.40 3 0
github.com/local/cassonic/src/client/commands.go:62.40,64.3 1 0
github.com/local/cassonic/src/client/commands.go:66.2,67.12 2 0
github.com/local/cassonic/src/client/commands.go:71.33,72.56 1 0
github.com/local/cassonic/src/client/commands.go:72.56,76.3 2 0
github.com/local/cassonic/src/client/commands.go:77.2,79.12 3 0
github.com/local/cassonic/src/client/commands.go:83.48,85.16 2 0
github.com/local/cassonic/src/client/commands.go:85.16,87.3 1 0
github.com/local/cassonic/src/client/commands.go:88.2,88.14 1 0
github.com/local/cassonic/src/client/commands.go:88.14,91.3 2 0
github.com/local/cassonic/src/client/commands.go:92.2,100.77 2 0
github.com/local/cassonic/src/client/commands.go:100.77,103.3 2 0
github.com/local/cassonic/src/client/commands.go:104.2,111.12 8 0
github.com/local/cassonic/src/client/commands.go:115.75,116.21 1 0
github.com/local/cassonic/src/client/commands.go:116.21,118.3 1 0
github.com/local/cassonic/src/client/commands.go:119.2,121.16 3 0
github.com/local/cassonic/src/client/commands.go:121.16,123.3 1 0
github.com/local/cassonic/src/client/commands.go:124.2,124.14 1 0
github.com/local/cassonic/src/client/commands.go:124.14,127.3 2 0
github.com/local/cassonic/src/client/commands.go:128.2,129.12 2 0
github.com/local/cassonic/src/client/commands.go:133.52,135.16 2 0
github.com/local/cassonic/src/client/commands.go:135.16,137.3 1 0
github.com/local/cassonic/src/client/commands.go:138.2,138.14 1 0
github.com/local/cassonic/src/client/commands.go:138.14,141.3 2 0
github.com/local/cassonic/src/client/commands.go:142.2,151.54 2 0
github.com/local/cassonic/src/client/commands.go:151.54,154.3 2 0
github.com/local/cassonic/src/client/commands.go:155.2,161.12 7 0
github.com/local/cassonic/src/client/commands.go:165.66,168.16 3 0
github.com/local/cassonic/src/client/commands.go:168.16,170.3 1 0
github.com/local/cassonic/src/client/commands.go:171.2,171.14 1 0
github.com/local/cassonic/src/client/commands.go:171.14,174.3 2 0
github.com/local/cassonic/src/client/commands.go:175.2,182.54 2 0
github.com/local/cassonic/src/client/commands.go:182.54,185.3 2 0
github.com/local/cassonic/src/client/commands.go:186.2,188.32 3 0
github.com/local/cassonic/src/client/commands.go:188.32,190.3 1 0
github.com/local/cassonic/src/client/commands.go:191.2,192.12 2 0
github.com/local/cassonic/src/client/commands.go:196.65,199.16 3 0
github.com/local/cassonic/src/client/commands.go:199.16,201.3 1 0
github.com/local/cassonic/src/client/commands.go:202.2,202.14 1 0
github.com/local/cassonic/src/client/commands.go:202.14,205.3 2 0
github.com/local/cassonic/src/client/commands.go:206.2,215.54 2 0
github.com/local/cassonic/src/client/commands.go:215.54,218.3 2 0
github.com/local/cassonic/src/client/commands.go:219.2,221.32 3 0
github.com/local/cassonic/src/client/commands.go:221.32,223.17 2 0
github.com/local/cassonic/src/client/commands.go:223.17,225.4 1 0
github.com/local/cassonic/src/client/commands.go:226.3,226.69 1 0
github.com/local/cassonic/src/client/commands.go:228.2,229.12 2 0
github.com/local/cassonic/src/client/commands.go:233.64,236.16 3 0
github.com/local/cassonic/src/client/commands.go:236.16,238.3 1 0
github.com/local/cassonic/src/client/commands.go:239.2,239.14 1 0
github.com/local/cassonic/src/client/commands.go:239.14,242.3 2 0
github.com/local/cassonic/src/client/commands.go:243.2,253.54 2 0
github.com/local/cassonic/src/client/commands.go:253.54,256.3 2 0
github.com/local/cassonic/src/client/commands.go:257.2,259.32 3 0
github.com/local/cassonic/src/client/commands.go:259.32,261.3 1 0
github.com/local/cassonic/src/client/commands.go:262.2,263.12 2 0
github.com/local/cassonic/src/client/commands.go:267.48,269.16 2 0
github.com/local/cassonic/src/client/commands.go:269.16,271.3 1 0
github.com/local/cassonic/src/client/commands.go:272.2,272.14 1 0
github.com/local/cassonic/src/client/commands.go:272.14,275.3 2 0
github.com/local/cassonic/src/client/commands.go:276.2,283.54 2 0
github.com/local/cassonic/src/client/commands.go:283.54,286.3 2 0
github.com/local/cassonic/src/client/commands.go:287.2,289.32 3 0
github.com/local/cassonic/src/client/commands.go:289.32,291.3 1 0
github.com/local/cassonic/src/client/commands.go:292.2,293.12 2 0
github.com/local/cassonic/src/client/commands.go:297.62,300.16 3 0
github.com/local/cassonic/src/client/commands.go:300.16,302.3 1 0
github.com/local/cassonic/src/client/commands.go:303.2,303.14 1 0
github.com/local/cassonic/src/client/commands.go:303.14,306.3 2 0
github.com/local/cassonic/src/client/commands.go:307.2,326.54 2 0
github.com/local/cassonic/src/client/commands.go:326.54,329.3 2 0
github.com/local/cassonic/src/client/commands.go:330.2,331.34 2 0
github.com/local/cassonic/src/client/commands.go:331.34,334.41 3 0
github.com/local/cassonic/src/client/commands.go:334.41,336.4 1 0
github.com/local/cassonic/src/client/commands.go:337.3,337.19 1 0
github.com/local/cassonic/src/client/commands.go:339.2,339.33 1 0
github.com/local/cassonic/src/client/commands.go:339.33,342.40 3 0
github.com/local/cassonic/src/client/commands.go:342.40,344.4 1 0
github.com/local/cassonic/src/client/commands.go:345.3,345.19 1 0
github.com/local/cassonic/src/client/commands.go:347.2,347.32 1 0
github.com/local/cassonic/src/client/commands.go:347.32,350.39 3 0
github.com/local/cassonic/src/client/commands.go:350.39,352.4 1 0
github.com/local/cassonic/src/client/commands.go:354.2,355.12 2 0
github.com/local/cassonic/src/client/commands.go:359.51,361.16 2 0
github.com/local/cassonic/src/client/commands.go:361.16,363.3 1 0
github.com/local/cassonic/src/client/commands.go:364.2,364.14 1 0
github.com/local/cassonic/src/client/commands.go:364.14,367.3 2 0
github.com/local/cassonic/src/client/commands.go:368.2,376.54 2 0
github.com/local/cassonic/src/client/commands.go:376.54,379.3 2 0
github.com/local/cassonic/src/client/commands.go:380.2,382.32 3 0
github.com/local/cassonic/src/client/commands.go:382.32,384.3 1 0
github.com/local/cassonic/src/client/commands.go:385.2,386.12 2 0
github.com/local/cassonic/src/client/commands.go:390.61,392.16 2 0
github.com/local/cassonic/src/client/commands.go:392.16,394.3 1 0
github.com/local/cassonic/src/client/commands.go:395.2,395.14 1 0
github.com/local/cassonic/src/client/commands.go:395.14,398.3 2 0
github.com/local/cassonic/src/client/commands.go:399.2,412.54 2 0
github.com/local/cassonic/src/client/commands.go:412.54,415.3 2 0
github.com/local/cassonic/src/client/commands.go:416.2,421.38 6 0
github.com/local/cassonic/src/client/commands.go:421.38,423.3 1 0
github.com/local/cassonic/src/client/commands.go:424.2,425.12 2 0
github.com/local/cassonic/src/client/commands.go:429.69,432.16 3 0
github.com/local/cassonic/src/client/commands.go:432.16,434.3 1 0
github.com/local/cassonic/src/client/commands.go:435.2,435.14 1 0
github.com/local/cassonic/src/client/commands.go:435.14,438.3 2 0
github.com/local/cassonic/src/client/commands.go:439.2,446.54 2 0
github.com/local/cassonic/src/client/commands.go:446.54,449.3 2 0
github.com/local/cassonic/src/client/commands.go:450.2,451.12 2 0
github.com/local/cassonic/src/client/commands.go:455.65,457.87 2 0
github.com/local/cassonic/src/client/commands.go:457.87,459.3 1 0
github.com/local/cassonic/src/client/commands.go:460.2,461.12 2 0
github.com/local/cassonic/src/client/commands.go:465.68,466.89 1 0
github.com/local/cassonic/src/client/commands.go:466.89,468.3 1 0
github.com/local/cassonic/src/client/commands.go:469.2,470.12 2 0
github.com/local/cassonic/src/client/commands.go:474.61,476.16 2 0
github.com/local/cassonic/src/client/commands.go:476.16,478.3 1 0
github.com/local/cassonic/src/client/commands.go:479.2,479.14 1 0
github.com/local/cassonic/src/client/commands.go:479.14,482.3 2 0
github.com/local/cassonic/src/client/commands.go:483.2,494.54 2 0
github.com/local/cassonic/src/client/commands.go:494.54,497.3 2 0
github.com/local/cassonic/src/client/commands.go:498.2,507.12 10 0
github.com/local/cassonic/src/client/commands.go:521.85,523.24 2 0
github.com/local/cassonic/src/client/commands.go:523.24,525.3 1 0
github.com/local/cassonic/src/client/commands.go:526.2,526.25 1 0
github.com/local/cassonic/src/client/commands.go:526.25,528.3 1 0
github.com/local/cassonic/src/client/commands.go:529.2,529.24 1 0
github.com/local/cassonic/src/client/commands.go:529.24,531.3 1 0
github.com/local/cassonic/src/client/commands.go:532.2,532.23 1 0
github.com/local/cassonic/src/client/commands.go:532.23,534.17 2 0
github.com/local/cassonic/src/client/commands.go:534.17,536.4 1 0
github.com/local/cassonic/src/client/commands.go:537.3,537.25 1 0
github.com/local/cassonic/src/client/commands.go:539.2,539.24 1 0
github.com/local/cassonic/src/client/commands.go:539.24,541.17 2 0
github.com/local/cassonic/src/client/commands.go:541.17,543.4 1 0
github.com/local/cassonic/src/client/commands.go:544.3,544.27 1 0
github.com/local/cassonic/src/client/commands.go:546.2,546.24 1 0
github.com/local/cassonic/src/client/commands.go:546.24,548.3 1 0
github.com/local/cassonic/src/client/commands.go:549.2,549.23 1 0
github.com/local/cassonic/src/client/commands.go:549.23,551.3 1 0
github.com/local/cassonic/src/client/commands.go:552.2,553.78 2 0
github.com/local/cassonic/src/client/commands.go:553.78,555.3 1 0
github.com/local/cassonic/src/client/commands.go:556.2,556.14 1 0
github.com/local/cassonic/src/client/commands.go:556.14,557.65 1 0
github.com/local/cassonic/src/client/commands.go:557.65,559.4 1 0
github.com/local/cassonic/src/client/commands.go:560.3,560.13 1 0
github.com/local/cassonic/src/client/commands.go:562.2,563.12 2 0
github.com/local/cassonic/src/client/commands.go:567.53,569.16 2 0
github.com/local/cassonic/src/client/commands.go:569.16,571.3 1 0
github.com/local/cassonic/src/client/commands.go:572.2,572.14 1 0
github.com/local/cassonic/src/client/commands.go:572.14,575.3 2 0
github.com/local/cassonic/src/client/commands.go:576.2,584.54 2 0
github.com/local/cassonic/src/client/commands.go:584.54,587.3 2 0
github.com/local/cassonic/src/client/commands.go:588.2,590.32 3 0
github.com/local/cassonic/src/client/commands.go:590.32,592.3 1 0
github.com/local/cassonic/src/client/commands.go:593.2,594.12 2 0
github.com/local/cassonic/src/client/commands.go:598.55,599.85 1 0
github.com/local/cassonic/src/client/commands.go:599.85,601.3 1 0
github.com/local/cassonic/src/client/commands.go:602.2,603.12 2 0
github.com/local/cassonic/src/client/commands.go:607.54,608.84 1 0
github.com/local/cassonic/src/client/commands.go:608.84,610.3 1 0
github.com/local/cassonic/src/client/commands.go:611.2,612.12 2 0
github.com/local/cassonic/src/client/commands.go:616.51,618.16 2 0
github.com/local/cassonic/src/client/commands.go:618.16,620.3 1 0
github.com/local/cassonic/src/client/commands.go:621.2,621.14 1 0
github.com/local/cassonic/src/client/commands.go:621.14,624.3 2 0
github.com/local/cassonic/src/client/commands.go:625.2,634.54 2 0
github.com/local/cassonic/src/client/commands.go:634.54,637.3 2 0
github.com/local/cassonic/src/client/commands.go:638.2,640.32 3 0
github.com/local/cassonic/src/client/commands.go:640.32,642.3 1 0
github.com/local/cassonic/src/client/commands.go:643.2,644.12 2 0
github.com/local/cassonic/src/client/commands.go:649.82,651.16 2 0
github.com/local/cassonic/src/client/commands.go:651.16,653.3 1 0
github.com/local/cassonic/src/client/commands.go:654.2,655.11 2 0
github.com/local/cassonic/src/client/commands.go:655.11,657.3 1 0
github.com/local/cassonic/src/client/commands.go:658.2,664.16 3 0
github.com/local/cassonic/src/client/commands.go:664.16,666.3 1 0
github.com/local/cassonic/src/client/commands.go:667.2,667.14 1 0
github.com/local/cassonic/src/client/commands.go:667.14,670.3 2 0
github.com/local/cassonic/src/client/commands.go:671.2,678.54 2 0
github.com/local/cassonic/src/client/commands.go:678.54,681.3 2 0
github.com/local/cassonic/src/client/commands.go:682.2,683.12 2 0
github.com/local/cassonic/src/client/commands.go:687.55,688.68 1 0
github.com/local/cassonic/src/client/commands.go:688.68,690.3 1 0
github.com/local/cassonic/src/client/commands.go:691.2,692.12 2 0
github.com/local/cassonic/src/client/commands.go:697.38,700.30 2 0
github.com/local/cassonic/src/client/commands.go:700.30,702.10 2 0
github.com/local/cassonic/src/client/commands.go:703.18,704.22 1 0
github.com/local/cassonic/src/client/commands.go:706.53,707.19 1 0
github.com/local/cassonic/src/client/commands.go:708.11,709.33 1 0
github.com/local/cassonic/src/client/commands.go:712.2,712.19 1 0
github.com/local/cassonic/src/client/config.go:28.32,38.2 9 0
github.com/local/cassonic/src/client/config.go:41.35,43.16 2 0
github.com/local/cassonic/src/client/config.go:43.16,45.3 1 0
github.com/local/cassonic/src/client/config.go:46.2,46.76 1 0
github.com/local/cassonic/src/client/config.go:50.38,52.16 2 0
github.com/local/cassonic/src/client/config.go:52.16,54.3 1 0
github.com/local/cassonic/src/client/config.go:55.2,55.74 1 0
github.com/local/cassonic/src/client/config.go:60.45,62.16 2 0
github.com/local/cassonic/src/client/config.go:62.16,64.3 1 0
github.com/local/cassonic/src/client/config.go:65.2,65.35 1 0
github.com/local/cassonic/src/client/config.go:65.35,69.3 2 0
github.com/local/cassonic/src/client/config.go:70.2,70.13 1 0
github.com/local/cassonic/src/client/config.go:75.38,78.16 3 0
github.com/local/cassonic/src/client/config.go:78.16,80.3 1 0
github.com/local/cassonic/src/client/config.go:81.2,82.24 2 0
github.com/local/cassonic/src/client/config.go:82.24,84.3 1 0
github.com/local/cassonic/src/client/config.go:85.2,85.16 1 0
github.com/local/cassonic/src/client/config.go:85.16,87.3 1 0
github.com/local/cassonic/src/client/config.go:88.2,88.51 1 0
github.com/local/cassonic/src/client/config.go:88.51,90.3 1 0
github.com/local/cassonic/src/client/config.go:91.2,91.17 1 0
github.com/local/cassonic/src/client/config.go:95.38,97.16 2 0
github.com/local/cassonic/src/client/config.go:97.16,99.3 1 0
github.com/local/cassonic/src/client/config.go:100.2,100.62 1 0
github.com/local/cassonic/src/client/config.go:100.62,102.3 1 0
github.com/local/cassonic/src/client/config.go:103.2,104.16 2 0
github.com/local/cassonic/src/client/config.go:104.16,106.3 1 0
github.com/local/cassonic/src/client/config.go:107.2,107.55 1 0
github.com/local/cassonic/src/client/config.go:107.55,109.3 1 0
github.com/local/cassonic/src/client/config.go:110.2,110.12 1 0
github.com/local/cassonic/src/client/config.go:114.36,116.16 2 0
github.com/local/cassonic/src/client/config.go:116.16,118.3 1 0
github.com/local/cassonic/src/client/config.go:119.2,119.62 1 0
github.com/local/cassonic/src/client/config.go:119.62,121.3 1 0
github.com/local/cassonic/src/client/config.go:122.2,122.64 1 0
github.com/local/cassonic/src/client/config.go:122.64,124.3 1 0
github.com/local/cassonic/src/client/config.go:125.2,125.12 1 0
github.com/local/cassonic/src/client/config.go:129.20,131.16 2 0
github.com/local/cassonic/src/client/config.go:131.16,133.3 1 0
github.com/local/cassonic/src/client/config.go:134.2,134.17 1 0
github.com/local/cassonic/src/client/config.go:140.74,141.21 1 0
github.com/local/cassonic/src/client/config.go:141.21,143.3 1 0
github.com/local/cassonic/src/client/config.go:144.2,144.25 1 0
github.com/local/cassonic/src/client/config.go:144.25,146.17 2 0
github.com/local/cassonic/src/client/config.go:146.17,148.4 1 0
github.com/local/cassonic/src/client/config.go:150.2,150.47 1 0
github.com/local/cassonic/src/client/config.go:150.47,152.3 1 0
github.com/local/cassonic/src/client/config.go:154.2,155.35 2 0
github.com/local/cassonic/src/client/config.go:155.35,156.36 1 0
github.com/local/cassonic/src/client/config.go:156.36,158.4 1 0
github.com/local/cassonic/src/client/config.go:159.3,159.12 1 0
github.com/local/cassonic/src/client/config.go:162.2,163.16 2 0
github.com/local/cassonic/src/client/config.go:163.16,165.3 1 0
github.com/local/cassonic/src/client/config.go:166.2,166.52 1 0
github.com/local/cassonic/src/client/config.go:166.52,167.37 1 0
github.com/local/cassonic/src/client/config.go:167.37,169.4 1 0
github.com/local/cassonic/src/client/config.go:170.3,171.17 2 0
github.com/local/cassonic/src/client/config.go:171.17,173.4 1 0
github.com/local/cassonic/src/client/config.go:175.2,175.11 1 0
github.com/local/cassonic/src/client/main.go:19.13,21.16 2 0
github.com/local/cassonic/src/client/main.go:21.16,24.3 2 0
github.com/local/cassonic/src/client/main.go:27.2,40.20 4 0
github.com/local/cassonic/src/client/main.go:40.20,43.3 2 0
github.com/local/cassonic/src/client/main.go:44.2,44.17 1 0
github.com/local/cassonic/src/client/main.go:45.22,47.13 2 0
github.com/local/cassonic/src/client/main.go:48.25,50.13 2 0
github.com/local/cassonic/src/client/main.go:53.2,56.22 3 0
github.com/local/cassonic/src/client/main.go:56.22,58.3 1 0
github.com/local/cassonic/src/client/main.go:59.2,59.21 1 0
github.com/local/cassonic/src/client/main.go:59.21,61.3 1 0
github.com/local/cassonic/src/client/main.go:63.2,69.67 5 0
github.com/local/cassonic/src/client/main.go:69.67,72.3 2 0
github.com/local/cassonic/src/client/main.go:77.125,79.33 2 0
github.com/local/cassonic/src/client/main.go:79.33,81.10 2 0
github.com/local/cassonic/src/client/main.go:82.25,83.17 1 0
github.com/local/cassonic/src/client/main.go:84.24,85.20 1 0
github.com/local/cassonic/src/client/main.go:86.45,88.21 2 0
github.com/local/cassonic/src/client/main.go:89.47,90.21 1 0
github.com/local/cassonic/src/client/main.go:91.44,93.20 2 0
github.com/local/cassonic/src/client/main.go:94.46,95.20 1 0
github.com/local/cassonic/src/client/main.go:96.49,98.24 2 0
github.com/local/cassonic/src/client/main.go:99.53,100.25 1 0
github.com/local/cassonic/src/client/main.go:101.44,103.20 2 0
github.com/local/cassonic/src/client/main.go:104.46,105.20 1 0
github.com/local/cassonic/src/client/main.go:106.11,107.38 1 0
github.com/local/cassonic/src/client/main.go:110.2,110.18 1 0
github.com/local/cassonic/src/client/main.go:114.89,115.13 1 0
github.com/local/cassonic/src/client/main.go:116.15,117.26 1 0
github.com/local/cassonic/src/client/main.go:119.16,120.22 1 0
github.com/local/cassonic/src/client/main.go:122.16,123.32 1 0
github.com/local/cassonic/src/client/main.go:125.14,128.34 3 0
github.com/local/cassonic/src/client/main.go:128.34,129.19 1 0
github.com/local/cassonic/src/client/main.go:130.18,131.16 1 0
github.com/local/cassonic/src/client/main.go:132.12,133.20 1 0
github.com/local/cassonic/src/client/main.go:136.3,136.43 1 0
github.com/local/cassonic/src/client/main.go:138.21,139.36 1 0
github.com/local/cassonic/src/client/main.go:141.17,143.46 2 0
github.com/local/cassonic/src/client/main.go:145.16,147.45 2 0
github.com/local/cassonic/src/client/main.go:149.15,151.44 2 0
github.com/local/cassonic/src/client/main.go:153.16,154.32 1 0
github.com/local/cassonic/src/client/main.go:156.16,157.21 1 0
github.com/local/cassonic/src/client/main.go:157.21,159.4 1 0
github.com/local/cassonic/src/client/main.go:160.3,160.41 1 0
github.com/local/cassonic/src/client/main.go:162.19,163.35 1 0
github.com/local/cassonic/src/client/main.go:165.18,166.21 1 0
github.com/local/cassonic/src/client/main.go:166.21,168.4 1 0
github.com/local/cassonic/src/client/main.go:169.3,169.43 1 0
github.com/local/cassonic/src/client/main.go:171.25,172.21 1 0
github.com/local/cassonic/src/client/main.go:172.21,174.4 1 0
github.com/local/cassonic/src/client/main.go:175.3,175.49 1 0
github.com/local/cassonic/src/client/main.go:177.22,178.20 1 0
github.com/local/cassonic/src/client/main.go:178.20,180.4 1 0
github.com/local/cassonic/src/client/main.go:181.3,181.45 1 0
github.com/local/cassonic/src/client/main.go:183.25,184.20 1 0
github.com/local/cassonic/src/client/main.go:184.20,186.4 1 0
github.com/local/cassonic/src/client/main.go:187.3,187.48 1 0
github.com/local/cassonic/src/client/main.go:189.14,190.21 1 0
github.com/local/cassonic/src/client/main.go:190.21,192.4 1 0
github.com/local/cassonic/src/client/main.go:193.3,193.39 1 0
github.com/local/cassonic/src/client/main.go:195.18,196.21 1 0
github.com/local/cassonic/src/client/main.go:196.21,198.4 1 0
github.com/local/cassonic/src/client/main.go:199.3,201.49 3 0
github.com/local/cassonic/src/client/main.go:203.17,204.44 1 0
github.com/local/cassonic/src/client/main.go:206.15,207.42 1 0
github.com/local/cassonic/src/client/main.go:209.22,211.13 2 0
github.com/local/cassonic/src/client/main.go:213.25,215.13 2 0
github.com/local/cassonic/src/client/main.go:217.10,218.85 1 0
github.com/local/cassonic/src/client/main.go:223.69,224.20 1 0
github.com/local/cassonic/src/client/main.go:224.20,226.3 1 0
github.com/local/cassonic/src/client/main.go:227.2,227.17 1 0
github.com/local/cassonic/src/client/main.go:228.14,229.37 1 0
github.com/local/cassonic/src/client/main.go:230.15,231.20 1 0
github.com/local/cassonic/src/client/main.go:231.20,233.4 1 0
github.com/local/cassonic/src/client/main.go:234.3,234.37 1 0
github.com/local/cassonic/src/client/main.go:235.14,236.20 1 0
github.com/local/cassonic/src/client/main.go:236.20,238.4 1 0
github.com/local/cassonic/src/client/main.go:239.3,239.36 1 0
github.com/local/cassonic/src/client/main.go:240.10,241.64 1 0
github.com/local/cassonic/src/client/main.go:246.67,247.20 1 0
github.com/local/cassonic/src/client/main.go:247.20,249.3 1 0
github.com/local/cassonic/src/client/main.go:250.2,250.17 1 0
github.com/local/cassonic/src/client/main.go:251.14,252.35 1 0
github.com/local/cassonic/src/client/main.go:253.16,254.20 1 0
github.com/local/cassonic/src/client/main.go:254.20,256.4 1 0
github.com/local/cassonic/src/client/main.go:257.3,259.30 3 0
github.com/local/cassonic/src/client/main.go:259.30,260.22 1 0
github.com/local/cassonic/src/client/main.go:260.22,262.5 1 0
github.com/local/cassonic/src/client/main.go:264.3,264.54 1 0
github.com/local/cassonic/src/client/main.go:265.16,266.20 1 0
github.com/local/cassonic/src/client/main.go:266.20,268.4 1 0
github.com/local/cassonic/src/client/main.go:269.3,269.36 1 0
github.com/local/cassonic/src/client/main.go:270.10,271.62 1 0
github.com/local/cassonic/src/client/main.go:276.55,279.33 3 0
github.com/local/cassonic/src/client/main.go:279.33,280.10 1 0
github.com/local/cassonic/src/client/main.go:281.47,283.51 2 0
github.com/local/cassonic/src/client/main.go:283.51,285.5 1 0
github.com/local/cassonic/src/client/main.go:286.53,287.55 1 0
github.com/local/cassonic/src/client/main.go:287.55,289.5 1 0
github.com/local/cassonic/src/client/main.go:290.48,292.51 2 0
github.com/local/cassonic/src/client/main.go:292.51,294.5 1 0
github.com/local/cassonic/src/client/main.go:295.54,296.55 1 0
github.com/local/cassonic/src/client/main.go:296.55,298.5 1 0
github.com/local/cassonic/src/client/main.go:301.2,301.20 1 0
github.com/local/cassonic/src/client/main.go:305.51,307.33 2 0
github.com/local/cassonic/src/client/main.go:307.33,308.10 1 0
github.com/local/cassonic/src/client/main.go:309.48,311.21 2 0
github.com/local/cassonic/src/client/main.go:312.49,314.22 2 0
github.com/local/cassonic/src/client/main.go:315.48,317.21 2 0
github.com/local/cassonic/src/client/main.go:318.47,320.20 2 0
github.com/local/cassonic/src/client/main.go:321.48,323.21 2 0
github.com/local/cassonic/src/client/main.go:324.48,326.21 2 0
github.com/local/cassonic/src/client/main.go:329.2,329.10 1 0
github.com/local/cassonic/src/client/main.go:333.21,335.24 2 0
github.com/local/cassonic/src/client/main.go:335.24,337.3 1 0
github.com/local/cassonic/src/client/main.go:341.18,399.2 1 0
github.com/local/cassonic/src/client/output.go:24.34,25.33 1 0
github.com/local/cassonic/src/client/output.go:25.33,28.3 2 0
github.com/local/cassonic/src/client/output.go:29.2,29.19 1 0
github.com/local/cassonic/src/client/output.go:30.13,31.22 1 0
github.com/local/cassonic/src/client/output.go:32.12,33.23 1 0
github.com/local/cassonic/src/client/output.go:34.10,36.49 1 0
github.com/local/cassonic/src/client/output.go:41.41,42.19 1 0
github.com/local/cassonic/src/client/output.go:42.19,44.3 1 0
github.com/local/cassonic/src/client/output.go:45.2,45.32 1 0
github.com/local/cassonic/src/client/output.go:49.29,51.2 1 0
github.com/local/cassonic/src/client/output.go:54.27,56.2 1 0
github.com/local/cassonic/src/client/output.go:59.39,61.2 1 0
github.com/local/cassonic/src/client/terminal_unix.go:16.30,19.2 2 0
github.com/local/cassonic/src/client/terminal_unix.go:22.50,26.16 4 0
github.com/local/cassonic/src/client/terminal_unix.go:26.16,29.3 1 0
github.com/local/cassonic/src/client/terminal_unix.go:30.2,33.73 3 0
github.com/local/cassonic/src/client/terminal_unix.go:33.73,35.3 1 0
github.com/local/cassonic/src/client/terminal_unix.go:36.2,36.15 1 0
github.com/local/cassonic/src/client/terminal_unix.go:36.15,40.3 2 0
github.com/local/cassonic/src/client/terminal_unix.go:41.2,41.19 1 0
github.com/local/cassonic/src/client/terminal_unix.go:45.33,49.2 3 0
github.com/local/cassonic/src/server/service/email/autodetect.go:16.56,25.31 3 0
github.com/local/cassonic/src/server/service/email/autodetect.go:25.31,26.14 1 0
github.com/local/cassonic/src/server/service/email/autodetect.go:26.14,27.12 1 0
github.com/local/cassonic/src/server/service/email/autodetect.go:29.3,29.27 1 0
github.com/local/cassonic/src/server/service/email/autodetect.go:29.27,30.22 1 0
github.com/local/cassonic/src/server/service/email/autodetect.go:30.22,32.5 1 0
github.com/local/cassonic/src/server/service/email/autodetect.go:35.2,35.21 1 0
github.com/local/cassonic/src/server/service/email/autodetect.go:39.43,42.16 3 0
github.com/local/cassonic/src/server/service/email/autodetect.go:42.16,44.3 1 0
github.com/local/cassonic/src/server/service/email/autodetect.go:45.2,47.16 3 0
github.com/local/cassonic/src/server/service/email/autodetect.go:47.16,49.3 1 0
github.com/local/cassonic/src/server/service/email/autodetect.go:50.2,51.13 2 0
github.com/local/cassonic/src/server/service/email/autodetect.go:56.29,58.16 2 0
github.com/local/cassonic/src/server/service/email/autodetect.go:58.16,60.3 1 0
github.com/local/cassonic/src/server/service/email/autodetect.go:61.2,66.21 4 0
github.com/local/cassonic/src/server/service/email/autodetect.go:66.21,68.22 2 0
github.com/local/cassonic/src/server/service/email/autodetect.go:68.22,69.12 1 0
github.com/local/cassonic/src/server/service/email/autodetect.go:72.3,72.30 1 0
github.com/local/cassonic/src/server/service/email/autodetect.go:72.30,73.12 1 0
github.com/local/cassonic/src/server/service/email/autodetect.go:76.3,77.19 2 0
github.com/local/cassonic/src/server/service/email/autodetect.go:77.19,78.12 1 0
github.com/local/cassonic/src/server/service/email/autodetect.go:80.3,81.26 2 0
github.com/local/cassonic/src/server/service/email/autodetect.go:81.26,83.67 2 0
github.com/local/cassonic/src/server/service/email/autodetect.go:83.67,84.10 1 0
github.com/local/cassonic/src/server/service/email/autodetect.go:86.4,86.14 1 0
github.com/local/cassonic/src/server/service/email/autodetect.go:88.3,88.60 1 0
github.com/local/cassonic/src/server/service/email/autodetect.go:90.2,90.11 1 0
github.com/local/cassonic/src/server/service/email/autodetect.go:95.26,97.16 2 0
github.com/local/cassonic/src/server/service/email/autodetect.go:97.16,99.3 1 0
github.com/local/cassonic/src/server/service/email/autodetect.go:100.2,101.35 2 0
github.com/local/cassonic/src/server/service/email/autodetect.go:101.35,103.3 1 0
github.com/local/cassonic/src/server/service/email/autodetect.go:104.2,105.35 2 0
github.com/local/cassonic/src/server/service/email/autodetect.go:105.35,107.3 1 0
github.com/local/cassonic/src/server/service/email/autodetect.go:108.2,108.42 1 0
github.com/local/cassonic/src/server/service/email/email.go:37.51,39.2 1 0
github.com/local/cassonic/src/server/service/email/email.go:56.98,57.22 1 0
github.com/local/cassonic/src/server/service/email/email.go:57.22,59.3 1 0
github.com/local/cassonic/src/server/service/email/email.go:61.2,65.15 3 0
github.com/local/cassonic/src/server/service/email/email.go:65.15,67.3 1 0
github.com/local/cassonic/src/server/service/email/email.go:68.2,68.45 1 0
github.com/local/cassonic/src/server/service/email/email.go:74.108,75.22 1 0
github.com/local/cassonic/src/server/service/email/email.go:75.22,77.3 1 0
github.com/local/cassonic/src/server/service/email/email.go:79.2,80.9 2 0
github.com/local/cassonic/src/server/service/email/email.go:80.9,82.3 1 0
github.com/local/cassonic/src/server/service/email/email.go:84.2,85.16 2 0
github.com/local/cassonic/src/server/service/email/email.go:85.16,87.3 1 0
github.com/local/cassonic/src/server/service/email/email.go:89.2,90.49 2 0
github.com/local/cassonic/src/server/service/email/email.go:90.49,92.3 1 0
github.com/local/cassonic/src/server/service/email/email.go:94.2,94.51 1 0
github.com/local/cassonic/src/server/service/email/email.go:98.71,106.16 3 0
github.com/local/cassonic/src/server/service/email/email.go:106.16,108.3 1 0
github.com/local/cassonic/src/server/service/email/email.go:110.2,111.16 2 0
github.com/local/cassonic/src/server/service/email/email.go:111.16,113.3 1 0
github.com/local/cassonic/src/server/service/email/email.go:114.2,116.55 2 0
github.com/local/cassonic/src/server/service/email/email.go:116.55,118.3 1 0
github.com/local/cassonic/src/server/service/email/email.go:119.2,119.22 1 0
github.com/local/cassonic/src/server/service/email/email.go:124.83,126.16 2 0
github.com/local/cassonic/src/server/service/email/email.go:126.16,128.3 1 0
github.com/local/cassonic/src/server/service/email/email.go:130.2,131.16 2 0
github.com/local/cassonic/src/server/service/email/email.go:131.16,133.3 1 0
github.com/local/cassonic/src/server/service/email/email.go:134.2,136.20 2 0
github.com/local/cassonic/src/server/service/email/email.go:136.20,141.49 2 0
github.com/local/cassonic/src/server/service/email/email.go:141.49,143.4 1 0
github.com/local/cassonic/src/server/service/email/email.go:146.2,146.55 1 0
github.com/local/cassonic/src/server/service/email/email.go:146.55,148.3 1 0
github.com/local/cassonic/src/server/service/email/email.go:149.2,149.22 1 0
github.com/local/cassonic/src/server/service/email/email.go:153.83,154.26 1 0
github.com/local/cassonic/src/server/service/email/email.go:154.26,156.43 2 0
github.com/local/cassonic/src/server/service/email/email.go:156.43,158.4 1 0
github.com/local/cassonic/src/server/service/email/email.go:161.2,161.48 1 0
github.com/local/cassonic/src/server/service/email/email.go:161.48,163.3 1 0
github.com/local/cassonic/src/server/service/email/email.go:165.2,165.26 1 0
github.com/local/cassonic/src/server/service/email/email.go:165.26,166.43 1 0
github.com/local/cassonic/src/server/service/email/email.go:166.43,168.4 1 0
github.com/local/cassonic/src/server/service/email/email.go:171.2,172.16 2 0
github.com/local/cassonic/src/server/service/email/email.go:172.16,174.3 1 0
github.com/local/cassonic/src/server/service/email/email.go:175.2,175.40 1 0
github.com/local/cassonic/src/server/service/email/email.go:175.40,177.3 1 0
github.com/local/cassonic/src/server/service/email/email.go:178.2,178.18 1 0
github.com/local/cassonic/src/server/service/email/email.go:184.88,195.38 3 0
github.com/local/cassonic/src/server/service/email/email.go:195.38,199.29 3 0
github.com/local/cassonic/src/server/service/email/email.go:199.29,201.4 1 0
github.com/local/cassonic/src/server/service/email/email.go:202.3,214.44 10 0
github.com/local/cassonic/src/server/service/email/email.go:215.8,215.27 1 0
github.com/local/cassonic/src/server/service/email/email.go:215.27,217.29 2 0
github.com/local/cassonic/src/server/service/email/email.go:217.29,219.4 1 0
github.com/local/cassonic/src/server/service/email/email.go:220.3,221.28 2 0
github.com/local/cassonic/src/server/service/email/email.go:222.8,224.29 2 0
github.com/local/cassonic/src/server/service/email/email.go:224.29,226.4 1 0
github.com/local/cassonic/src/server/service/email/email.go:227.3,228.28 2 0
github.com/local/cassonic/src/server/service/email/email.go:231.2,231.20 1 0
github.com/local/cassonic/src/server/service/podcast/podcast.go:76.76,83.2 1 1
github.com/local/cassonic/src/server/service/podcast/podcast.go:86.57,88.16 2 0
github.com/local/cassonic/src/server/service/podcast/podcast.go:88.16,90.3 1 0
github.com/local/cassonic/src/server/service/podcast/podcast.go:91.2,91.30 1 0
github.com/local/cassonic/src/server/service/podcast/podcast.go:91.30,92.54 1 0
github.com/local/cassonic/src/server/service/podcast/podcast.go:92.54,94.4 1 0
github.com/local/cassonic/src/server/service/podcast/podcast.go:96.2,96.12 1 0
github.com/local/cassonic/src/server/service/podcast/podcast.go:100.78,102.16 2 1
github.com/local/cassonic/src/server/service/podcast/podcast.go:102.16,104.3 1 0
github.com/local/cassonic/src/server/service/podcast/podcast.go:105.2,105.15 1 1
github.com/local/cassonic/src/server/service/podcast/podcast.go:105.15,107.3 1 1
github.com/local/cassonic/src/server/service/podcast/podcast.go:109.2,110.21 2 1
github.com/local/cassonic/src/server/service/podcast/podcast.go:110.21,115.3 4 1
github.com/local/cassonic/src/server/service/podcast/podcast.go:117.2,118.47 2 1
github.com/local/cassonic/src/server/service/podcast/podcast.go:118.47,120.3 1 1
github.com/local/cassonic/src/server/service/podcast/podcast.go:120.8,120.66 1 0
github.com/local/cassonic/src/server/service/podcast/podcast.go:120.66,122.3 1 0
github.com/local/cassonic/src/server/service/podcast/podcast.go:124.2,129.20 6 1
github.com/local/cassonic/src/server/service/podcast/podcast.go:129.20,132.3 2 1
github.com/local/cassonic/src/server/service/podcast/podcast.go:133.2,137.61 4 1
github.com/local/cassonic/src/server/service/podcast/podcast.go:137.61,139.3 1 0
github.com/local/cassonic/src/server/service/podcast/podcast.go:141.2,141.34 1 1
github.com/local/cassonic/src/server/service/podcast/podcast.go:141.34,143.65 2 1
github.com/local/cassonic/src/server/service/podcast/podcast.go:143.65,145.4 1 0
github.com/local/cassonic/src/server/service/podcast/podcast.go:148.2,148.12 1 1
github.com/local/cassonic/src/server/service/podcast/podcast.go:153.97,154.55 1 0
github.com/local/cassonic/src/server/service/podcast/podcast.go:154.55,156.3 1 0
github.com/local/cassonic/src/server/service/podcast/podcast.go:158.2,164.16 3 0
github.com/local/cassonic/src/server/service/podcast/podcast.go:164.16,166.3 1 0
github.com/local/cassonic/src/server/service/podcast/podcast.go:167.2,169.50 2 0
github.com/local/cassonic/src/server/service/podcast/podcast.go:169.50,171.3 1 0
github.com/local/cassonic/src/server/service/podcast/podcast.go:173.2,174.16 2 0
github.com/local/cassonic/src/server/service/podcast/podcast.go:174.16,176.3 1 0
github.com/local/cassonic/src/server/service/podcast/podcast.go:177.2,177.20 1 0
github.com/local/cassonic/src/server/service/podcast/podcast.go:177.20,179.3 1 0
github.com/local/cassonic/src/server/service/podcast/podcast.go:180.2,180.16 1 0
github.com/local/cassonic/src/server/service/podcast/podcast.go:186.79,188.16 2 0
github.com/local/cassonic/src/server/service/podcast/podcast.go:188.16,190.3 1 0
github.com/local/cassonic/src/server/service/podcast/podcast.go:191.2,191.15 1 0
github.com/local/cassonic/src/server/service/podcast/podcast.go:191.15,193.3 1 0
github.com/local/cassonic/src/server/service/podcast/podcast.go:195.2,195.82 1 0
github.com/local/cassonic/src/server/service/podcast/podcast.go:195.82,197.3 1 0
github.com/local/cassonic/src/server/service/podcast/podcast.go:199.2,199.110 1 0
github.com/local/cassonic/src/server/service/podcast/podcast.go:199.110,201.3 1 0
github.com/local/cassonic/src/server/service/podcast/podcast.go:203.2,204.55 2 0
github.com/local/cassonic/src/server/service/podcast/podcast.go:204.55,207.3 2 0
github.com/local/cassonic/src/server/service/podcast/podcast.go:209.2,214.24 5 0
github.com/local/cassonic/src/server/service/podcast/podcast.go:214.24,218.3 3 0
github.com/local/cassonic/src/server/service/podcast/podcast.go:220.2,220.54 1 0
github.com/local/cassonic/src/server/service/podcast/podcast.go:220.54,224.3 3 0
github.com/local/cassonic/src/server/service/podcast/podcast.go:226.2,231.64 5 0
github.com/local/cassonic/src/server/service/podcast/podcast.go:231.64,233.3 1 0
github.com/local/cassonic/src/server/service/podcast/podcast.go:235.2,235.12 1 0
github.com/local/cassonic/src/server/service/podcast/podcast.go:239.81,241.16 2 0
github.com/local/cassonic/src/server/service/podcast/podcast.go:241.16,243.3 1 0
github.com/local/cassonic/src/server/service/podcast/podcast.go:244.2,244.15 1 0
github.com/local/cassonic/src/server/service/podcast/podcast.go:244.15,246.3 1 0
github.com/local/cassonic/src/server/service/podcast/podcast.go:248.2,248.27 1 0
github.com/local/cassonic/src/server/service/podcast/podcast.go:248.27,249.75 1 0
github.com/local/cassonic/src/server/service/podcast/podcast.go:249.75,251.4 1 0
github.com/local/cassonic/src/server/service/podcast/podcast.go:254.2,258.64 4 0
github.com/local/cassonic/src/server/service/podcast/podcast.go:258.64,260.3 1 0
github.com/local/cassonic/src/server/service/podcast/podcast.go:262.2,262.12 1 0
github.com/local/cassonic/src/server/service/podcast/podcast.go:266.85,268.16 2 1
github.com/local/cassonic/src/server/service/podcast/podcast.go:268.16,270.3 1 0
github.com/local/cassonic/src/server/service/podcast/podcast.go:271.2,274.16 3 1
github.com/local/cassonic/src/server/service/podcast/podcast.go:274.16,276.3 1 0
github.com/local/cassonic/src/server/service/podcast/podcast.go:277.2,279.38 2 1
github.com/local/cassonic/src/server/service/podcast/podcast.go:279.38,281.3 1 1
github.com/local/cassonic/src/server/service/podcast/podcast.go:283.2,286.45 4 1
github.com/local/cassonic/src/server/service/podcast/podcast.go:286.45,288.3 1 1
github.com/local/cassonic/src/server/service/podcast/podcast.go:290.2,290.30 1 1
github.com/local/cassonic/src/server/service/podcast/podcast.go:294.93,296.16 2 0
github.com/local/cassonic/src/server/service/podcast/podcast.go:296.16,298.3 1 0
github.com/local/cassonic/src/server/service/podcast/podcast.go:300.2,301.16 2 0
github.com/local/cassonic/src/server/service/podcast/podcast.go:301.16,303.3 1 0
github.com/local/cassonic/src/server/service/podcast/podcast.go:304.2,306.38 2 0
github.com/local/cassonic/src/server/service/podcast/podcast.go:306.38,308.3 1 0
github.com/local/cassonic/src/server/service/podcast/podcast.go:310.2,311.16 2 0
github.com/local/cassonic/src/server/service/podcast/podcast.go:311.16,313.3 1 0
github.com/local/cassonic/src/server/service/podcast/podcast.go:314.2,317.16 3 0
github.com/local/cassonic/src/server/service/podcast/podcast.go:317.16,319.3 1 0
github.com/local/cassonic/src/server/service/podcast/podcast.go:320.2,320.15 1 0
github.com/local/cassonic/src/server/service/podcast/podcast.go:324.73,334.27 2 1
github.com/local/cassonic/src/server/service/podcast/podcast.go:334.27,337.77 3 1
github.com/local/cassonic/src/server/service/podcast/podcast.go:337.77,339.4 1 1
github.com/local/cassonic/src/server/service/podcast/podcast.go:342.2,342.24 1 1
github.com/local/cassonic/src/server/service/podcast/podcast.go:342.24,349.5 1 1
github.com/local/cassonic/src/server/service/podcast/podcast.go:349.5,350.62 1 1
github.com/local/cassonic/src/server/service/podcast/podcast.go:350.62,353.10 3 1
github.com/local/cassonic/src/server/service/podcast/podcast.go:358.2,358.19 1 1
github.com/local/cassonic/src/server/service/podcast/podcast.go:358.19,360.3 1 1
github.com/local/cassonic/src/server/service/podcast/podcast.go:362.2,362.11 1 1
github.com/local/cassonic/src/server/service/podcast/podcast.go:367.64,368.9 1 1
github.com/local/cassonic/src/server/service/podcast/podcast.go:369.45,370.16 1 1
github.com/local/cassonic/src/server/service/podcast/podcast.go:371.44,372.16 1 1
github.com/local/cassonic/src/server/service/podcast/podcast.go:373.44,374.16 1 1
github.com/local/cassonic/src/server/service/podcast/podcast.go:375.45,376.17 1 1
github.com/local/cassonic/src/server/service/podcast/podcast.go:377.45,378.17 1 1
github.com/local/cassonic/src/server/service/podcast/podcast.go:381.2,381.18 1 1
github.com/local/cassonic/src/server/service/podcast/podcast.go:381.18,382.46 1 1
github.com/local/cassonic/src/server/service/podcast/podcast.go:382.46,384.17 2 1
github.com/local/cassonic/src/server/service/podcast/podcast.go:384.17,386.5 1 1
github.com/local/cassonic/src/server/service/podcast/podcast.go:390.2,390.15 1 1
github.com/local/cassonic/src/server/service/podcast/podcast.go:395.40,396.13 1 1
github.com/local/cassonic/src/server/service/podcast/podcast.go:396.13,398.3 1 1
github.com/local/cassonic/src/server/service/podcast/podcast.go:400.2,401.20 2 1
github.com/local/cassonic/src/server/service/podcast/podcast.go:402.9,404.13 2 1
github.com/local/cassonic/src/server/service/podcast/podcast.go:405.9,408.22 3 1
github.com/local/cassonic/src/server/service/podcast/podcast.go:409.9,413.32 4 1
github.com/local/cassonic/src/server/service/podcast/podcast.go:416.2,416.10 1 0
github.com/local/cassonic/src/server/service/scrobble/lastfm.go:19.68,21.24 2 1
github.com/local/cassonic/src/server/service/scrobble/lastfm.go:21.24,22.39 1 1
github.com/local/cassonic/src/server/service/scrobble/lastfm.go:22.39,23.12 1 1
github.com/local/cassonic/src/server/service/scrobble/lastfm.go:25.3,25.25 1 1
github.com/local/cassonic/src/server/service/scrobble/lastfm.go:27.2,30.25 3 1
github.com/local/cassonic/src/server/service/scrobble/lastfm.go:30.25,33.3 2 1
github.com/local/cassonic/src/server/service/scrobble/lastfm.go:34.2,37.31 3 1
github.com/local/cassonic/src/server/service/scrobble/lastfm.go:41.148,43.22 2 0
github.com/local/cassonic/src/server/service/scrobble/lastfm.go:43.22,45.3 1 0
github.com/local/cassonic/src/server/service/scrobble/lastfm.go:46.2,51.27 4 0
github.com/local/cassonic/src/server/service/scrobble/lastfm.go:51.27,53.3 1 0
github.com/local/cassonic/src/server/service/scrobble/lastfm.go:55.2,56.16 2 0
github.com/local/cassonic/src/server/service/scrobble/lastfm.go:56.16,58.3 1 0
github.com/local/cassonic/src/server/service/scrobble/lastfm.go:59.2,62.16 3 0
github.com/local/cassonic/src/server/service/scrobble/lastfm.go:62.16,64.3 1 0
github.com/local/cassonic/src/server/service/scrobble/lastfm.go:65.2,68.16 3 0
github.com/local/cassonic/src/server/service/scrobble/lastfm.go:68.16,70.3 1 0
github.com/local/cassonic/src/server/service/scrobble/lastfm.go:72.2,72.38 1 0
github.com/local/cassonic/src/server/service/scrobble/lastfm.go:72.38,74.3 1 0
github.com/local/cassonic/src/server/service/scrobble/lastfm.go:76.2,77.54 2 0
github.com/local/cassonic/src/server/service/scrobble/lastfm.go:77.54,79.3 1 0
github.com/local/cassonic/src/server/service/scrobble/lastfm.go:81.2,81.39 1 0
github.com/local/cassonic/src/server/service/scrobble/lastfm.go:81.39,84.3 2 0
github.com/local/cassonic/src/server/service/scrobble/lastfm.go:86.2,86.20 1 0
github.com/local/cassonic/src/server/service/scrobble/lastfm.go:90.120,92.19 2 0
github.com/local/cassonic/src/server/service/scrobble/lastfm.go:92.19,94.3 1 0
github.com/local/cassonic/src/server/service/scrobble/lastfm.go:96.2,104.22 2 0
github.com/local/cassonic/src/server/service/scrobble/lastfm.go:104.22,106.3 1 0
github.com/local/cassonic/src/server/service/scrobble/lastfm.go:108.2,109.16 2 0
github.com/local/cassonic/src/server/service/scrobble/lastfm.go:109.16,111.3 1 0
github.com/local/cassonic/src/server/service/scrobble/lastfm.go:112.2,112.12 1 0
github.com/local/cassonic/src/server/service/scrobble/lastfm.go:116.87,117.29 1 0
github.com/local/cassonic/src/server/service/scrobble/lastfm.go:117.29,119.3 1 0
github.com/local/cassonic/src/server/service/scrobble/lastfm.go:121.2,122.19 2 0
github.com/local/cassonic/src/server/service/scrobble/lastfm.go:122.19,124.3 1 0
github.com/local/cassonic/src/server/service/scrobble/lastfm.go:126.2,132.16 3 0
github.com/local/cassonic/src/server/service/scrobble/lastfm.go:132.16,134.3 1 0
github.com/local/cassonic/src/server/service/scrobble/lastfm.go:135.2,135.12 1 0
github.com/local/cassonic/src/server/service/scrobble/listenbrainz.go:43.126,45.19 2 0
github.com/local/cassonic/src/server/service/scrobble/listenbrainz.go:45.19,47.3 1 0
github.com/local/cassonic/src/server/service/scrobble/listenbrainz.go:49.2,53.27 2 0
github.com/local/cassonic/src/server/service/scrobble/listenbrainz.go:53.27,55.3 1 0
github.com/local/cassonic/src/server/service/scrobble/listenbrainz.go:56.2,56.22 1 0
github.com/local/cassonic/src/server/service/scrobble/listenbrainz.go:56.22,58.3 1 0
github.com/local/cassonic/src/server/service/scrobble/listenbrainz.go:60.2,76.16 3 0
github.com/local/cassonic/src/server/service/scrobble/listenbrainz.go:76.16,78.3 1 0
github.com/local/cassonic/src/server/service/scrobble/listenbrainz.go:80.2,82.16 3 0
github.com/local/cassonic/src/server/service/scrobble/listenbrainz.go:82.16,84.3 1 0
github.com/local/cassonic/src/server/service/scrobble/listenbrainz.go:85.2,89.16 4 0
github.com/local/cassonic/src/server/service/scrobble/listenbrainz.go:89.16,91.3 1 0
github.com/local/cassonic/src/server/service/scrobble/listenbrainz.go:92.2,95.16 3 0
github.com/local/cassonic/src/server/service/scrobble/listenbrainz.go:95.16,97.3 1 0
github.com/local/cassonic/src/server/service/scrobble/listenbrainz.go:99.2,99.38 1 0
github.com/local/cassonic/src/server/service/scrobble/listenbrainz.go:99.38,101.3 1 0
github.com/local/cassonic/src/server/service/scrobble/listenbrainz.go:103.2,103.12 1 0
github.com/local/cassonic/src/server/service/scrobble/listenbrainz.go:108.93,109.24 1 0
github.com/local/cassonic/src/server/service/scrobble/listenbrainz.go:109.24,111.3 1 0
github.com/local/cassonic/src/server/service/scrobble/listenbrainz.go:113.2,114.19 2 0
github.com/local/cassonic/src/server/service/scrobble/listenbrainz.go:114.19,116.3 1 0
github.com/local/cassonic/src/server/service/scrobble/listenbrainz.go:118.2,120.16 3 0
github.com/local/cassonic/src/server/service/scrobble/listenbrainz.go:120.16,122.3 1 0
github.com/local/cassonic/src/server/service/scrobble/listenbrainz.go:123.2,126.16 3 0
github.com/local/cassonic/src/server/service/scrobble/listenbrainz.go:126.16,128.3 1 0
github.com/local/cassonic/src/server/service/scrobble/listenbrainz.go:129.2,132.16 3 0
github.com/local/cassonic/src/server/service/scrobble/listenbrainz.go:132.16,134.3 1 0
github.com/local/cassonic/src/server/service/scrobble/listenbrainz.go:136.2,136.38 1 0
github.com/local/cassonic/src/server/service/scrobble/listenbrainz.go:136.38,138.3 1 0
github.com/local/cassonic/src/server/service/scrobble/listenbrainz.go:140.2,145.54 2 0
github.com/local/cassonic/src/server/service/scrobble/listenbrainz.go:145.54,147.3 1 0
github.com/local/cassonic/src/server/service/scrobble/listenbrainz.go:149.2,149.24 1 0
github.com/local/cassonic/src/server/service/scrobble/listenbrainz.go:149.24,151.3 1 0
github.com/local/cassonic/src/server/service/scrobble/listenbrainz.go:153.2,153.12 1 0
github.com/local/cassonic/src/server/service/scrobble/scrobble.go:22.60,28.2 1 0
github.com/local/cassonic/src/server/service/scrobble/scrobble.go:32.100,34.16 2 0
github.com/local/cassonic/src/server/service/scrobble/scrobble.go:34.16,36.3 1 0
github.com/local/cassonic/src/server/service/scrobble/scrobble.go:38.2,39.27 2 0
github.com/local/cassonic/src/server/service/scrobble/scrobble.go:39.27,40.36 1 0
github.com/local/cassonic/src/server/service/scrobble/scrobble.go:40.36,41.12 1 0
github.com/local/cassonic/src/server/service/scrobble/scrobble.go:43.3,44.39 2 0
github.com/local/cassonic/src/server/service/scrobble/scrobble.go:44.39,47.38 3 0
github.com/local/cassonic/src/server/service/scrobble/scrobble.go:48.24,49.56 1 0
github.com/local/cassonic/src/server/service/scrobble/scrobble.go:50.12,51.50 1 0
github.com/local/cassonic/src/server/service/scrobble/scrobble.go:53.4,53.24 1 0
github.com/local/cassonic/src/server/service/scrobble/scrobble.go:53.24,55.65 2 0
github.com/local/cassonic/src/server/service/scrobble/scrobble.go:55.65,57.6 1 0
github.com/local/cassonic/src/server/service/scrobble/scrobble.go:61.2,62.12 2 0
github.com/local/cassonic/src/server/service/scrobble/scrobble.go:66.114,73.2 2 0
github.com/local/cassonic/src/server/service/scrobble/scrobble.go:78.57,80.16 2 0
github.com/local/cassonic/src/server/service/scrobble/scrobble.go:80.16,82.3 1 0
github.com/local/cassonic/src/server/service/scrobble/scrobble.go:84.2,86.27 2 0
github.com/local/cassonic/src/server/service/scrobble/scrobble.go:86.27,87.36 1 0
github.com/local/cassonic/src/server/service/scrobble/scrobble.go:87.36,88.12 1 0
github.com/local/cassonic/src/server/service/scrobble/scrobble.go:91.3,92.51 2 0
github.com/local/cassonic/src/server/service/scrobble/scrobble.go:92.51,94.4 1 0
github.com/local/cassonic/src/server/service/scrobble/scrobble.go:96.3,97.17 2 0
github.com/local/cassonic/src/server/service/scrobble/scrobble.go:97.17,99.12 2 0
github.com/local/cassonic/src/server/service/scrobble/scrobble.go:102.3,102.33 1 0
github.com/local/cassonic/src/server/service/scrobble/scrobble.go:102.33,104.38 2 0
github.com/local/cassonic/src/server/service/scrobble/scrobble.go:105.24,106.66 1 0
github.com/local/cassonic/src/server/service/scrobble/scrobble.go:107.12,108.60 1 0
github.com/local/cassonic/src/server/service/scrobble/scrobble.go:111.4,111.24 1 0
github.com/local/cassonic/src/server/service/scrobble/scrobble.go:111.24,112.79 1 0
github.com/local/cassonic/src/server/service/scrobble/scrobble.go:112.79,114.6 1 0
github.com/local/cassonic/src/server/service/scrobble/scrobble.go:115.10,117.99 2 0
github.com/local/cassonic/src/server/service/scrobble/scrobble.go:117.99,119.6 1 0
github.com/local/cassonic/src/server/service/scrobble/scrobble.go:124.2,124.71 1 0
github.com/local/cassonic/src/server/service/scrobble/scrobble.go:124.71,126.3 1 0
github.com/local/cassonic/src/server/service/scrobble/scrobble.go:128.2,128.12 1 0
github.com/local/cassonic/src/server/service/scrobble/scrobble.go:133.81,135.36 2 0
github.com/local/cassonic/src/server/service/scrobble/scrobble.go:136.22,137.39 1 0
github.com/local/cassonic/src/server/service/scrobble/scrobble.go:138.10,139.33 1 0
github.com/local/cassonic/src/server/service/scrobble/scrobble.go:142.2,142.16 1 0
github.com/local/cassonic/src/server/service/scrobble/scrobble.go:142.16,143.97 1 0
github.com/local/cassonic/src/server/service/scrobble/scrobble.go:143.97,145.4 1 0
github.com/local/cassonic/src/server/service/scrobble/scrobble.go:146.3,146.13 1 0
github.com/local/cassonic/src/server/service/scrobble/scrobble.go:149.2,149.86 1 0
github.com/local/cassonic/src/server/service/scrobble/scrobble.go:149.86,151.3 1 0
github.com/local/cassonic/src/server/service/scrobble/scrobble.go:152.2,152.12 1 0
github.com/local/cassonic/src/server/service/tags/reader.go:33.20,35.2 1 1
github.com/local/cassonic/src/server/service/tags/reader.go:39.76,40.15 1 1
github.com/local/cassonic/src/server/service/tags/reader.go:40.15,41.35 1 1
github.com/local/cassonic/src/server/service/tags/reader.go:41.35,43.4 1 0
github.com/local/cassonic/src/server/service/tags/reader.go:46.2,48.13 2 1
github.com/local/cassonic/src/server/service/tags/reader.go:49.14,50.23 1 1
github.com/local/cassonic/src/server/service/tags/reader.go:51.15,52.24 1 1
github.com/local/cassonic/src/server/service/tags/reader.go:53.14,54.34 1 1
github.com/local/cassonic/src/server/service/tags/reader.go:55.15,56.35 1 1
github.com/local/cassonic/src/server/service/tags/reader.go:57.22,58.23 1 1
github.com/local/cassonic/src/server/service/tags/reader.go:59.14,60.47 1 1
github.com/local/cassonic/src/server/service/tags/reader.go:61.23,62.49 1 1
github.com/local/cassonic/src/server/service/tags/reader.go:63.10,64.35 1 1
github.com/local/cassonic/src/server/service/tags/reader.go:69.32,70.25 1 1
github.com/local/cassonic/src/server/service/tags/reader.go:70.25,72.3 1 1
github.com/local/cassonic/src/server/service/tags/reader.go:73.2,73.38 1 1
github.com/local/cassonic/src/server/service/tags/reader.go:77.34,79.16 2 0
github.com/local/cassonic/src/server/service/tags/reader.go:79.16,81.3 1 0
github.com/local/cassonic/src/server/service/tags/reader.go:82.2,82.18 1 0
github.com/local/cassonic/src/server/service/tags/reader.go:86.29,88.13 2 1
github.com/local/cassonic/src/server/service/tags/reader.go:88.13,90.3 1 1
github.com/local/cassonic/src/server/service/tags/reader.go:91.2,92.16 2 1
github.com/local/cassonic/src/server/service/tags/reader.go:92.16,94.3 1 1
github.com/local/cassonic/src/server/service/tags/reader.go:95.2,95.10 1 1
github.com/local/cassonic/src/server/service/tags/reader.go:99.40,105.16 6 1
github.com/local/cassonic/src/server/service/tags/reader.go:105.16,107.3 1 1
github.com/local/cassonic/src/server/service/tags/reader.go:108.2,108.10 1 1
github.com/local/cassonic/src/server/service/tags/reader.go:112.54,113.16 1 0
github.com/local/cassonic/src/server/service/tags/reader.go:113.16,115.3 1 0
github.com/local/cassonic/src/server/service/tags/reader.go:116.2,116.35 1 0
github.com/local/cassonic/src/server/service/tags/reader.go:116.35,118.3 1 0
github.com/local/cassonic/src/server/service/tags/reader.go:119.2,119.41 1 0
github.com/local/cassonic/src/server/service/tags/reader.go:123.56,146.2 5 0
github.com/local/cassonic/src/server/service/tags/reader.go:149.54,151.16 2 1
github.com/local/cassonic/src/server/service/tags/reader.go:151.16,153.3 1 1
github.com/local/cassonic/src/server/service/tags/reader.go:154.2,157.55 3 1
github.com/local/cassonic/src/server/service/tags/reader.go:157.55,159.3 1 1
github.com/local/cassonic/src/server/service/tags/reader.go:161.2,162.14 2 0
github.com/local/cassonic/src/server/service/tags/reader.go:162.14,164.3 1 0
github.com/local/cassonic/src/server/service/tags/reader.go:164.8,166.3 1 0
github.com/local/cassonic/src/server/service/tags/reader.go:168.2,174.18 5 0
github.com/local/cassonic/src/server/service/tags/reader.go:179.53,180.15 1 0
github.com/local/cassonic/src/server/service/tags/reader.go:180.15,182.3 1 0
github.com/local/cassonic/src/server/service/tags/reader.go:184.2,185.16 2 0
github.com/local/cassonic/src/server/service/tags/reader.go:185.16,187.3 1 0
github.com/local/cassonic/src/server/service/tags/reader.go:188.2,191.25 2 0
github.com/local/cassonic/src/server/service/tags/reader.go:191.25,193.3 1 0
github.com/local/cassonic/src/server/service/tags/reader.go:194.2,194.23 1 0
github.com/local/cassonic/src/server/service/tags/reader.go:194.23,195.101 1 0
github.com/local/cassonic/src/server/service/tags/reader.go:195.101,196.65 1 0
github.com/local/cassonic/src/server/service/tags/reader.go:196.65,198.5 1 0
github.com/local/cassonic/src/server/service/tags/reader.go:201.2,201.24 1 0
github.com/local/cassonic/src/server/service/tags/reader.go:201.24,202.69 1 0
github.com/local/cassonic/src/server/service/tags/reader.go:202.69,203.52 1 0
github.com/local/cassonic/src/server/service/tags/reader.go:203.52,205.5 1 0
github.com/local/cassonic/src/server/service/tags/reader.go:210.2,211.19 2 0
github.com/local/cassonic/src/server/service/tags/reader.go:211.19,213.3 1 0
github.com/local/cassonic/src/server/service/tags/reader.go:216.2,216.25 1 0
github.com/local/cassonic/src/server/service/tags/reader.go:216.25,218.3 1 0
github.com/local/cassonic/src/server/service/tags/reader.go:219.2,219.26 1 0
github.com/local/cassonic/src/server/service/tags/reader.go:219.26,221.3 1 0
github.com/local/cassonic/src/server/service/tags/reader.go:224.2,224.45 1 0
github.com/local/cassonic/src/server/service/tags/reader.go:224.45,226.10 2 0
github.com/local/cassonic/src/server/service/tags/reader.go:226.10,227.12 1 0
github.com/local/cassonic/src/server/service/tags/reader.go:229.3,231.15 3 0
github.com/local/cassonic/src/server/service/tags/reader.go:232.31,233.24 1 0
github.com/local/cassonic/src/server/service/tags/reader.go:234.32,235.25 1 0
github.com/local/cassonic/src/server/service/tags/reader.go:236.31,237.24 1 0
github.com/local/cassonic/src/server/service/tags/reader.go:238.38,239.30 1 0
github.com/local/cassonic/src/server/service/tags/reader.go:240.32,241.47 1 0
github.com/local/cassonic/src/server/service/tags/reader.go:242.32,243.47 1 0
github.com/local/cassonic/src/server/service/tags/reader.go:249.55,251.16 2 1
github.com/local/cassonic/src/server/service/tags/reader.go:251.16,253.3 1 0
github.com/local/cassonic/src/server/service/tags/reader.go:254.2,257.55 3 1
github.com/local/cassonic/src/server/service/tags/reader.go:257.55,259.3 1 1
github.com/local/cassonic/src/server/service/tags/reader.go:261.2,262.14 2 0
github.com/local/cassonic/src/server/service/tags/reader.go:262.14,264.3 1 0
github.com/local/cassonic/src/server/service/tags/reader.go:264.8,266.3 1 0
github.com/local/cassonic/src/server/service/tags/reader.go:268.2,274.18 5 0
github.com/local/cassonic/src/server/service/tags/reader.go:278.54,279.15 1 0
github.com/local/cassonic/src/server/service/tags/reader.go:279.15,281.3 1 0
github.com/local/cassonic/src/server/service/tags/reader.go:283.2,284.16 2 0
github.com/local/cassonic/src/server/service/tags/reader.go:284.16,286.3 1 0
github.com/local/cassonic/src/server/service/tags/reader.go:288.2,289.32 2 0
github.com/local/cassonic/src/server/service/tags/reader.go:289.32,290.39 1 0
github.com/local/cassonic/src/server/service/tags/reader.go:290.39,292.18 2 0
github.com/local/cassonic/src/server/service/tags/reader.go:292.18,294.5 1 0
github.com/local/cassonic/src/server/service/tags/reader.go:295.4,295.9 1 0
github.com/local/cassonic/src/server/service/tags/reader.go:298.2,298.15 1 0
github.com/local/cassonic/src/server/service/tags/reader.go:298.15,300.3 1 0
github.com/local/cassonic/src/server/service/tags/reader.go:303.2,303.33 1 0
github.com/local/cassonic/src/server/service/tags/reader.go:303.33,305.35 2 0
github.com/local/cassonic/src/server/service/tags/reader.go:305.35,307.4 1 0
github.com/local/cassonic/src/server/service/tags/reader.go:308.3,308.27 1 0
github.com/local/cassonic/src/server/service/tags/reader.go:311.2,311.46 1 0
github.com/local/cassonic/src/server/service/tags/reader.go:311.46,313.3 1 0
github.com/local/cassonic/src/server/service/tags/reader.go:314.2,314.47 1 0
github.com/local/cassonic/src/server/service/tags/reader.go:314.47,316.3 1 0
github.com/local/cassonic/src/server/service/tags/reader.go:317.2,317.46 1 0
github.com/local/cassonic/src/server/service/tags/reader.go:317.46,319.3 1 0
github.com/local/cassonic/src/server/service/tags/reader.go:320.2,320.52 1 0
github.com/local/cassonic/src/server/service/tags/reader.go:320.52,322.3 1 0
github.com/local/cassonic/src/server/service/tags/reader.go:323.2,323.23 1 0
github.com/local/cassonic/src/server/service/tags/reader.go:323.23,325.3 1 0
github.com/local/cassonic/src/server/service/tags/reader.go:326.2,326.25 1 0
github.com/local/cassonic/src/server/service/tags/reader.go:326.25,328.3 1 0
github.com/local/cassonic/src/server/service/tags/reader.go:329.2,329.25 1 0
github.com/local/cassonic/src/server/service/tags/reader.go:329.25,331.3 1 0
github.com/local/cassonic/src/server/service/tags/reader.go:332.2,332.26 1 0
github.com/local/cassonic/src/server/service/tags/reader.go:332.26,334.3 1 0
github.com/local/cassonic/src/server/service/tags/reader.go:335.2,335.19 1 0
github.com/local/cassonic/src/server/service/tags/reader.go:335.19,337.3 1 0
github.com/local/cassonic/src/server/service/tags/reader.go:338.2,338.31 1 0
github.com/local/cassonic/src/server/service/tags/reader.go:338.31,340.3 1 0
github.com/local/cassonic/src/server/service/tags/reader.go:341.2,341.31 1 0
github.com/local/cassonic/src/server/service/tags/reader.go:341.31,343.3 1 0
github.com/local/cassonic/src/server/service/tags/reader.go:349.73,351.16 2 1
github.com/local/cassonic/src/server/service/tags/reader.go:351.16,353.3 1 0
github.com/local/cassonic/src/server/service/tags/reader.go:354.2,357.55 3 1
github.com/local/cassonic/src/server/service/tags/reader.go:357.55,359.3 1 1
github.com/local/cassonic/src/server/service/tags/reader.go:361.2,362.14 2 0
github.com/local/cassonic/src/server/service/tags/reader.go:362.14,366.3 2 0
github.com/local/cassonic/src/server/service/tags/reader.go:366.8,368.3 1 0
github.com/local/cassonic/src/server/service/tags/reader.go:370.2,371.22 2 0
github.com/local/cassonic/src/server/service/tags/reader.go:371.22,373.3 1 0
github.com/local/cassonic/src/server/service/tags/reader.go:373.8,375.3 1 0
github.com/local/cassonic/src/server/service/tags/reader.go:376.2,378.18 2 0
github.com/local/cassonic/src/server/service/tags/reader.go:383.78,384.33 1 0
github.com/local/cassonic/src/server/service/tags/reader.go:384.33,385.28 1 0
github.com/local/cassonic/src/server/service/tags/reader.go:385.28,386.31 1 0
github.com/local/cassonic/src/server/service/tags/reader.go:386.31,388.5 1 0
github.com/local/cassonic/src/server/service/tags/reader.go:390.3,390.12 1 0
github.com/local/cassonic/src/server/service/tags/reader.go:393.2,393.46 1 0
github.com/local/cassonic/src/server/service/tags/reader.go:393.46,395.3 1 0
github.com/local/cassonic/src/server/service/tags/reader.go:396.2,396.47 1 0
github.com/local/cassonic/src/server/service/tags/reader.go:396.47,398.3 1 0
github.com/local/cassonic/src/server/service/tags/reader.go:399.2,399.46 1 0
github.com/local/cassonic/src/server/service/tags/reader.go:399.46,401.3 1 0
github.com/local/cassonic/src/server/service/tags/reader.go:402.2,402.52 1 0
github.com/local/cassonic/src/server/service/tags/reader.go:402.52,404.3 1 0
github.com/local/cassonic/src/server/service/tags/reader.go:405.2,405.23 1 0
github.com/local/cassonic/src/server/service/tags/reader.go:405.23,407.3 1 0
github.com/local/cassonic/src/server/service/tags/reader.go:408.2,408.25 1 0
github.com/local/cassonic/src/server/service/tags/reader.go:408.25,410.3 1 0
github.com/local/cassonic/src/server/service/tags/reader.go:411.2,411.26 1 0
github.com/local/cassonic/src/server/service/tags/reader.go:411.26,413.3 1 0
github.com/local/cassonic/src/server/service/tags/reader.go:414.2,414.19 1 0
github.com/local/cassonic/src/server/service/tags/reader.go:414.19,416.3 1 0
github.com/local/cassonic/src/server/service/tags/reader.go:417.2,417.31 1 0
github.com/local/cassonic/src/server/service/tags/reader.go:417.31,419.3 1 0
github.com/local/cassonic/src/server/service/tags/reader.go:420.2,420.31 1 0
github.com/local/cassonic/src/server/service/tags/reader.go:420.31,422.3 1 0
github.com/local/cassonic/src/server/service/tags/reader.go:427.54,429.16 2 1
github.com/local/cassonic/src/server/service/tags/reader.go:429.16,431.3 1 0
github.com/local/cassonic/src/server/service/tags/reader.go:432.2,435.55 3 1
github.com/local/cassonic/src/server/service/tags/reader.go:435.55,437.3 1 1
github.com/local/cassonic/src/server/service/tags/reader.go:439.2,440.14 2 0
github.com/local/cassonic/src/server/service/tags/reader.go:440.14,443.3 2 0
github.com/local/cassonic/src/server/service/tags/reader.go:443.8,445.3 1 0
github.com/local/cassonic/src/server/service/tags/reader.go:447.2,451.18 4 0
github.com/local/cassonic/src/server/service/tags/reader.go:456.75,457.33 1 0
github.com/local/cassonic/src/server/service/tags/reader.go:457.33,458.28 1 0
github.com/local/cassonic/src/server/service/tags/reader.go:458.28,459.31 1 0
github.com/local/cassonic/src/server/service/tags/reader.go:459.31,461.5 1 0
github.com/local/cassonic/src/server/service/tags/reader.go:463.3,463.12 1 0
github.com/local/cassonic/src/server/service/tags/reader.go:466.2,466.69 1 0
github.com/local/cassonic/src/server/service/tags/reader.go:466.69,468.3 1 0
github.com/local/cassonic/src/server/service/tags/reader.go:469.2,469.70 1 0
github.com/local/cassonic/src/server/service/tags/reader.go:469.70,471.3 1 0
github.com/local/cassonic/src/server/service/tags/reader.go:472.2,472.69 1 0
github.com/local/cassonic/src/server/service/tags/reader.go:472.69,474.3 1 0
github.com/local/cassonic/src/server/service/tags/reader.go:475.2,475.76 1 0
github.com/local/cassonic/src/server/service/tags/reader.go:475.76,477.3 1 0
github.com/local/cassonic/src/server/service/tags/reader.go:481.93,483.16 2 1
github.com/local/cassonic/src/server/service/tags/reader.go:483.16,485.3 1 0
github.com/local/cassonic/src/server/service/tags/reader.go:486.2,489.55 3 1
github.com/local/cassonic/src/server/service/tags/reader.go:489.55,491.3 1 1
github.com/local/cassonic/src/server/service/tags/reader.go:493.2,494.14 2 0
github.com/local/cassonic/src/server/service/tags/reader.go:494.14,496.3 1 0
github.com/local/cassonic/src/server/service/tags/reader.go:496.8,498.3 1 0
github.com/local/cassonic/src/server/service/tags/reader.go:500.2,504.18 4 0
github.com/local/cassonic/src/server/service/tags/util.go:7.32,8.23 1 0
github.com/local/cassonic/src/server/service/tags/util.go:9.14,10.11 1 0
github.com/local/cassonic/src/server/service/tags/util.go:11.11,12.30 1 0
github.com/local/cassonic/src/server/service/tags/util.go:13.13,14.30 1 0
github.com/local/cassonic/src/server/service/tags/util.go:15.15,16.30 1 0
github.com/local/cassonic/src/server/service/tags/util.go:17.15,18.30 1 0
github.com/local/cassonic/src/server/service/tags/util.go:19.10,20.30 1 0
github.com/local/cassonic/src/server/service/tags/writer.go:17.54,20.16 2 0
github.com/local/cassonic/src/server/service/tags/writer.go:20.16,22.3 1 0
github.com/local/cassonic/src/server/service/tags/writer.go:23.2,27.13 3 0
github.com/local/cassonic/src/server/service/tags/writer.go:28.14,29.32 1 0
github.com/local/cassonic/src/server/service/tags/writer.go:30.15,31.33 1 0
github.com/local/cassonic/src/server/service/tags/writer.go:32.23,33.32 1 0
github.com/local/cassonic/src/server/service/tags/writer.go:34.22,35.32 1 0
github.com/local/cassonic/src/server/service/tags/writer.go:36.10,37.69 1 0
github.com/local/cassonic/src/server/service/tags/writer_flac.go:38.58,40.16 2 0
github.com/local/cassonic/src/server/service/tags/writer_flac.go:40.16,42.3 1 0
github.com/local/cassonic/src/server/service/tags/writer_flac.go:45.2,47.32 3 0
github.com/local/cassonic/src/server/service/tags/writer_flac.go:47.32,48.39 1 0
github.com/local/cassonic/src/server/service/tags/writer_flac.go:48.39,51.18 3 0
github.com/local/cassonic/src/server/service/tags/writer_flac.go:51.18,53.5 1 0
github.com/local/cassonic/src/server/service/tags/writer_flac.go:54.4,54.9 1 0
github.com/local/cassonic/src/server/service/tags/writer_flac.go:57.2,57.15 1 0
github.com/local/cassonic/src/server/service/tags/writer_flac.go:57.15,59.3 1 0
github.com/local/cassonic/src/server/service/tags/writer_flac.go:62.2,62.28 1 0
github.com/local/cassonic/src/server/service/tags/writer_flac.go:62.28,64.10 2 0
github.com/local/cassonic/src/server/service/tags/writer_flac.go:64.10,65.12 1 0
github.com/local/cassonic/src/server/service/tags/writer_flac.go:67.3,67.57 1 0
github.com/local/cassonic/src/server/service/tags/writer_flac.go:71.2,71.33 1 0
github.com/local/cassonic/src/server/service/tags/writer_flac.go:71.33,73.10 2 0
github.com/local/cassonic/src/server/service/tags/writer_flac.go:73.10,74.12 1 0
github.com/local/cassonic/src/server/service/tags/writer_flac.go:76.3,77.50 2 0
github.com/local/cassonic/src/server/service/tags/writer_flac.go:77.50,79.4 1 0
github.com/local/cassonic/src/server/service/tags/writer_flac.go:83.2,84.16 2 0
github.com/local/cassonic/src/server/service/tags/writer_flac.go:84.16,86.3 1 0
github.com/local/cassonic/src/server/service/tags/writer_flac.go:86.8,88.3 1 0
github.com/local/cassonic/src/server/service/tags/writer_flac.go:91.2,92.37 2 0
github.com/local/cassonic/src/server/service/tags/writer_flac.go:92.37,94.3 1 0
github.com/local/cassonic/src/server/service/tags/writer_flac.go:95.2,95.45 1 0
github.com/local/cassonic/src/server/service/tags/writer_flac.go:95.45,98.3 2 0
github.com/local/cassonic/src/server/service/tags/writer_flac.go:100.2,100.12 1 0
github.com/local/cassonic/src/server/service/tags/writer_flac.go:105.67,108.29 3 0
github.com/local/cassonic/src/server/service/tags/writer_flac.go:108.29,109.53 1 0
github.com/local/cassonic/src/server/service/tags/writer_flac.go:109.53,111.4 1 0
github.com/local/cassonic/src/server/service/tags/writer_flac.go:113.2,113.12 1 0
github.com/local/cassonic/src/server/service/tags/writer_m4a.go:11.57,13.2 1 0
github.com/local/cassonic/src/server/service/tags/writer_mp3.go:12.57,14.16 2 0
github.com/local/cassonic/src/server/service/tags/writer_mp3.go:14.16,16.3 1 0
github.com/local/cassonic/src/server/service/tags/writer_mp3.go:17.2,25.33 5 0
github.com/local/cassonic/src/server/service/tags/writer_mp3.go:25.33,27.16 2 0
github.com/local/cassonic/src/server/service/tags/writer_mp3.go:28.16,29.19 1 0
github.com/local/cassonic/src/server/service/tags/writer_mp3.go:30.17,31.20 1 0
github.com/local/cassonic/src/server/service/tags/writer_mp3.go:32.16,33.19 1 0
github.com/local/cassonic/src/server/service/tags/writer_mp3.go:34.22,35.36 1 0
github.com/local/cassonic/src/server/service/tags/writer_mp3.go:36.15,37.18 1 0
github.com/local/cassonic/src/server/service/tags/writer_mp3.go:38.16,39.19 1 0
github.com/local/cassonic/src/server/service/tags/writer_mp3.go:40.22,41.36 1 0
github.com/local/cassonic/src/server/service/tags/writer_mp3.go:42.21,43.36 1 0
github.com/local/cassonic/src/server/service/tags/writer_mp3.go:44.19,45.36 1 0
github.com/local/cassonic/src/server/service/tags/writer_mp3.go:46.19,47.36 1 0
github.com/local/cassonic/src/server/service/tags/writer_mp3.go:48.20,49.36 1 0
github.com/local/cassonic/src/server/service/tags/writer_mp3.go:50.14,51.36 1 0
github.com/local/cassonic/src/server/service/tags/writer_mp3.go:52.18,58.6 1 0
github.com/local/cassonic/src/server/service/tags/writer_mp3.go:59.17,65.6 1 0
github.com/local/cassonic/src/server/service/tags/writer_mp3.go:66.20,71.6 1 0
github.com/local/cassonic/src/server/service/tags/writer_mp3.go:72.20,77.6 1 0
github.com/local/cassonic/src/server/service/tags/writer_mp3.go:78.21,83.6 1 0
github.com/local/cassonic/src/server/service/tags/writer_mp3.go:84.26,89.6 1 0
github.com/local/cassonic/src/server/service/tags/writer_mp3.go:94.2,94.33 1 0
github.com/local/cassonic/src/server/service/tags/writer_mp3.go:94.33,96.3 1 0
github.com/local/cassonic/src/server/service/tags/writer_mp3.go:99.2,101.12 2 0
github.com/local/cassonic/src/server/service/tags/writer_ogg.go:32.57,34.16 2 0
github.com/local/cassonic/src/server/service/tags/writer_ogg.go:34.16,36.3 1 0
github.com/local/cassonic/src/server/service/tags/writer_ogg.go:38.2,39.16 2 0
github.com/local/cassonic/src/server/service/tags/writer_ogg.go:39.16,41.3 1 0
github.com/local/cassonic/src/server/service/tags/writer_ogg.go:43.2,44.58 2 0
github.com/local/cassonic/src/server/service/tags/writer_ogg.go:44.58,46.3 1 0
github.com/local/cassonic/src/server/service/tags/writer_ogg.go:47.2,47.45 1 0
github.com/local/cassonic/src/server/service/tags/writer_ogg.go:47.45,50.3 2 0
github.com/local/cassonic/src/server/service/tags/writer_ogg.go:52.2,52.12 1 0
github.com/local/cassonic/src/server/service/tags/writer_ogg.go:57.80,60.16 2 0
github.com/local/cassonic/src/server/service/tags/writer_ogg.go:60.16,62.3 1 0
github.com/local/cassonic/src/server/service/tags/writer_ogg.go:65.2,66.16 2 0
github.com/local/cassonic/src/server/service/tags/writer_ogg.go:66.16,68.3 1 0
github.com/local/cassonic/src/server/service/tags/writer_ogg.go:71.2,71.28 1 0
github.com/local/cassonic/src/server/service/tags/writer_ogg.go:71.28,73.10 2 0
github.com/local/cassonic/src/server/service/tags/writer_ogg.go:73.10,74.12 1 0
github.com/local/cassonic/src/server/service/tags/writer_ogg.go:76.3,76.51 1 0
github.com/local/cassonic/src/server/service/tags/writer_ogg.go:80.2,80.33 1 0
github.com/local/cassonic/src/server/service/tags/writer_ogg.go:80.33,82.10 2 0
github.com/local/cassonic/src/server/service/tags/writer_ogg.go:82.10,83.12 1 0
github.com/local/cassonic/src/server/service/tags/writer_ogg.go:85.3,86.62 2 0
github.com/local/cassonic/src/server/service/tags/writer_ogg.go:90.2,91.16 2 0
github.com/local/cassonic/src/server/service/tags/writer_ogg.go:91.16,93.3 1 0
github.com/local/cassonic/src/server/service/tags/writer_ogg.go:96.2,97.16 2 0
github.com/local/cassonic/src/server/service/tags/writer_ogg.go:97.16,99.3 1 0
github.com/local/cassonic/src/server/service/tags/writer_ogg.go:102.2,106.25 5 0
github.com/local/cassonic/src/server/service/tags/writer_ogg.go:113.97,116.41 3 0
github.com/local/cassonic/src/server/service/tags/writer_ogg.go:116.41,117.40 1 0
github.com/local/cassonic/src/server/service/tags/writer_ogg.go:117.40,120.4 2 0
github.com/local/cassonic/src/server/service/tags/writer_ogg.go:123.3,123.26 1 0
github.com/local/cassonic/src/server/service/tags/writer_ogg.go:123.26,124.9 1 0
github.com/local/cassonic/src/server/service/tags/writer_ogg.go:126.3,128.27 3 0
github.com/local/cassonic/src/server/service/tags/writer_ogg.go:128.27,129.9 1 0
github.com/local/cassonic/src/server/service/tags/writer_ogg.go:132.3,133.36 2 0
github.com/local/cassonic/src/server/service/tags/writer_ogg.go:133.36,135.4 1 0
github.com/local/cassonic/src/server/service/tags/writer_ogg.go:137.3,139.30 3 0
github.com/local/cassonic/src/server/service/tags/writer_ogg.go:139.30,140.9 1 0
github.com/local/cassonic/src/server/service/tags/writer_ogg.go:144.3,144.21 1 0
github.com/local/cassonic/src/server/service/tags/writer_ogg.go:144.21,146.49 2 0
github.com/local/cassonic/src/server/service/tags/writer_ogg.go:146.49,152.5 5 0
github.com/local/cassonic/src/server/service/tags/writer_ogg.go:153.4,153.44 1 0
github.com/local/cassonic/src/server/service/tags/writer_ogg.go:153.44,159.5 5 0
github.com/local/cassonic/src/server/service/tags/writer_ogg.go:160.4,161.10 2 0
github.com/local/cassonic/src/server/service/tags/writer_ogg.go:164.3,165.14 2 0
github.com/local/cassonic/src/server/service/tags/writer_ogg.go:168.2,169.8 2 0
github.com/local/cassonic/src/server/service/tags/writer_ogg.go:174.73,179.72 3 0
github.com/local/cassonic/src/server/service/tags/writer_ogg.go:179.72,181.3 1 0
github.com/local/cassonic/src/server/service/tags/writer_ogg.go:183.2,184.45 2 0
github.com/local/cassonic/src/server/service/tags/writer_ogg.go:184.45,186.3 1 0
github.com/local/cassonic/src/server/service/tags/writer_ogg.go:189.2,190.68 2 0
github.com/local/cassonic/src/server/service/tags/writer_ogg.go:190.68,192.3 1 0
github.com/local/cassonic/src/server/service/tags/writer_ogg.go:194.2,195.37 2 0
github.com/local/cassonic/src/server/service/tags/writer_ogg.go:195.37,197.68 2 0
github.com/local/cassonic/src/server/service/tags/writer_ogg.go:197.68,199.4 1 0
github.com/local/cassonic/src/server/service/tags/writer_ogg.go:200.3,201.41 2 0
github.com/local/cassonic/src/server/service/tags/writer_ogg.go:201.41,203.4 1 0
github.com/local/cassonic/src/server/service/tags/writer_ogg.go:204.3,204.44 1 0
github.com/local/cassonic/src/server/service/tags/writer_ogg.go:207.2,207.22 1 0
github.com/local/cassonic/src/server/service/tags/writer_ogg.go:212.80,219.85 4 0
github.com/local/cassonic/src/server/service/tags/writer_ogg.go:219.85,221.3 1 0
github.com/local/cassonic/src/server/service/tags/writer_ogg.go:222.2,225.87 2 0
github.com/local/cassonic/src/server/service/tags/writer_ogg.go:225.87,227.3 1 0
github.com/local/cassonic/src/server/service/tags/writer_ogg.go:230.2,230.29 1 0
github.com/local/cassonic/src/server/service/tags/writer_ogg.go:230.29,231.81 1 0
github.com/local/cassonic/src/server/service/tags/writer_ogg.go:231.81,233.4 1 0
github.com/local/cassonic/src/server/service/tags/writer_ogg.go:234.3,234.21 1 0
github.com/local/cassonic/src/server/service/tags/writer_ogg.go:237.2,237.25 1 0
github.com/local/cassonic/src/server/service/tags/writer_ogg.go:244.72,245.39 1 0
github.com/local/cassonic/src/server/service/tags/writer_ogg.go:245.39,247.3 1 0
github.com/local/cassonic/src/server/service/tags/writer_ogg.go:251.2,283.25 14 0
github.com/local/cassonic/src/server/service/tags/writer_ogg.go:288.46,291.18 3 0
github.com/local/cassonic/src/server/service/tags/writer_ogg.go:291.18,294.3 2 0
github.com/local/cassonic/src/server/service/tags/writer_ogg.go:296.2,297.13 2 0
github.com/local/cassonic/src/server/service/update/update.go:39.62,46.2 1 1
github.com/local/cassonic/src/server/service/update/update.go:50.54,51.16 1 0
github.com/local/cassonic/src/server/service/update/update.go:52.33,53.20 1 0
github.com/local/cassonic/src/server/service/update/update.go:54.10,56.22 2 0
github.com/local/cassonic/src/server/service/update/update.go:58.2,58.10 1 0
github.com/local/cassonic/src/server/service/update/update.go:62.35,64.2 1 0
github.com/local/cassonic/src/server/service/update/update.go:69.70,70.26 1 1
github.com/local/cassonic/src/server/service/update/update.go:70.26,72.3 1 1
github.com/local/cassonic/src/server/service/update/update.go:73.2,73.45 1 0
github.com/local/cassonic/src/server/service/update/update.go:77.76,79.16 2 1
github.com/local/cassonic/src/server/service/update/update.go:79.16,81.3 1 0
github.com/local/cassonic/src/server/service/update/update.go:82.2,86.16 4 1
github.com/local/cassonic/src/server/service/update/update.go:86.16,88.3 1 1
github.com/local/cassonic/src/server/service/update/update.go:89.2,92.16 3 1
github.com/local/cassonic/src/server/service/update/update.go:92.16,94.3 1 0
github.com/local/cassonic/src/server/service/update/update.go:96.2,96.38 1 1
github.com/local/cassonic/src/server/service/update/update.go:96.38,98.3 1 1
github.com/local/cassonic/src/server/service/update/update.go:100.2,108.55 2 1
github.com/local/cassonic/src/server/service/update/update.go:108.55,110.3 1 1
github.com/local/cassonic/src/server/service/update/update.go:112.2,116.31 2 1
github.com/local/cassonic/src/server/service/update/update.go:116.31,118.22 2 1
github.com/local/cassonic/src/server/service/update/update.go:118.22,120.4 1 1
github.com/local/cassonic/src/server/service/update/update.go:123.2,123.39 1 1
github.com/local/cassonic/src/server/service/update/update.go:123.39,124.37 1 1
github.com/local/cassonic/src/server/service/update/update.go:124.37,126.9 2 1
github.com/local/cassonic/src/server/service/update/update.go:130.2,130.17 1 1
github.com/local/cassonic/src/server/service/update/update.go:137.94,139.16 2 0
github.com/local/cassonic/src/server/service/update/update.go:139.16,141.3 1 0
github.com/local/cassonic/src/server/service/update/update.go:142.2,146.16 4 0
github.com/local/cassonic/src/server/service/update/update.go:146.16,148.3 1 0
github.com/local/cassonic/src/server/service/update/update.go:149.2,152.16 3 0
github.com/local/cassonic/src/server/service/update/update.go:152.16,154.3 1 0
github.com/local/cassonic/src/server/service/update/update.go:156.2,156.38 1 0
github.com/local/cassonic/src/server/service/update/update.go:156.38,158.3 1 0
github.com/local/cassonic/src/server/service/update/update.go:160.2,168.56 2 0
github.com/local/cassonic/src/server/service/update/update.go:168.56,170.3 1 0
github.com/local/cassonic/src/server/service/update/update.go:172.2,172.29 1 0
github.com/local/cassonic/src/server/service/update/update.go:172.29,175.18 3 0
github.com/local/cassonic/src/server/service/update/update.go:176.15,177.42 1 0
github.com/local/cassonic/src/server/service/update/update.go:178.16,180.22 1 0
github.com/local/cassonic/src/server/service/update/update.go:180.22,183.5 2 0
github.com/local/cassonic/src/server/service/update/update.go:185.3,185.13 1 0
github.com/local/cassonic/src/server/service/update/update.go:185.13,186.12 1 0
github.com/local/cassonic/src/server/service/update/update.go:189.3,190.26 2 0
github.com/local/cassonic/src/server/service/update/update.go:190.26,191.79 1 0
github.com/local/cassonic/src/server/service/update/update.go:191.79,193.5 1 0
github.com/local/cassonic/src/server/service/update/update.go:195.3,195.30 1 0
github.com/local/cassonic/src/server/service/update/update.go:195.30,196.34 1 0
github.com/local/cassonic/src/server/service/update/update.go:196.34,198.10 2 0
github.com/local/cassonic/src/server/service/update/update.go:201.3,201.18 1 0
github.com/local/cassonic/src/server/service/update/update.go:204.2,204.65 1 0
github.com/local/cassonic/src/server/service/update/update.go:210.44,212.2 1 1
github.com/local/cassonic/src/server/service/update/update.go:217.35,222.26 4 1
github.com/local/cassonic/src/server/service/update/update.go:222.26,224.3 1 1
github.com/local/cassonic/src/server/service/update/update.go:226.2,226.30 1 1
github.com/local/cassonic/src/server/service/update/update.go:226.30,228.22 2 1
github.com/local/cassonic/src/server/service/update/update.go:228.22,230.4 1 1
github.com/local/cassonic/src/server/service/update/update.go:231.3,231.22 1 1
github.com/local/cassonic/src/server/service/update/update.go:231.22,233.4 1 1
github.com/local/cassonic/src/server/service/update/update.go:234.3,234.14 1 1
github.com/local/cassonic/src/server/service/update/update.go:234.14,236.4 1 1
github.com/local/cassonic/src/server/service/update/update.go:237.3,237.14 1 1
github.com/local/cassonic/src/server/service/update/update.go:237.14,239.4 1 1
github.com/local/cassonic/src/server/service/update/update.go:242.2,242.14 1 1
github.com/local/cassonic/src/server/service/update/update.go:247.35,251.31 4 1
github.com/local/cassonic/src/server/service/update/update.go:251.31,253.17 2 1
github.com/local/cassonic/src/server/service/update/update.go:253.17,255.4 1 1
github.com/local/cassonic/src/server/service/update/update.go:256.3,256.27 1 1
github.com/local/cassonic/src/server/service/update/update.go:258.2,258.14 1 1
github.com/local/cassonic/src/server/ssl/ssl.go:46.31,47.18 1 1
github.com/local/cassonic/src/server/ssl/ssl.go:47.18,49.3 1 1
github.com/local/cassonic/src/server/ssl/ssl.go:50.2,53.47 2 1
github.com/local/cassonic/src/server/ssl/ssl.go:53.47,55.3 1 1
github.com/local/cassonic/src/server/ssl/ssl.go:58.2,58.22 1 1
github.com/local/cassonic/src/server/ssl/ssl.go:58.22,60.21 2 1
github.com/local/cassonic/src/server/ssl/ssl.go:60.21,62.4 1 0
github.com/local/cassonic/src/server/ssl/ssl.go:63.3,68.4 1 1
github.com/local/cassonic/src/server/ssl/ssl.go:71.2,71.10 1 1
github.com/local/cassonic/src/server/ssl/ssl.go:76.43,77.14 1 1
github.com/local/cassonic/src/server/ssl/ssl.go:77.14,79.3 1 1
github.com/local/cassonic/src/server/ssl/ssl.go:82.2,84.19 2 1
github.com/local/cassonic/src/server/ssl/ssl.go:84.19,89.3 4 1
github.com/local/cassonic/src/server/ssl/ssl.go:91.2,94.3 1 1
github.com/local/cassonic/src/server/ssl/ssl.go:99.58,100.14 1 1
github.com/local/cassonic/src/server/ssl/ssl.go:100.14,102.3 1 1
github.com/local/cassonic/src/server/ssl/ssl.go:103.2,103.19 1 1
github.com/local/cassonic/src/server/ssl/ssl.go:103.19,105.3 1 1
github.com/local/cassonic/src/server/ssl/ssl.go:106.2,106.40 1 1
github.com/local/cassonic/src/server/ssl/ssl.go:111.60,112.14 1 1
github.com/local/cassonic/src/server/ssl/ssl.go:112.14,114.3 1 1
github.com/local/cassonic/src/server/ssl/ssl.go:115.2,115.19 1 0
github.com/local/cassonic/src/server/ssl/ssl.go:115.19,117.3 1 0
github.com/local/cassonic/src/server/ssl/ssl.go:118.2,118.71 1 0
github.com/local/cassonic/src/server/ssl/ssl.go:118.71,121.3 2 0
github.com/local/cassonic/src/server/ssl/ssl.go:126.34,129.27 3 1
github.com/local/cassonic/src/server/ssl/ssl.go:129.27,131.3 1 1
github.com/local/cassonic/src/server/ssl/ssl.go:132.2,132.12 1 1
github.com/local/cassonic/src/main.go:56.13,103.15 8 0
github.com/local/cassonic/src/main.go:103.15,106.3 2 0
github.com/local/cassonic/src/main.go:107.2,107.18 1 0
github.com/local/cassonic/src/main.go:107.18,110.3 2 0
github.com/local/cassonic/src/main.go:113.2,116.24 2 0
github.com/local/cassonic/src/main.go:116.24,119.3 2 0
github.com/local/cassonic/src/main.go:122.2,122.18 1 0
github.com/local/cassonic/src/main.go:122.18,125.3 2 0
github.com/local/cassonic/src/main.go:127.2,127.20 1 0
github.com/local/cassonic/src/main.go:127.20,130.3 2 0
github.com/local/cassonic/src/main.go:133.2,133.17 1 0
github.com/local/cassonic/src/main.go:133.17,136.3 2 0
github.com/local/cassonic/src/main.go:139.2,139.23 1 0
github.com/local/cassonic/src/main.go:139.23,142.3 2 0
github.com/local/cassonic/src/main.go:145.2,145.22 1 0
github.com/local/cassonic/src/main.go:145.22,148.3 2 0
github.com/local/cassonic/src/main.go:150.2,151.23 2 0
github.com/local/cassonic/src/main.go:151.23,153.3 1 0
github.com/local/cassonic/src/main.go:154.2,154.21 1 0
github.com/local/cassonic/src/main.go:154.21,156.3 1 0
github.com/local/cassonic/src/main.go:157.2,157.22 1 0
github.com/local/cassonic/src/main.go:157.22,159.3 1 0
github.com/local/cassonic/src/main.go:160.2,160.20 1 0
github.com/local/cassonic/src/main.go:160.20,162.3 1 0
github.com/local/cassonic/src/main.go:164.2,165.55 2 0
github.com/local/cassonic/src/main.go:165.55,168.3 2 0
github.com/local/cassonic/src/main.go:170.2,172.16 3 0
github.com/local/cassonic/src/main.go:172.16,174.59 2 0
github.com/local/cassonic/src/main.go:174.59,176.4 1 0
github.com/local/cassonic/src/main.go:179.2,179.24 1 0
github.com/local/cassonic/src/main.go:179.24,181.3 1 0
github.com/local/cassonic/src/main.go:182.2,182.20 1 0
github.com/local/cassonic/src/main.go:182.20,184.3 1 0
github.com/local/cassonic/src/main.go:185.2,185.24 1 0
github.com/local/cassonic/src/main.go:185.24,187.3 1 0
github.com/local/cassonic/src/main.go:188.2,188.21 1 0
github.com/local/cassonic/src/main.go:188.21,190.3 1 0
github.com/local/cassonic/src/main.go:191.2,191.16 1 0
github.com/local/cassonic/src/main.go:191.16,193.3 1 0
github.com/local/cassonic/src/main.go:195.2,195.28 1 0
github.com/local/cassonic/src/main.go:195.28,197.3 1 0
github.com/local/cassonic/src/main.go:198.2,198.26 1 0
github.com/local/cassonic/src/main.go:198.26,200.3 1 0
github.com/local/cassonic/src/main.go:201.2,201.25 1 0
github.com/local/cassonic/src/main.go:201.25,203.3 1 0
github.com/local/cassonic/src/main.go:204.2,204.27 1 0
github.com/local/cassonic/src/main.go:204.27,206.3 1 0
github.com/local/cassonic/src/main.go:207.2,207.29 1 0
github.com/local/cassonic/src/main.go:207.29,209.3 1 0
github.com/local/cassonic/src/main.go:212.2,212.26 1 0
github.com/local/cassonic/src/main.go:212.26,213.51 1 0
github.com/local/cassonic/src/main.go:213.51,218.4 4 0
github.com/local/cassonic/src/main.go:222.2,222.28 1 0
github.com/local/cassonic/src/main.go:222.28,225.3 2 0
github.com/local/cassonic/src/main.go:227.2,227.20 1 0
github.com/local/cassonic/src/main.go:227.20,228.44 1 0
github.com/local/cassonic/src/main.go:228.44,230.4 1 0
github.com/local/cassonic/src/main.go:230.9,232.4 1 0
github.com/local/cassonic/src/main.go:235.2,240.16 5 0
github.com/local/cassonic/src/main.go:240.16,243.3 2 0
github.com/local/cassonic/src/main.go:244.2,247.18 3 0
github.com/local/cassonic/src/main.go:247.18,250.3 2 0
github.com/local/cassonic/src/main.go:252.2,260.15 6 0
github.com/local/cassonic/src/main.go:260.15,262.82 2 0
github.com/local/cassonic/src/main.go:262.82,265.4 2 0
github.com/local/cassonic/src/main.go:266.3,267.13 2 0
github.com/local/cassonic/src/main.go:270.2,270.17 1 0
github.com/local/cassonic/src/main.go:270.17,273.3 2 0
github.com/local/cassonic/src/main.go:275.2,308.20 28 0
github.com/local/cassonic/src/main.go:308.20,310.3 1 0
github.com/local/cassonic/src/main.go:312.2,312.23 1 0
github.com/local/cassonic/src/main.go:312.23,320.3 4 0
github.com/local/cassonic/src/main.go:323.2,323.14 1 0
github.com/local/cassonic/src/main.go:323.14,333.20 3 0
github.com/local/cassonic/src/main.go:333.20,335.4 1 0
github.com/local/cassonic/src/main.go:339.2,339.23 1 0
github.com/local/cassonic/src/main.go:339.23,340.57 1 0
github.com/local/cassonic/src/main.go:340.57,344.4 3 0
github.com/local/cassonic/src/main.go:347.2,347.23 1 0
github.com/local/cassonic/src/main.go:347.23,351.20 4 0
github.com/local/cassonic/src/main.go:351.20,353.4 1 0
github.com/local/cassonic/src/main.go:353.9,355.4 1 0
github.com/local/cassonic/src/main.go:356.3,356.16 1 0
github.com/local/cassonic/src/main.go:356.16,357.48 1 0
github.com/local/cassonic/src/main.go:357.48,359.5 1 0
github.com/local/cassonic/src/main.go:364.2,364.24 1 0
github.com/local/cassonic/src/main.go:364.24,366.3 1 0
github.com/local/cassonic/src/main.go:368.2,368.36 1 0
github.com/local/cassonic/src/main.go:368.36,371.3 2 0
github.com/local/cassonic/src/main.go:375.27,380.21 2 0
github.com/local/cassonic/src/main.go:380.21,382.3 1 0
github.com/local/cassonic/src/main.go:382.8,385.3 2 0
github.com/local/cassonic/src/main.go:390.32,391.49 1 0
github.com/local/cassonic/src/main.go:391.49,394.3 2 0
github.com/local/cassonic/src/main.go:395.2,395.19 1 0
github.com/local/cassonic/src/main.go:395.19,398.3 2 0
github.com/local/cassonic/src/main.go:400.2,401.16 2 0
github.com/local/cassonic/src/main.go:401.16,404.3 2 0
github.com/local/cassonic/src/main.go:405.2,405.52 1 0
github.com/local/cassonic/src/main.go:409.35,410.13 1 0
github.com/local/cassonic/src/main.go:411.15,412.98 1 0
github.com/local/cassonic/src/main.go:413.17,414.45 1 0
github.com/local/cassonic/src/main.go:414.45,417.4 2 0
github.com/local/cassonic/src/main.go:418.3,418.15 1 0
github.com/local/cassonic/src/main.go:419.14,420.45 1 0
github.com/local/cassonic/src/main.go:420.45,423.4 2 0
github.com/local/cassonic/src/main.go:424.3,424.55 1 0
github.com/local/cassonic/src/main.go:425.16,426.95 1 0
github.com/local/cassonic/src/main.go:427.19,428.15 1 0
github.com/local/cassonic/src/main.go:429.21,430.17 1 0
github.com/local/cassonic/src/main.go:431.19,432.45 1 0
github.com/local/cassonic/src/main.go:432.45,435.4 2 0
github.com/local/cassonic/src/main.go:436.3,436.56 1 0
github.com/local/cassonic/src/main.go:437.16,448.3 1 0
github.com/local/cassonic/src/main.go:449.10,451.13 2 0
github.com/local/cassonic/src/main.go:456.19,458.16 2 0
github.com/local/cassonic/src/main.go:458.16,461.3 2 0
github.com/local/cassonic/src/main.go:462.2,471.45 2 0
github.com/local/cassonic/src/main.go:471.45,474.3 2 0
github.com/local/cassonic/src/main.go:475.2,475.44 1 0
github.com/local/cassonic/src/main.go:479.21,480.44 1 0
github.com/local/cassonic/src/main.go:480.44,483.3 2 0
github.com/local/cassonic/src/main.go:484.2,484.42 1 0
github.com/local/cassonic/src/main.go:489.18,490.31 1 0
github.com/local/cassonic/src/main.go:490.31,493.3 2 0
github.com/local/cassonic/src/main.go:495.2,496.16 2 0
github.com/local/cassonic/src/main.go:496.16,499.3 2 0
github.com/local/cassonic/src/main.go:502.2,503.32 2 0
github.com/local/cassonic/src/main.go:503.32,504.40 1 0
github.com/local/cassonic/src/main.go:504.40,506.4 1 0
github.com/local/cassonic/src/main.go:509.2,513.36 5 0
github.com/local/cassonic/src/main.go:513.36,516.3 2 0
github.com/local/cassonic/src/main.go:517.2,517.75 1 0
github.com/local/cassonic/src/main.go:521.34,528.39 5 0
github.com/local/cassonic/src/main.go:528.39,533.3 4 0
github.com/local/cassonic/src/main.go:535.2,535.16 1 0
github.com/local/cassonic/src/main.go:536.15,538.17 2 0
github.com/local/cassonic/src/main.go:538.17,541.4 2 0
github.com/local/cassonic/src/main.go:542.3,542.27 1 0
github.com/local/cassonic/src/main.go:542.27,544.29 2 0
github.com/local/cassonic/src/main.go:544.29,546.5 1 0
github.com/local/cassonic/src/main.go:547.9,549.4 1 0
github.com/local/cassonic/src/main.go:550.13,552.17 2 0
github.com/local/cassonic/src/main.go:552.17,555.4 2 0
github.com/local/cassonic/src/main.go:556.3,556.28 1 0
github.com/local/cassonic/src/main.go:556.28,559.4 2 0
github.com/local/cassonic/src/main.go:560.3,561.28 2 0
github.com/local/cassonic/src/main.go:561.28,564.4 2 0
github.com/local/cassonic/src/main.go:565.3,565.42 1 0
github.com/local/cassonic/src/main.go:565.42,568.4 2 0
github.com/local/cassonic/src/main.go:569.3,569.83 1 0
github.com/local/cassonic/src/main.go:570.10,572.13 2 0
github.com/local/cassonic/src/main.go:578.48,580.16 2 0
github.com/local/cassonic/src/main.go:580.16,582.3 1 0
github.com/local/cassonic/src/main.go:585.2,586.63 2 0
github.com/local/cassonic/src/main.go:586.63,588.3 1 0
github.com/local/cassonic/src/main.go:589.2,589.15 1 0
github.com/local/cassonic/src/main.go:589.15,589.41 1 0
github.com/local/cassonic/src/main.go:592.2,592.24 1 0
github.com/local/cassonic/src/main.go:592.24,593.61 1 0
github.com/local/cassonic/src/main.go:593.61,595.4 1 0
github.com/local/cassonic/src/main.go:599.2,599.48 1 0
github.com/local/cassonic/src/main.go:599.48,601.3 1 0
github.com/local/cassonic/src/main.go:603.2,603.31 1 0
github.com/local/cassonic/src/main.go:603.31,607.50 3 0
github.com/local/cassonic/src/main.go:607.50,609.4 1 0
github.com/local/cassonic/src/main.go:610.3,610.50 1 0
github.com/local/cassonic/src/main.go:610.50,613.4 2 0
github.com/local/cassonic/src/main.go:614.3,614.13 1 0
github.com/local/cassonic/src/main.go:618.2,618.33 1 0
github.com/local/cassonic/src/main.go:622.95,623.13 1 0
github.com/local/cassonic/src/main.go:624.16,625.22 1 0
github.com/local/cassonic/src/main.go:625.22,628.4 2 0
github.com/local/cassonic/src/main.go:629.3,632.17 4 0
github.com/local/cassonic/src/main.go:632.17,635.4 2 0
github.com/local/cassonic/src/main.go:636.3,636.55 1 0
github.com/local/cassonic/src/main.go:637.16,638.80 1 0
github.com/local/cassonic/src/main.go:639.15,644.45 5 0
github.com/local/cassonic/src/main.go:645.16,654.3 1 0
github.com/local/cassonic/src/main.go:655.10,657.40 1 0
github.com/local/cassonic/src/main.go:657.40,659.40 2 0
github.com/local/cassonic/src/main.go:659.40,662.5 2 0
github.com/local/cassonic/src/main.go:663.4,663.23 1 0
github.com/local/cassonic/src/main.go:663.23,666.5 2 0
github.com/local/cassonic/src/main.go:667.4,669.70 3 0
github.com/local/cassonic/src/main.go:669.70,672.5 2 0
github.com/local/cassonic/src/main.go:673.4,674.10 2 0
github.com/local/cassonic/src/main.go:676.3,676.37 1 0
github.com/local/cassonic/src/main.go:676.37,678.40 2 0
github.com/local/cassonic/src/main.go:678.40,681.5 2 0
github.com/local/cassonic/src/main.go:682.4,683.59 2 0
github.com/local/cassonic/src/main.go:683.59,686.5 2 0
github.com/local/cassonic/src/main.go:687.4,688.52 2 0
github.com/local/cassonic/src/main.go:688.52,691.5 2 0
github.com/local/cassonic/src/main.go:692.4,693.10 2 0
github.com/local/cassonic/src/main.go:695.3,696.13 2 0
github.com/local/cassonic/src/main.go:701.43,703.16 2 0
github.com/local/cassonic/src/main.go:703.16,705.3 1 0
github.com/local/cassonic/src/main.go:706.2,707.28 2 0
github.com/local/cassonic/src/main.go:707.28,709.3 1 0
github.com/local/cassonic/src/main.go:710.2,711.16 2 0
github.com/local/cassonic/src/main.go:711.16,713.3 1 0
github.com/local/cassonic/src/main.go:714.2,716.12 3 0
github.com/local/cassonic/src/main.go:720.44,722.16 2 0
github.com/local/cassonic/src/main.go:722.16,724.3 1 0
github.com/local/cassonic/src/main.go:725.2,727.41 3 0
github.com/local/cassonic/src/main.go:727.41,729.3 1 0
github.com/local/cassonic/src/main.go:730.2,731.34 2 0
github.com/local/cassonic/src/main.go:731.34,733.3 1 0
github.com/local/cassonic/src/main.go:734.2,734.12 1 0
github.com/local/cassonic/src/main.go:737.34,738.62 1 0
github.com/local/cassonic/src/main.go:738.62,740.3 1 0
github.com/local/cassonic/src/main.go:741.2,741.75 1 0
github.com/local/cassonic/src/main.go:744.29,746.2 1 0
github.com/local/cassonic/src/main.go:748.32,751.33 3 0
github.com/local/cassonic/src/main.go:751.33,754.3 2 0
github.com/local/cassonic/src/main.go:755.2,757.63 2 0
github.com/local/cassonic/src/main.go:760.21,762.24 2 0
github.com/local/cassonic/src/main.go:762.24,764.3 1 0
github.com/local/cassonic/src/main.go:767.18,805.2 1 0
github.com/local/cassonic/src/main.go:808.27,810.12 2 0
github.com/local/cassonic/src/main.go:811.29,812.12 1 0
github.com/local/cassonic/src/main.go:813.10,814.16 1 0
github.com/local/cassonic/src/main.go:820.48,822.19 2 0
github.com/local/cassonic/src/main.go:822.19,824.3 1 0
github.com/local/cassonic/src/main.go:825.2,825.13 1 0
github.com/local/cassonic/src/main.go:826.21,827.26 1 0
github.com/local/cassonic/src/main.go:828.14,829.24 1 0
github.com/local/cassonic/src/main.go:830.16,848.3 1 0
github.com/local/cassonic/src/main.go:849.10,851.13 2 0
github.com/local/cassonic/src/main.go:856.35,858.15 2 0
github.com/local/cassonic/src/main.go:859.14,860.62 1 0
github.com/local/cassonic/src/main.go:861.13,862.61 1 0
github.com/local/cassonic/src/main.go:863.14,864.61 1 0
github.com/local/cassonic/src/main.go:865.10,867.13 2 0
github.com/local/cassonic/src/main.go:872.37,873.15 1 0
github.com/local/cassonic/src/main.go:874.14,875.28 1 0
github.com/local/cassonic/src/main.go:876.13,877.27 1 0
github.com/local/cassonic/src/main.go:878.14,879.28 1 0
github.com/local/cassonic/src/main.go:880.10,882.13 2 0
github.com/local/cassonic/src/server/service/scheduler/jobs.go:44.41,47.27 3 0
github.com/local/cassonic/src/server/service/scheduler/jobs.go:47.27,49.3 1 0
github.com/local/cassonic/src/server/service/scheduler/jobs.go:50.2,50.18 1 0
github.com/local/cassonic/src/server/service/scheduler/jobs.go:54.39,58.51 4 0
github.com/local/cassonic/src/server/service/scheduler/jobs.go:58.51,60.3 1 0
github.com/local/cassonic/src/server/service/scheduler/jobs.go:61.2,61.49 1 0
github.com/local/cassonic/src/server/service/scheduler/jobs.go:65.51,69.39 1 0
github.com/local/cassonic/src/server/service/scheduler/jobs.go:69.39,71.4 1 0
github.com/local/cassonic/src/server/service/scheduler/jobs.go:76.50,80.39 1 0
github.com/local/cassonic/src/server/service/scheduler/jobs.go:80.39,82.4 1 0
github.com/local/cassonic/src/server/service/scheduler/jobs.go:87.50,91.39 1 0
github.com/local/cassonic/src/server/service/scheduler/jobs.go:91.39,93.4 1 0
github.com/local/cassonic/src/server/service/scheduler/jobs.go:100.79,105.39 1 0
github.com/local/cassonic/src/server/service/scheduler/jobs.go:105.39,107.18 2 0
github.com/local/cassonic/src/server/service/scheduler/jobs.go:107.18,109.5 1 0
github.com/local/cassonic/src/server/service/scheduler/jobs.go:111.4,112.31 2 0
github.com/local/cassonic/src/server/service/scheduler/jobs.go:112.31,113.35 1 0
github.com/local/cassonic/src/server/service/scheduler/jobs.go:113.35,114.11 1 0
github.com/local/cassonic/src/server/service/scheduler/jobs.go:116.5,117.57 1 0
github.com/local/cassonic/src/server/service/scheduler/jobs.go:117.57,118.14 1 0
github.com/local/cassonic/src/server/service/scheduler/jobs.go:121.5,122.19 2 0
github.com/local/cassonic/src/server/service/scheduler/jobs.go:122.19,124.6 1 0
github.com/local/cassonic/src/server/service/scheduler/jobs.go:125.5,125.16 1 0
github.com/local/cassonic/src/server/service/scheduler/jobs.go:125.16,126.71 1 0
github.com/local/cassonic/src/server/service/scheduler/jobs.go:126.71,128.7 1 0
github.com/local/cassonic/src/server/service/scheduler/jobs.go:130.5,130.16 1 0
github.com/local/cassonic/src/server/service/scheduler/jobs.go:132.4,132.14 1 0
github.com/local/cassonic/src/server/service/scheduler/jobs.go:138.64,142.39 1 0
github.com/local/cassonic/src/server/service/scheduler/jobs.go:142.39,144.4 1 0
github.com/local/cassonic/src/server/service/scheduler/jobs.go:152.60,157.39 1 0
github.com/local/cassonic/src/server/service/scheduler/jobs.go:157.39,159.4 1 0
github.com/local/cassonic/src/server/service/scheduler/jobs.go:165.88,167.24 2 0
github.com/local/cassonic/src/server/service/scheduler/jobs.go:167.24,169.3 1 0
github.com/local/cassonic/src/server/service/scheduler/jobs.go:170.2,170.16 1 0
github.com/local/cassonic/src/server/service/scheduler/jobs.go:170.16,172.3 1 0
github.com/local/cassonic/src/server/service/scheduler/jobs.go:174.2,175.32 2 0
github.com/local/cassonic/src/server/service/scheduler/jobs.go:175.32,176.21 1 0
github.com/local/cassonic/src/server/service/scheduler/jobs.go:176.21,177.12 1 0
github.com/local/cassonic/src/server/service/scheduler/jobs.go:179.3,181.25 3 0
github.com/local/cassonic/src/server/service/scheduler/jobs.go:181.25,182.12 1 0
github.com/local/cassonic/src/server/service/scheduler/jobs.go:184.3,184.17 1 0
github.com/local/cassonic/src/server/service/scheduler/jobs.go:184.17,186.12 2 0
github.com/local/cassonic/src/server/service/scheduler/jobs.go:189.3,190.36 2 0
github.com/local/cassonic/src/server/service/scheduler/jobs.go:190.36,192.12 2 0
github.com/local/cassonic/src/server/service/scheduler/jobs.go:195.3,197.29 3 0
github.com/local/cassonic/src/server/service/scheduler/jobs.go:197.29,200.4 1 0
github.com/local/cassonic/src/server/service/scheduler/jobs.go:202.2,202.12 1 0
github.com/local/cassonic/src/server/service/scheduler/jobs.go:208.62,213.39 1 0
github.com/local/cassonic/src/server/service/scheduler/jobs.go:213.39,215.4 1 0
github.com/local/cassonic/src/server/service/scheduler/jobs.go:242.89,243.52 1 0
github.com/local/cassonic/src/server/service/scheduler/jobs.go:243.52,245.3 1 0
github.com/local/cassonic/src/server/service/scheduler/jobs.go:247.2,249.31 2 0
github.com/local/cassonic/src/server/service/scheduler/jobs.go:249.31,250.93 1 0
github.com/local/cassonic/src/server/service/scheduler/jobs.go:250.93,252.4 1 0
github.com/local/cassonic/src/server/service/scheduler/jobs.go:253.3,253.53 1 0
github.com/local/cassonic/src/server/service/scheduler/jobs.go:255.2,255.12 1 0
github.com/local/cassonic/src/server/service/scheduler/jobs.go:259.87,261.16 2 0
github.com/local/cassonic/src/server/service/scheduler/jobs.go:261.16,263.3 1 0
github.com/local/cassonic/src/server/service/scheduler/jobs.go:265.2,266.16 2 0
github.com/local/cassonic/src/server/service/scheduler/jobs.go:266.16,268.3 1 0
github.com/local/cassonic/src/server/service/scheduler/jobs.go:269.2,271.38 2 0
github.com/local/cassonic/src/server/service/scheduler/jobs.go:271.38,273.3 1 0
github.com/local/cassonic/src/server/service/scheduler/jobs.go:275.2,277.16 3 0
github.com/local/cassonic/src/server/service/scheduler/jobs.go:277.16,279.3 1 0
github.com/local/cassonic/src/server/service/scheduler/jobs.go:281.2,281.49 1 0
github.com/local/cassonic/src/server/service/scheduler/jobs.go:281.49,285.3 3 0
github.com/local/cassonic/src/server/service/scheduler/jobs.go:286.2,286.34 1 0
github.com/local/cassonic/src/server/service/scheduler/jobs.go:286.34,289.3 2 0
github.com/local/cassonic/src/server/service/scheduler/jobs.go:290.2,290.29 1 0
github.com/local/cassonic/src/server/service/scheduler/jobs.go:296.65,301.39 1 0
github.com/local/cassonic/src/server/service/scheduler/jobs.go:301.39,303.4 1 0
github.com/local/cassonic/src/server/service/scheduler/jobs.go:311.85,313.50 2 0
github.com/local/cassonic/src/server/service/scheduler/jobs.go:313.50,315.3 1 0
github.com/local/cassonic/src/server/service/scheduler/jobs.go:317.2,320.72 3 0
github.com/local/cassonic/src/server/service/scheduler/jobs.go:320.72,322.3 1 0
github.com/local/cassonic/src/server/service/scheduler/jobs.go:324.2,325.12 2 0
github.com/local/cassonic/src/server/service/scheduler/jobs.go:331.59,336.39 1 0
github.com/local/cassonic/src/server/service/scheduler/jobs.go:336.39,338.4 1 0
github.com/local/cassonic/src/server/service/scheduler/jobs.go:346.81,348.50 2 0
github.com/local/cassonic/src/server/service/scheduler/jobs.go:348.50,350.3 1 0
github.com/local/cassonic/src/server/service/scheduler/jobs.go:352.2,354.16 3 0
github.com/local/cassonic/src/server/service/scheduler/jobs.go:354.16,356.3 1 0
github.com/local/cassonic/src/server/service/scheduler/jobs.go:358.2,359.16 2 0
github.com/local/cassonic/src/server/service/scheduler/jobs.go:359.16,361.3 1 0
github.com/local/cassonic/src/server/service/scheduler/jobs.go:361.8,364.3 2 0
github.com/local/cassonic/src/server/service/scheduler/jobs.go:366.2,367.112 2 0
github.com/local/cassonic/src/server/service/scheduler/jobs.go:367.112,369.3 1 0
github.com/local/cassonic/src/server/service/scheduler/jobs.go:370.2,370.12 1 0
github.com/local/cassonic/src/server/service/scheduler/jobs.go:375.51,379.39 1 0
github.com/local/cassonic/src/server/service/scheduler/jobs.go:379.39,381.4 1 0
github.com/local/cassonic/src/server/service/scheduler/jobs.go:387.49,391.39 1 0
github.com/local/cassonic/src/server/service/scheduler/jobs.go:391.39,393.4 1 0
github.com/local/cassonic/src/server/service/scheduler/jobs.go:399.75,401.16 2 0
github.com/local/cassonic/src/server/service/scheduler/jobs.go:401.16,403.3 1 0
github.com/local/cassonic/src/server/service/scheduler/jobs.go:404.2,404.24 1 0
github.com/local/cassonic/src/server/service/scheduler/jobs.go:404.24,406.17 2 0
github.com/local/cassonic/src/server/service/scheduler/jobs.go:406.17,408.4 1 0
github.com/local/cassonic/src/server/service/scheduler/jobs.go:409.3,409.28 1 0
github.com/local/cassonic/src/server/service/scheduler/jobs.go:409.28,410.28 1 0
github.com/local/cassonic/src/server/service/scheduler/jobs.go:410.28,411.13 1 0
github.com/local/cassonic/src/server/service/scheduler/jobs.go:413.4,413.37 1 0
github.com/local/cassonic/src/server/service/scheduler/jobs.go:413.37,414.65 1 0
github.com/local/cassonic/src/server/service/scheduler/jobs.go:414.65,416.6 1 0
github.com/local/cassonic/src/server/service/scheduler/jobs.go:420.2,420.12 1 0
github.com/local/cassonic/src/server/service/scheduler/jobs.go:426.60,431.39 1 0
github.com/local/cassonic/src/server/service/scheduler/jobs.go:431.39,433.4 1 0
github.com/local/cassonic/src/server/service/scheduler/jobs.go:438.58,440.24 2 0
github.com/local/cassonic/src/server/service/scheduler/jobs.go:440.24,442.3 1 0
github.com/local/cassonic/src/server/service/scheduler/jobs.go:443.2,443.16 1 0
github.com/local/cassonic/src/server/service/scheduler/jobs.go:443.16,445.3 1 0
github.com/local/cassonic/src/server/service/scheduler/jobs.go:447.2,449.32 2 0
github.com/local/cassonic/src/server/service/scheduler/jobs.go:449.32,450.64 1 0
github.com/local/cassonic/src/server/service/scheduler/jobs.go:450.64,451.12 1 0
github.com/local/cassonic/src/server/service/scheduler/jobs.go:454.3,458.48 4 0
github.com/local/cassonic/src/server/service/scheduler/jobs.go:458.48,460.12 2 0
github.com/local/cassonic/src/server/service/scheduler/jobs.go:463.3,463.45 1 0
github.com/local/cassonic/src/server/service/scheduler/jobs.go:463.45,465.4 1 0
github.com/local/cassonic/src/server/service/scheduler/jobs.go:467.3,467.62 1 0
github.com/local/cassonic/src/server/service/scheduler/jobs.go:470.2,471.12 2 0
github.com/local/cassonic/src/server/service/scheduler/jobs.go:475.42,477.16 2 0
github.com/local/cassonic/src/server/service/scheduler/jobs.go:477.16,479.3 1 0
github.com/local/cassonic/src/server/service/scheduler/jobs.go:480.2,483.16 3 0
github.com/local/cassonic/src/server/service/scheduler/jobs.go:483.16,485.3 1 0
github.com/local/cassonic/src/server/service/scheduler/jobs.go:486.2,489.43 3 0
github.com/local/cassonic/src/server/service/scheduler/jobs.go:489.43,491.3 1 0
github.com/local/cassonic/src/server/service/scheduler/jobs.go:492.2,492.19 1 0
github.com/local/cassonic/src/server/service/scheduler/jobs.go:496.58,498.16 2 0
github.com/local/cassonic/src/server/service/scheduler/jobs.go:498.16,500.3 1 0
github.com/local/cassonic/src/server/service/scheduler/jobs.go:502.2,503.28 2 0
github.com/local/cassonic/src/server/service/scheduler/jobs.go:503.28,504.45 1 0
github.com/local/cassonic/src/server/service/scheduler/jobs.go:504.45,506.4 1 0
github.com/local/cassonic/src/server/service/scheduler/jobs.go:509.2,511.37 2 0
github.com/local/cassonic/src/server/service/scheduler/jobs.go:511.37,513.3 1 0
github.com/local/cassonic/src/server/service/scheduler/jobs.go:515.2,515.62 1 0
github.com/local/cassonic/src/server/service/scheduler/jobs.go:515.62,516.41 1 0
github.com/local/cassonic/src/server/service/scheduler/jobs.go:516.41,518.4 1 0
github.com/local/cassonic/src/server/service/scheduler/jobs.go:525.70,530.39 1 0
github.com/local/cassonic/src/server/service/scheduler/jobs.go:530.39,532.18 2 0
github.com/local/cassonic/src/server/service/scheduler/jobs.go:532.18,534.5 1 0
github.com/local/cassonic/src/server/service/scheduler/jobs.go:535.4,536.14 2 0
github.com/local/cassonic/src/server/service/scheduler/jobs.go:543.71,547.39 1 0
github.com/local/cassonic/src/server/service/scheduler/jobs.go:547.39,549.18 2 0
github.com/local/cassonic/src/server/service/scheduler/jobs.go:549.18,551.5 1 0
github.com/local/cassonic/src/server/service/scheduler/jobs.go:552.4,553.14 2 0
github.com/local/cassonic/src/server/service/scheduler/jobs.go:560.59,564.39 1 0
github.com/local/cassonic/src/server/service/scheduler/jobs.go:564.39,566.4 1 0
github.com/local/cassonic/src/server/service/scheduler/jobs.go:571.82,575.16 4 0
github.com/local/cassonic/src/server/service/scheduler/jobs.go:575.16,577.3 1 0
github.com/local/cassonic/src/server/service/scheduler/jobs.go:579.2,580.16 2 0
github.com/local/cassonic/src/server/service/scheduler/jobs.go:580.16,583.3 2 0
github.com/local/cassonic/src/server/service/scheduler/jobs.go:584.2,586.38 2 0
github.com/local/cassonic/src/server/service/scheduler/jobs.go:586.38,588.3 1 0
github.com/local/cassonic/src/server/service/scheduler/jobs.go:588.8,590.3 1 0
github.com/local/cassonic/src/server/service/scheduler/jobs.go:591.2,591.12 1 0
github.com/local/cassonic/src/server/service/scheduler/jobs.go:597.43,601.39 1 0
github.com/local/cassonic/src/server/service/scheduler/jobs.go:601.39,604.4 2 0
github.com/local/cassonic/src/server/service/scheduler/jobs.go:609.68,612.76 2 0
github.com/local/cassonic/src/server/service/scheduler/jobs.go:612.76,614.18 2 0
github.com/local/cassonic/src/server/service/scheduler/jobs.go:614.18,616.5 1 0
github.com/local/cassonic/src/server/service/scheduler/jobs.go:617.4,617.57 1 0
github.com/local/cassonic/src/server/service/scheduler/jobs.go:617.57,620.5 2 0
github.com/local/cassonic/src/server/service/scheduler/jobs.go:621.4,621.20 1 0
github.com/local/cassonic/src/server/service/scheduler/jobs.go:625.2,628.16 3 0
github.com/local/cassonic/src/server/service/scheduler/jobs.go:628.16,631.3 2 0
github.com/local/cassonic/src/server/service/scheduler/jobs.go:633.2,634.16 2 0
github.com/local/cassonic/src/server/service/scheduler/jobs.go:634.16,637.3 2 0
github.com/local/cassonic/src/server/service/scheduler/jobs.go:638.2,639.91 2 0
github.com/local/cassonic/src/server/service/scheduler/jobs.go:643.59,645.16 2 0
github.com/local/cassonic/src/server/service/scheduler/jobs.go:645.16,647.3 1 0
github.com/local/cassonic/src/server/service/scheduler/jobs.go:649.2,650.60 2 0
github.com/local/cassonic/src/server/service/scheduler/jobs.go:650.60,652.3 1 0
github.com/local/cassonic/src/server/service/scheduler/jobs.go:655.2,655.64 1 0
github.com/local/cassonic/src/server/service/scheduler/jobs.go:655.64,657.3 1 0
github.com/local/cassonic/src/server/service/scheduler/jobs.go:660.2,661.50 2 0
github.com/local/cassonic/src/server/service/scheduler/jobs.go:661.50,663.3 1 0
github.com/local/cassonic/src/server/service/scheduler/jobs.go:664.2,664.38 1 0
github.com/local/cassonic/src/server/service/scheduler/jobs.go:664.38,666.3 1 0
github.com/local/cassonic/src/server/service/scheduler/jobs.go:669.2,672.43 4 0
github.com/local/cassonic/src/server/service/scheduler/jobs.go:672.43,674.3 1 0
github.com/local/cassonic/src/server/service/scheduler/jobs.go:677.2,678.50 2 0
github.com/local/cassonic/src/server/service/scheduler/jobs.go:678.50,680.3 1 0
github.com/local/cassonic/src/server/service/scheduler/jobs.go:681.2,681.20 1 0
github.com/local/cassonic/src/server/service/scheduler/jobs.go:681.20,683.3 1 0
github.com/local/cassonic/src/server/service/scheduler/jobs.go:684.2,684.12 1 0
github.com/local/cassonic/src/server/service/scheduler/jobs.go:690.64,694.39 1 0
github.com/local/cassonic/src/server/service/scheduler/jobs.go:694.39,698.4 1 0
github.com/local/cassonic/src/server/service/scheduler/scheduler.go:54.41,56.2 1 1
github.com/local/cassonic/src/server/service/scheduler/scheduler.go:60.37,62.22 2 1
github.com/local/cassonic/src/server/service/scheduler/scheduler.go:62.22,64.3 1 1
github.com/local/cassonic/src/server/service/scheduler/scheduler.go:64.8,66.3 1 1
github.com/local/cassonic/src/server/service/scheduler/scheduler.go:67.2,69.15 3 1
github.com/local/cassonic/src/server/service/scheduler/scheduler.go:79.48,80.12 1 1
github.com/local/cassonic/src/server/service/scheduler/scheduler.go:80.12,89.7 5 1
github.com/local/cassonic/src/server/service/scheduler/scheduler.go:89.7,90.11 1 1
github.com/local/cassonic/src/server/service/scheduler/scheduler.go:91.22,92.11 1 1
github.com/local/cassonic/src/server/service/scheduler/scheduler.go:93.20,94.16 1 0
github.com/local/cassonic/src/server/service/scheduler/scheduler.go:101.50,106.31 4 1
github.com/local/cassonic/src/server/service/scheduler/scheduler.go:106.31,107.29 1 1
github.com/local/cassonic/src/server/service/scheduler/scheduler.go:107.29,108.12 1 0
github.com/local/cassonic/src/server/service/scheduler/scheduler.go:110.3,110.32 1 1
github.com/local/cassonic/src/server/service/scheduler/scheduler.go:110.32,111.12 1 1
github.com/local/cassonic/src/server/service/scheduler/scheduler.go:113.3,114.27 2 1
github.com/local/cassonic/src/server/service/scheduler/scheduler.go:114.27,115.12 1 0
github.com/local/cassonic/src/server/service/scheduler/scheduler.go:117.3,119.31 3 1
github.com/local/cassonic/src/server/service/scheduler/scheduler.go:121.2,123.30 2 1
github.com/local/cassonic/src/server/service/scheduler/scheduler.go:123.30,125.13 2 1
github.com/local/cassonic/src/server/service/scheduler/scheduler.go:125.13,129.18 3 1
github.com/local/cassonic/src/server/service/scheduler/scheduler.go:129.18,131.5 1 1
github.com/local/cassonic/src/server/service/scheduler/scheduler.go:132.4,141.18 8 1
github.com/local/cassonic/src/server/service/scheduler/scheduler.go:141.18,143.5 1 1
github.com/local/cassonic/src/server/service/scheduler/scheduler.go:143.10,145.5 1 1
github.com/local/cassonic/src/server/service/scheduler/scheduler.go:151.47,157.31 4 1
github.com/local/cassonic/src/server/service/scheduler/scheduler.go:157.31,158.20 1 1
github.com/local/cassonic/src/server/service/scheduler/scheduler.go:158.20,159.12 1 1
github.com/local/cassonic/src/server/service/scheduler/scheduler.go:161.3,161.32 1 1
github.com/local/cassonic/src/server/service/scheduler/scheduler.go:161.32,162.12 1 1
github.com/local/cassonic/src/server/service/scheduler/scheduler.go:165.3,168.13 3 0
github.com/local/cassonic/src/server/service/scheduler/scheduler.go:168.13,173.18 4 0
github.com/local/cassonic/src/server/service/scheduler/scheduler.go:173.18,175.5 1 0
github.com/local/cassonic/src/server/service/scheduler/scheduler.go:176.4,185.18 8 0
github.com/local/cassonic/src/server/service/scheduler/scheduler.go:185.18,187.5 1 0
github.com/local/cassonic/src/server/service/scheduler/scheduler.go:187.10,189.5 1 0
github.com/local/cassonic/src/server/service/scheduler/scheduler.go:195.42,200.31 4 1
github.com/local/cassonic/src/server/service/scheduler/scheduler.go:200.31,207.29 2 1
github.com/local/cassonic/src/server/service/scheduler/scheduler.go:207.29,209.4 1 1
github.com/local/cassonic/src/server/service/scheduler/scheduler.go:210.3,210.24 1 1
github.com/local/cassonic/src/server/service/scheduler/scheduler.go:212.2,212.12 1 1
github.com/local/cassonic/src/server/handler/api/swagger/handler.go:36.54,39.54 2 0
github.com/local/cassonic/src/server/handler/api/swagger/handler.go:39.54,42.10 2 0
github.com/local/cassonic/src/server/handler/api/swagger/handler.go:43.51,45.18 2 0
github.com/local/cassonic/src/server/handler/api/swagger/handler.go:45.18,48.5 2 0
github.com/local/cassonic/src/server/handler/api/swagger/handler.go:49.4,50.24 2 0
github.com/local/cassonic/src/server/handler/api/swagger/handler.go:52.57,54.18 2 0
github.com/local/cassonic/src/server/handler/api/swagger/handler.go:54.18,57.5 2 0
github.com/local/cassonic/src/server/handler/api/swagger/handler.go:58.4,59.24 2 0
github.com/local/cassonic/src/server/handler/api/swagger/handler.go:61.11,63.30 2 0
github.com/local/cassonic/src/server/server.go:94.11,124.2 10 0
github.com/local/cassonic/src/server/server.go:127.45,148.69 13 0
github.com/local/cassonic/src/server/server.go:148.69,150.3 1 0
github.com/local/cassonic/src/server/server.go:151.2,166.66 11 0
github.com/local/cassonic/src/server/server.go:166.66,168.3 1 0
github.com/local/cassonic/src/server/server.go:169.2,189.29 9 0
github.com/local/cassonic/src/server/server.go:189.29,195.3 4 0
github.com/local/cassonic/src/server/server.go:198.2,198.29 1 0
github.com/local/cassonic/src/server/server.go:198.29,202.3 3 0
github.com/local/cassonic/src/server/server.go:205.2,205.29 1 0
github.com/local/cassonic/src/server/server.go:205.29,208.3 2 0
github.com/local/cassonic/src/server/server.go:211.2,216.10 3 0
github.com/local/cassonic/src/server/server.go:223.32,231.21 5 0
github.com/local/cassonic/src/server/server.go:231.21,243.13 5 0
github.com/local/cassonic/src/server/server.go:243.13,244.86 1 0
github.com/local/cassonic/src/server/server.go:244.86,246.5 1 0
github.com/local/cassonic/src/server/server.go:249.3,252.13 3 0
github.com/local/cassonic/src/server/server.go:252.13,253.116 1 0
github.com/local/cassonic/src/server/server.go:253.116,255.5 1 0
github.com/local/cassonic/src/server/server.go:257.8,259.17 2 0
github.com/local/cassonic/src/server/server.go:259.17,261.4 1 0
github.com/local/cassonic/src/server/server.go:262.3,263.13 2 0
github.com/local/cassonic/src/server/server.go:263.13,264.89 1 0
github.com/local/cassonic/src/server/server.go:264.89,266.5 1 0
github.com/local/cassonic/src/server/server.go:270.2,270.9 1 0
github.com/local/cassonic/src/server/server.go:271.22,272.63 1 0
github.com/local/cassonic/src/server/server.go:273.22,274.46 1 0
github.com/local/cassonic/src/server/server.go:277.2,280.45 3 0
github.com/local/cassonic/src/server/server.go:280.45,282.3 1 0
github.com/local/cassonic/src/server/server.go:284.2,285.12 2 0
github.com/local/cassonic/src/server/server.go:290.91,292.23 2 0
github.com/local/cassonic/src/server/server.go:292.23,294.3 1 0
github.com/local/cassonic/src/server/server.go:295.2,296.16 2 0
github.com/local/cassonic/src/server/server.go:296.16,298.3 1 0
github.com/local/cassonic/src/server/server.go:299.2,299.20 1 0
github.com/local/cassonic/src/server/server.go:304.72,310.2 5 0
github.com/local/cassonic/src/server/server.go:313.68,316.2 2 0
github.com/local/cassonic/src/server/server.go:320.50,323.2 2 0
github.com/local/cassonic/src/server/server.go:326.65,329.2 2 0
github.com/local/cassonic/src/server/server.go:332.54,334.24 2 0
github.com/local/cassonic/src/server/server.go:334.24,336.3 1 0
github.com/local/cassonic/src/server/server.go:337.2,338.10 2 0
github.com/local/cassonic/src/server/server.go:342.54,344.2 1 0
github.com/local/cassonic/src/server/server.go:347.52,349.2 1 0
github.com/local/cassonic/src/server/server.go:352.44,354.2 1 0
github.com/local/cassonic/src/server/server.go:357.55,359.2 1 0
github.com/local/cassonic/src/server/server.go:363.52,364.54 1 0
github.com/local/cassonic/src/server/server.go:364.54,374.3 2 0
github.com/local/cassonic/src/server/server.go:378.49,379.54 1 0
github.com/local/cassonic/src/server/server.go:379.54,383.3 2 0
github.com/local/cassonic/src/server/server.go:387.49,388.54 1 0
github.com/local/cassonic/src/server/server.go:388.54,394.3 2 0
github.com/local/cassonic/src/server/server.go:399.49,541.54 2 0
github.com/local/cassonic/src/server/server.go:541.54,544.3 2 0
github.com/local/cassonic/src/server/server.go:549.54,550.54 1 0
github.com/local/cassonic/src/server/server.go:550.54,565.3 3 0
github.com/local/cassonic/src/server/server.go:569.49,570.54 1 0
github.com/local/cassonic/src/server/server.go:570.54,577.3 2 0
github.com/local/cassonic/src/server/server.go:587.48,590.2 2 0
github.com/local/cassonic/src/server/server.go:594.70,595.46 1 0
github.com/local/cassonic/src/server/server.go:595.46,596.72 1 0
github.com/local/cassonic/src/server/server.go:596.72,604.4 3 0
github.com/local/cassonic/src/server/server.go:610.79,611.54 1 0
github.com/local/cassonic/src/server/server.go:611.54,614.3 2 0
github.com/local/cassonic/src/server/server.go:618.52,619.54 1 0
github.com/local/cassonic/src/server/server.go:619.54,621.19 2 0
github.com/local/cassonic/src/server/server.go:621.19,623.4 1 0
github.com/local/cassonic/src/server/server.go:624.3,633.36 4 0
github.com/local/cassonic/src/server/server.go:639.48,641.26 2 0
github.com/local/cassonic/src/server/server.go:641.26,643.3 1 0
github.com/local/cassonic/src/server/server.go:644.2,644.71 1 0
github.com/local/cassonic/src/server/server.go:644.71,647.45 3 0
github.com/local/cassonic/src/server/server.go:647.45,651.4 3 0
github.com/local/cassonic/src/server/server.go:652.3,652.23 1 0
github.com/local/cassonic/src/server/service/musicbrainz/musicbrainz.go:56.40,63.2 1 1
github.com/local/cassonic/src/server/service/musicbrainz/musicbrainz.go:66.50,67.9 1 1
github.com/local/cassonic/src/server/service/musicbrainz/musicbrainz.go:68.20,69.13 1 1
github.com/local/cassonic/src/server/service/musicbrainz/musicbrainz.go:70.20,71.19 1 1
github.com/local/cassonic/src/server/service/musicbrainz/musicbrainz.go:76.91,77.36 1 1
github.com/local/cassonic/src/server/service/musicbrainz/musicbrainz.go:77.36,79.3 1 1
github.com/local/cassonic/src/server/service/musicbrainz/musicbrainz.go:81.2,85.16 4 1
github.com/local/cassonic/src/server/service/musicbrainz/musicbrainz.go:85.16,87.3 1 0
github.com/local/cassonic/src/server/service/musicbrainz/musicbrainz.go:88.2,92.16 4 1
github.com/local/cassonic/src/server/service/musicbrainz/musicbrainz.go:92.16,94.3 1 0
github.com/local/cassonic/src/server/service/musicbrainz/musicbrainz.go:95.2,98.16 3 1
github.com/local/cassonic/src/server/service/musicbrainz/musicbrainz.go:98.16,100.3 1 0
github.com/local/cassonic/src/server/service/musicbrainz/musicbrainz.go:102.2,102.54 1 1
github.com/local/cassonic/src/server/service/musicbrainz/musicbrainz.go:102.54,104.3 1 1
github.com/local/cassonic/src/server/service/musicbrainz/musicbrainz.go:105.2,105.38 1 1
github.com/local/cassonic/src/server/service/musicbrainz/musicbrainz.go:105.38,107.3 1 1
github.com/local/cassonic/src/server/service/musicbrainz/musicbrainz.go:109.2,109.18 1 1
github.com/local/cassonic/src/server/service/musicbrainz/musicbrainz.go:114.104,116.17 2 1
github.com/local/cassonic/src/server/service/musicbrainz/musicbrainz.go:116.17,118.3 1 1
github.com/local/cassonic/src/server/service/musicbrainz/musicbrainz.go:120.2,126.16 3 1
github.com/local/cassonic/src/server/service/musicbrainz/musicbrainz.go:126.16,128.3 1 1
github.com/local/cassonic/src/server/service/musicbrainz/musicbrainz.go:130.2,153.54 2 1
github.com/local/cassonic/src/server/service/musicbrainz/musicbrainz.go:153.54,155.3 1 1
github.com/local/cassonic/src/server/service/musicbrainz/musicbrainz.go:157.2,157.40 1 1
github.com/local/cassonic/src/server/service/musicbrainz/musicbrainz.go:157.40,158.29 1 1
github.com/local/cassonic/src/server/service/musicbrainz/musicbrainz.go:158.29,159.12 1 1
github.com/local/cassonic/src/server/service/musicbrainz/musicbrainz.go:162.3,168.32 2 1
github.com/local/cassonic/src/server/service/musicbrainz/musicbrainz.go:168.32,170.4 1 1
github.com/local/cassonic/src/server/service/musicbrainz/musicbrainz.go:171.3,171.28 1 1
github.com/local/cassonic/src/server/service/musicbrainz/musicbrainz.go:171.28,173.45 2 1
github.com/local/cassonic/src/server/service/musicbrainz/musicbrainz.go:173.45,175.5 1 1
github.com/local/cassonic/src/server/service/musicbrainz/musicbrainz.go:178.3,178.16 1 1
github.com/local/cassonic/src/server/service/musicbrainz/musicbrainz.go:181.2,181.17 1 1
github.com/local/cassonic/src/server/service/musicbrainz/musicbrainz.go:186.93,195.16 4 1
github.com/local/cassonic/src/server/service/musicbrainz/musicbrainz.go:195.16,197.3 1 1
github.com/local/cassonic/src/server/service/musicbrainz/musicbrainz.go:199.2,213.54 2 1
github.com/local/cassonic/src/server/service/musicbrainz/musicbrainz.go:213.54,215.3 1 1
github.com/local/cassonic/src/server/service/musicbrainz/musicbrainz.go:217.2,217.38 1 1
github.com/local/cassonic/src/server/service/musicbrainz/musicbrainz.go:217.38,218.29 1 1
github.com/local/cassonic/src/server/service/musicbrainz/musicbrainz.go:218.29,219.12 1 1
github.com/local/cassonic/src/server/service/musicbrainz/musicbrainz.go:222.3,227.32 2 1
github.com/local/cassonic/src/server/service/musicbrainz/musicbrainz.go:227.32,229.4 1 1
github.com/local/cassonic/src/server/service/musicbrainz/musicbrainz.go:231.3,231.25 1 1
github.com/local/cassonic/src/server/service/musicbrainz/musicbrainz.go:231.25,235.4 3 1
github.com/local/cassonic/src/server/service/musicbrainz/musicbrainz.go:237.3,237.16 1 1
github.com/local/cassonic/src/server/service/musicbrainz/musicbrainz.go:240.2,240.17 1 1
github.com/local/cassonic/src/server/service/musicbrainz/musicbrainz.go:246.97,247.105 1 1
github.com/local/cassonic/src/server/service/musicbrainz/musicbrainz.go:247.105,249.3 1 1
github.com/local/cassonic/src/server/service/musicbrainz/musicbrainz.go:251.2,252.16 2 1
github.com/local/cassonic/src/server/service/musicbrainz/musicbrainz.go:252.16,254.3 1 1
github.com/local/cassonic/src/server/service/musicbrainz/musicbrainz.go:255.2,255.16 1 1
github.com/local/cassonic/src/server/service/musicbrainz/musicbrainz.go:255.16,257.3 1 1
github.com/local/cassonic/src/server/service/musicbrainz/musicbrainz.go:259.2,259.42 1 1
github.com/local/cassonic/src/server/service/musicbrainz/musicbrainz.go:259.42,262.3 2 1
github.com/local/cassonic/src/server/service/musicbrainz/musicbrainz.go:263.2,263.51 1 1
github.com/local/cassonic/src/server/service/musicbrainz/musicbrainz.go:263.51,266.3 2 1
github.com/local/cassonic/src/server/service/musicbrainz/musicbrainz.go:267.2,267.49 1 1
github.com/local/cassonic/src/server/service/musicbrainz/musicbrainz.go:267.49,270.3 2 1
github.com/local/cassonic/src/server/service/musicbrainz/musicbrainz.go:271.2,271.61 1 1
github.com/local/cassonic/src/server/service/musicbrainz/musicbrainz.go:271.61,274.3 2 1
github.com/local/cassonic/src/server/service/musicbrainz/musicbrainz.go:276.2,276.21 1 1
github.com/local/cassonic/src/server/service/ffmpeg/ffmpeg.go:33.75,34.22 1 0
github.com/local/cassonic/src/server/service/ffmpeg/ffmpeg.go:34.22,35.48 1 0
github.com/local/cassonic/src/server/service/ffmpeg/ffmpeg.go:35.48,37.4 1 0
github.com/local/cassonic/src/server/service/ffmpeg/ffmpeg.go:40.2,40.51 1 0
github.com/local/cassonic/src/server/service/ffmpeg/ffmpeg.go:40.51,42.3 1 0
github.com/local/cassonic/src/server/service/ffmpeg/ffmpeg.go:44.2,45.29 2 0
github.com/local/cassonic/src/server/service/ffmpeg/ffmpeg.go:45.29,47.3 1 0
github.com/local/cassonic/src/server/service/ffmpeg/ffmpeg.go:49.2,49.18 1 0
github.com/local/cassonic/src/server/service/ffmpeg/ffmpeg.go:49.18,51.17 2 0
github.com/local/cassonic/src/server/service/ffmpeg/ffmpeg.go:51.17,53.4 1 0
github.com/local/cassonic/src/server/service/ffmpeg/ffmpeg.go:54.3,54.50 1 0
github.com/local/cassonic/src/server/service/ffmpeg/ffmpeg.go:57.2,57.102 1 0
github.com/local/cassonic/src/server/service/ffmpeg/ffmpeg.go:61.33,63.2 1 0
github.com/local/cassonic/src/server/service/ffmpeg/ffmpeg.go:66.64,68.16 2 0
github.com/local/cassonic/src/server/service/ffmpeg/ffmpeg.go:68.16,70.3 1 0
github.com/local/cassonic/src/server/service/ffmpeg/ffmpeg.go:71.2,72.37 2 0
github.com/local/cassonic/src/server/service/ffmpeg/ffmpeg.go:92.81,94.41 2 0
github.com/local/cassonic/src/server/service/ffmpeg/ffmpeg.go:94.41,96.3 1 0
github.com/local/cassonic/src/server/service/ffmpeg/ffmpeg.go:98.2,99.28 2 0
github.com/local/cassonic/src/server/service/ffmpeg/ffmpeg.go:99.28,101.3 1 0
github.com/local/cassonic/src/server/service/ffmpeg/ffmpeg.go:102.2,102.42 1 0
github.com/local/cassonic/src/server/service/ffmpeg/ffmpeg.go:126.41,127.42 1 0
github.com/local/cassonic/src/server/service/ffmpeg/ffmpeg.go:127.42,129.3 1 0
github.com/local/cassonic/src/server/service/ffmpeg/ffmpeg.go:130.2,130.29 1 0
github.com/local/cassonic/src/server/service/ffmpeg/ffmpeg.go:136.96,138.51 2 0
github.com/local/cassonic/src/server/service/ffmpeg/ffmpeg.go:138.51,140.3 1 0
github.com/local/cassonic/src/server/service/ffmpeg/ffmpeg.go:142.2,146.16 4 0
github.com/local/cassonic/src/server/service/ffmpeg/ffmpeg.go:146.16,148.3 1 0
github.com/local/cassonic/src/server/service/ffmpeg/ffmpeg.go:149.2,151.36 2 0
github.com/local/cassonic/src/server/service/ffmpeg/ffmpeg.go:151.36,155.3 3 0
github.com/local/cassonic/src/server/service/ffmpeg/ffmpeg.go:157.2,159.56 2 0
github.com/local/cassonic/src/server/service/ffmpeg/ffmpeg.go:165.54,168.26 2 0
github.com/local/cassonic/src/server/service/ffmpeg/ffmpeg.go:168.26,170.3 1 0
github.com/local/cassonic/src/server/service/ffmpeg/ffmpeg.go:172.2,176.21 3 0
github.com/local/cassonic/src/server/service/ffmpeg/ffmpeg.go:177.13,178.60 1 0
github.com/local/cassonic/src/server/service/ffmpeg/ffmpeg.go:179.13,180.59 1 0
github.com/local/cassonic/src/server/service/ffmpeg/ffmpeg.go:181.14,182.58 1 0
github.com/local/cassonic/src/server/service/ffmpeg/ffmpeg.go:183.13,184.54 1 0
github.com/local/cassonic/src/server/service/ffmpeg/ffmpeg.go:185.14,186.55 1 0
github.com/local/cassonic/src/server/service/ffmpeg/ffmpeg.go:189.2,190.90 2 0
github.com/local/cassonic/src/server/service/ffmpeg/ffmpeg.go:190.90,192.3 1 0
github.com/local/cassonic/src/server/service/ffmpeg/ffmpeg.go:193.2,193.26 1 0
github.com/local/cassonic/src/server/service/ffmpeg/ffmpeg.go:193.26,195.3 1 0
github.com/local/cassonic/src/server/service/ffmpeg/ffmpeg.go:197.2,198.13 2 0
github.com/local/cassonic/src/server/service/ffmpeg/ffmpeg.go:202.45,204.31 2 0
github.com/local/cassonic/src/server/service/ffmpeg/ffmpeg.go:204.31,206.3 1 0
github.com/local/cassonic/src/server/service/ffmpeg/ffmpeg.go:207.2,207.44 1 0
github.com/local/cassonic/src/server/service/ffmpeg/ffmpeg.go:211.48,214.31 3 0
github.com/local/cassonic/src/server/service/ffmpeg/ffmpeg.go:214.31,216.3 1 0
github.com/local/cassonic/src/server/service/ffmpeg/ffmpeg.go:217.2,217.33 1 0
github.com/local/cassonic/src/server/service/ffmpeg/ffmpeg.go:221.37,223.16 2 0
github.com/local/cassonic/src/server/service/ffmpeg/ffmpeg.go:223.16,225.3 1 0
github.com/local/cassonic/src/server/service/ffmpeg/ffmpeg.go:226.2,226.18 1 0
github.com/local/cassonic/src/server/service/ffmpeg/ffmpeg.go:226.18,228.3 1 0
github.com/local/cassonic/src/server/service/ffmpeg/ffmpeg.go:229.2,229.31 1 0
github.com/local/cassonic/src/server/service/ffmpeg/ffmpeg.go:229.31,231.3 1 0
github.com/local/cassonic/src/server/service/ffmpeg/ffmpeg.go:232.2,232.13 1 0
github.com/local/cassonic/src/server/service/ffmpeg/ffmpeg.go:236.27,238.31 2 0
github.com/local/cassonic/src/server/service/ffmpeg/ffmpeg.go:238.31,240.3 1 0
github.com/local/cassonic/src/server/service/ffmpeg/ffmpeg.go:241.2,244.3 1 0
github.com/local/cassonic/src/server/service/ffmpeg/ffmpeg.go:249.47,253.50 3 0
github.com/local/cassonic/src/server/service/ffmpeg/ffmpeg.go:253.50,255.3 1 0
github.com/local/cassonic/src/server/service/ffmpeg/ffmpeg.go:257.2,263.16 5 0
github.com/local/cassonic/src/server/service/ffmpeg/ffmpeg.go:263.16,265.3 1 0
github.com/local/cassonic/src/server/service/ffmpeg/ffmpeg.go:267.2,268.16 2 0
github.com/local/cassonic/src/server/service/ffmpeg/ffmpeg.go:268.16,270.3 1 0
github.com/local/cassonic/src/server/service/ffmpeg/ffmpeg.go:271.2,273.38 2 0
github.com/local/cassonic/src/server/service/ffmpeg/ffmpeg.go:273.38,275.3 1 0
github.com/local/cassonic/src/server/service/ffmpeg/ffmpeg.go:277.2,279.16 3 0
github.com/local/cassonic/src/server/service/ffmpeg/ffmpeg.go:279.16,281.3 1 0
github.com/local/cassonic/src/server/service/ffmpeg/ffmpeg.go:283.2,283.49 1 0
github.com/local/cassonic/src/server/service/ffmpeg/ffmpeg.go:283.49,287.3 3 0
github.com/local/cassonic/src/server/service/ffmpeg/ffmpeg.go:289.2,289.34 1 0
github.com/local/cassonic/src/server/service/ffmpeg/ffmpeg.go:289.34,292.3 2 0
github.com/local/cassonic/src/server/service/ffmpeg/ffmpeg.go:294.2,294.31 1 0
github.com/local/cassonic/src/server/service/ffmpeg/ffmpeg.go:294.31,295.49 1 0
github.com/local/cassonic/src/server/service/ffmpeg/ffmpeg.go:295.49,298.4 2 0
github.com/local/cassonic/src/server/service/ffmpeg/ffmpeg.go:301.2,301.53 1 0
github.com/local/cassonic/src/server/service/ffmpeg/ffmpeg.go:301.53,304.3 2 0
github.com/local/cassonic/src/server/service/ffmpeg/ffmpeg.go:306.2,306.22 1 0
github.com/local/cassonic/src/server/service/ffmpeg/ffmpeg.go:326.88,336.16 3 0
github.com/local/cassonic/src/server/service/ffmpeg/ffmpeg.go:336.16,338.3 1 0
github.com/local/cassonic/src/server/service/ffmpeg/ffmpeg.go:339.2,339.30 1 0
github.com/local/cassonic/src/server/service/ffmpeg/ffmpeg.go:344.93,348.2 3 0
github.com/local/cassonic/src/server/service/ffmpeg/ffmpeg.go:351.58,353.49 2 0
github.com/local/cassonic/src/server/service/ffmpeg/ffmpeg.go:353.49,355.3 1 0
github.com/local/cassonic/src/server/service/ffmpeg/ffmpeg.go:357.2,361.69 3 0
github.com/local/cassonic/src/server/service/ffmpeg/ffmpeg.go:361.69,363.3 1 0
github.com/local/cassonic/src/server/service/ffmpeg/ffmpeg.go:365.2,365.58 1 0
github.com/local/cassonic/src/server/service/ffmpeg/ffmpeg.go:365.58,367.3 1 0
github.com/local/cassonic/src/server/service/ffmpeg/ffmpeg.go:369.2,369.30 1 0
github.com/local/cassonic/src/server/service/ffmpeg/ffmpeg.go:369.30,370.24 1 0
github.com/local/cassonic/src/server/service/ffmpeg/ffmpeg.go:370.24,371.12 1 0
github.com/local/cassonic/src/server/service/ffmpeg/ffmpeg.go:373.3,376.55 3 0
github.com/local/cassonic/src/server/service/ffmpeg/ffmpeg.go:376.55,378.4 1 0
github.com/local/cassonic/src/server/service/ffmpeg/ffmpeg.go:379.3,379.24 1 0
github.com/local/cassonic/src/server/service/ffmpeg/ffmpeg.go:379.24,380.64 1 0
github.com/local/cassonic/src/server/service/ffmpeg/ffmpeg.go:380.64,382.5 1 0
github.com/local/cassonic/src/server/service/ffmpeg/ffmpeg.go:384.3,384.23 1 0
github.com/local/cassonic/src/server/service/ffmpeg/ffmpeg.go:384.23,385.53 1 0
github.com/local/cassonic/src/server/service/ffmpeg/ffmpeg.go:385.53,387.5 1 0
github.com/local/cassonic/src/server/service/ffmpeg/ffmpeg.go:389.3,389.8 1 0
github.com/local/cassonic/src/server/service/ffmpeg/ffmpeg.go:392.2,392.17 1 0
github.com/local/cassonic/src/server/service/ffmpeg/ffmpeg.go:397.61,400.51 2 0
github.com/local/cassonic/src/server/service/ffmpeg/ffmpeg.go:400.51,403.41 2 0
github.com/local/cassonic/src/server/service/ffmpeg/ffmpeg.go:403.41,405.23 2 0
github.com/local/cassonic/src/server/service/ffmpeg/ffmpeg.go:405.23,407.5 1 0
github.com/local/cassonic/src/server/service/ffmpeg/ffmpeg.go:410.3,410.42 1 0
github.com/local/cassonic/src/server/service/ffmpeg/ffmpeg.go:410.42,411.57 1 0
github.com/local/cassonic/src/server/service/ffmpeg/ffmpeg.go:411.57,416.5 4 0
github.com/local/cassonic/src/server/service/ffmpeg/ffmpeg.go:417.4,417.56 1 0
github.com/local/cassonic/src/server/service/ffmpeg/ffmpeg.go:417.56,420.25 3 0
github.com/local/cassonic/src/server/service/ffmpeg/ffmpeg.go:420.25,421.55 1 0
github.com/local/cassonic/src/server/service/ffmpeg/ffmpeg.go:421.55,423.7 1 0
github.com/local/cassonic/src/server/service/ffmpeg/ffmpeg.go:428.3,428.39 1 0
github.com/local/cassonic/src/server/service/ffmpeg/ffmpeg.go:428.39,430.29 2 0
github.com/local/cassonic/src/server/service/ffmpeg/ffmpeg.go:430.29,431.43 1 0
github.com/local/cassonic/src/server/service/ffmpeg/ffmpeg.go:431.43,433.6 1 0
github.com/local/cassonic/src/server/service/ffmpeg/ffmpeg.go:434.5,434.66 1 0
github.com/local/cassonic/src/server/service/ffmpeg/ffmpeg.go:434.66,436.48 2 0
github.com/local/cassonic/src/server/service/ffmpeg/ffmpeg.go:436.48,438.7 1 0
github.com/local/cassonic/src/server/service/ffmpeg/ffmpeg.go:444.2,444.17 1 0
github.com/local/cassonic/src/server/service/ffmpeg/ffmpeg.go:448.38,450.21 2 0
github.com/local/cassonic/src/server/service/ffmpeg/ffmpeg.go:450.21,452.3 1 0
github.com/local/cassonic/src/server/service/ffmpeg/ffmpeg.go:453.2,456.28 4 0
github.com/local/cassonic/src/server/service/icecast/icecast.go:51.80,58.2 1 0
github.com/local/cassonic/src/server/service/icecast/icecast.go:61.52,63.16 2 0
github.com/local/cassonic/src/server/service/icecast/icecast.go:63.16,65.3 1 0
github.com/local/cassonic/src/server/service/icecast/icecast.go:67.2,70.31 3 0
github.com/local/cassonic/src/server/service/icecast/icecast.go:70.31,71.21 1 0
github.com/local/cassonic/src/server/service/icecast/icecast.go:71.21,72.12 1 0
github.com/local/cassonic/src/server/service/icecast/icecast.go:74.3,74.60 1 0
github.com/local/cassonic/src/server/service/icecast/icecast.go:74.60,76.4 1 0
github.com/local/cassonic/src/server/service/icecast/icecast.go:78.2,78.12 1 0
github.com/local/cassonic/src/server/service/icecast/icecast.go:82.26,83.24 1 0
github.com/local/cassonic/src/server/service/icecast/icecast.go:83.24,85.3 1 0
github.com/local/cassonic/src/server/service/icecast/icecast.go:87.2,89.29 3 0
github.com/local/cassonic/src/server/service/icecast/icecast.go:89.29,91.3 1 0
github.com/local/cassonic/src/server/service/icecast/icecast.go:92.2,94.28 2 0
github.com/local/cassonic/src/server/service/icecast/icecast.go:94.28,96.3 1 0
github.com/local/cassonic/src/server/service/icecast/icecast.go:101.72,105.46 3 0
github.com/local/cassonic/src/server/service/icecast/icecast.go:105.46,107.3 1 0
github.com/local/cassonic/src/server/service/icecast/icecast.go:109.2,110.16 2 0
github.com/local/cassonic/src/server/service/icecast/icecast.go:110.16,112.3 1 0
github.com/local/cassonic/src/server/service/icecast/icecast.go:113.2,113.18 1 0
github.com/local/cassonic/src/server/service/icecast/icecast.go:113.18,115.3 1 0
github.com/local/cassonic/src/server/service/icecast/icecast.go:117.2,129.12 5 0
github.com/local/cassonic/src/server/service/icecast/icecast.go:129.12,131.16 2 0
github.com/local/cassonic/src/server/service/icecast/icecast.go:131.16,135.4 3 0
github.com/local/cassonic/src/server/service/icecast/icecast.go:136.3,136.41 1 0
github.com/local/cassonic/src/server/service/icecast/icecast.go:139.2,139.12 1 0
github.com/local/cassonic/src/server/service/icecast/icecast.go:143.44,148.9 4 0
github.com/local/cassonic/src/server/service/icecast/icecast.go:148.9,150.3 1 0
github.com/local/cassonic/src/server/service/icecast/icecast.go:152.2,153.17 2 0
github.com/local/cassonic/src/server/service/icecast/icecast.go:157.54,162.9 4 0
github.com/local/cassonic/src/server/service/icecast/icecast.go:162.9,164.3 1 0
github.com/local/cassonic/src/server/service/icecast/icecast.go:166.2,177.3 6 0
github.com/local/cassonic/src/server/service/icecast/mount.go:23.100,24.17 1 0
github.com/local/cassonic/src/server/service/icecast/mount.go:24.17,28.3 3 0
github.com/local/cassonic/src/server/service/icecast/mount.go:30.2,31.16 2 0
github.com/local/cassonic/src/server/service/icecast/mount.go:31.16,35.3 3 0
github.com/local/cassonic/src/server/service/icecast/mount.go:36.2,36.21 1 0
github.com/local/cassonic/src/server/service/icecast/mount.go:36.21,40.3 3 0
github.com/local/cassonic/src/server/service/icecast/mount.go:42.2,45.6 3 0
github.com/local/cassonic/src/server/service/icecast/mount.go:45.6,46.23 1 0
github.com/local/cassonic/src/server/service/icecast/mount.go:46.23,49.4 2 0
github.com/local/cassonic/src/server/service/icecast/mount.go:51.3,51.29 1 0
github.com/local/cassonic/src/server/service/icecast/mount.go:51.29,53.18 2 0
github.com/local/cassonic/src/server/service/icecast/mount.go:53.18,57.5 3 0
github.com/local/cassonic/src/server/service/icecast/mount.go:58.4,58.16 1 0
github.com/local/cassonic/src/server/service/icecast/mount.go:61.3,64.32 3 0
github.com/local/cassonic/src/server/service/icecast/mount.go:64.32,67.12 3 0
github.com/local/cassonic/src/server/service/icecast/mount.go:70.3,73.34 3 0
github.com/local/cassonic/src/server/service/icecast/mount.go:73.34,75.18 2 0
github.com/local/cassonic/src/server/service/icecast/mount.go:75.18,77.5 1 0
github.com/local/cassonic/src/server/service/icecast/mount.go:78.4,80.57 3 0
github.com/local/cassonic/src/server/service/icecast/mount.go:80.57,83.5 2 0
github.com/local/cassonic/src/server/service/icecast/mount.go:84.4,85.12 2 0
github.com/local/cassonic/src/server/service/icecast/mount.go:88.3,89.17 2 0
github.com/local/cassonic/src/server/service/icecast/mount.go:89.17,92.57 3 0
github.com/local/cassonic/src/server/service/icecast/mount.go:92.57,95.5 2 0
github.com/local/cassonic/src/server/service/icecast/mount.go:96.4,97.12 2 0
github.com/local/cassonic/src/server/service/icecast/mount.go:100.3,113.23 10 0
github.com/local/cassonic/src/server/service/icecast/mount.go:113.23,116.4 2 0
github.com/local/cassonic/src/server/service/icecast/mount.go:118.3,118.23 1 0
github.com/local/cassonic/src/server/service/icecast/mount.go:118.23,121.57 3 0
github.com/local/cassonic/src/server/service/icecast/mount.go:121.57,124.5 2 0
github.com/local/cassonic/src/server/service/icecast/mount.go:125.4,125.34 1 0
github.com/local/cassonic/src/server/service/icecast/mount.go:140.9,141.6 1 0
github.com/local/cassonic/src/server/service/icecast/mount.go:141.6,142.23 1 0
github.com/local/cassonic/src/server/service/icecast/mount.go:142.23,144.4 1 0
github.com/local/cassonic/src/server/service/icecast/mount.go:145.3,145.25 1 0
github.com/local/cassonic/src/server/service/icecast/mount.go:145.25,147.4 1 0
github.com/local/cassonic/src/server/service/icecast/mount.go:149.3,152.32 3 0
github.com/local/cassonic/src/server/service/icecast/mount.go:152.32,154.12 2 0
github.com/local/cassonic/src/server/service/icecast/mount.go:157.3,165.26 8 0
github.com/local/cassonic/src/server/service/icecast/mount.go:165.26,167.4 1 0
github.com/local/cassonic/src/server/service/icecast/mount.go:169.3,169.9 1 0
github.com/local/cassonic/src/server/service/icecast/mount.go:181.9,189.16 3 0
github.com/local/cassonic/src/server/service/icecast/mount.go:189.16,191.3 1 0
github.com/local/cassonic/src/server/service/icecast/mount.go:192.2,195.6 3 0
github.com/local/cassonic/src/server/service/icecast/mount.go:195.6,197.13 2 0
github.com/local/cassonic/src/server/service/icecast/mount.go:197.13,198.60 1 0
github.com/local/cassonic/src/server/service/icecast/mount.go:198.60,200.5 1 0
github.com/local/cassonic/src/server/service/icecast/mount.go:202.3,202.24 1 0
github.com/local/cassonic/src/server/service/icecast/mount.go:202.24,204.4 1 0
github.com/local/cassonic/src/server/service/icecast/mount.go:205.3,205.21 1 0
github.com/local/cassonic/src/server/service/icecast/mount.go:205.21,206.24 1 0
github.com/local/cassonic/src/server/service/icecast/mount.go:206.24,208.5 1 0
github.com/local/cassonic/src/server/service/icecast/mount.go:209.4,209.14 1 0
github.com/local/cassonic/src/server/service/icecast/mount.go:215.95,216.21 1 0
github.com/local/cassonic/src/server/service/icecast/mount.go:217.25,218.51 1 0
github.com/local/cassonic/src/server/service/icecast/mount.go:219.24,220.47 1 0
github.com/local/cassonic/src/server/service/icecast/mount.go:221.10,222.30 1 0
github.com/local/cassonic/src/server/service/icecast/mount.go:227.71,229.16 2 0
github.com/local/cassonic/src/server/service/icecast/mount.go:229.16,231.3 1 0
github.com/local/cassonic/src/server/service/icecast/mount.go:232.2,233.26 2 0
github.com/local/cassonic/src/server/service/icecast/mount.go:233.26,235.3 1 0
github.com/local/cassonic/src/server/service/icecast/mount.go:236.2,237.17 2 0
github.com/local/cassonic/src/server/service/icecast/mount.go:241.92,243.16 2 0
github.com/local/cassonic/src/server/service/icecast/mount.go:243.16,245.3 1 0
github.com/local/cassonic/src/server/service/icecast/mount.go:246.2,247.26 2 0
github.com/local/cassonic/src/server/service/icecast/mount.go:247.26,249.3 1 0
github.com/local/cassonic/src/server/service/icecast/mount.go:250.2,251.17 2 0
github.com/local/cassonic/src/server/service/icecast/mount.go:255.89,257.16 2 0
github.com/local/cassonic/src/server/service/icecast/mount.go:257.16,259.3 1 0
github.com/local/cassonic/src/server/service/icecast/mount.go:260.2,261.26 2 0
github.com/local/cassonic/src/server/service/icecast/mount.go:261.26,263.3 1 0
github.com/local/cassonic/src/server/service/icecast/mount.go:264.2,265.17 2 0
github.com/local/cassonic/src/server/service/icecast/mount.go:270.33,271.36 1 0
github.com/local/cassonic/src/server/service/icecast/mount.go:271.36,274.3 2 0
github.com/local/cassonic/src/server/service/icecast/mount.go:278.47,279.27 1 0
github.com/local/cassonic/src/server/service/icecast/mount.go:279.27,281.3 1 0
github.com/local/cassonic/src/server/service/icecast/mount.go:282.2,282.19 1 0
github.com/local/cassonic/src/server/service/icecast/mount.go:286.55,288.23 2 0
github.com/local/cassonic/src/server/service/icecast/mount.go:288.23,290.3 1 0
github.com/local/cassonic/src/server/service/icecast/mount.go:291.2,291.13 1 0
github.com/local/cassonic/src/server/service/icecast/mount.go:296.67,299.9 3 0
github.com/local/cassonic/src/server/service/icecast/mount.go:300.17,301.13 1 0
github.com/local/cassonic/src/server/service/icecast/mount.go:302.20,303.19 1 0
github.com/local/cassonic/src/server/service/icecast/source.go:33.92,36.16 3 0
github.com/local/cassonic/src/server/service/icecast/source.go:36.16,38.3 1 0
github.com/local/cassonic/src/server/service/icecast/source.go:40.2,58.60 14 0
github.com/local/cassonic/src/server/service/icecast/source.go:58.60,61.3 2 0
github.com/local/cassonic/src/server/service/icecast/source.go:63.2,65.16 3 0
github.com/local/cassonic/src/server/service/icecast/source.go:65.16,68.3 2 0
github.com/local/cassonic/src/server/service/icecast/source.go:69.2,71.42 2 0
github.com/local/cassonic/src/server/service/icecast/source.go:71.42,74.3 2 0
github.com/local/cassonic/src/server/service/icecast/source.go:76.2,76.6 1 0
github.com/local/cassonic/src/server/service/icecast/source.go:76.6,78.17 2 0
github.com/local/cassonic/src/server/service/icecast/source.go:78.17,81.4 2 0
github.com/local/cassonic/src/server/service/icecast/source.go:82.3,82.36 1 0
github.com/local/cassonic/src/server/service/icecast/source.go:82.36,83.9 1 0
github.com/local/cassonic/src/server/service/icecast/source.go:87.2,92.8 1 0
github.com/local/cassonic/src/server/service/icecast/source.go:96.49,100.2 3 0
github.com/local/cassonic/src/server/service/icecast/source.go:104.58,105.17 1 0
github.com/local/cassonic/src/server/service/icecast/source.go:105.17,108.29 3 0
github.com/local/cassonic/src/server/service/icecast/source.go:108.29,110.4 1 0
github.com/local/cassonic/src/server/service/icecast/source.go:112.3,115.18 4 0
github.com/local/cassonic/src/server/service/icecast/source.go:115.18,117.4 1 0
github.com/local/cassonic/src/server/service/icecast/source.go:118.3,120.40 2 0
github.com/local/cassonic/src/server/service/icecast/source.go:120.40,126.50 5 0
github.com/local/cassonic/src/server/service/icecast/source.go:126.50,128.5 1 0
github.com/local/cassonic/src/server/service/icecast/source.go:131.2,131.15 1 0
github.com/local/cassonic/src/server/service/icecast/source.go:135.37,137.2 1 0
github.com/local/cassonic/src/server/service/icecast/source.go:141.46,149.2 7 0
github.com/local/cassonic/src/server/service/icecast/source.go:152.61,153.16 1 0
github.com/local/cassonic/src/server/service/icecast/source.go:154.23,155.27 1 0
github.com/local/cassonic/src/server/service/icecast/source.go:156.23,157.21 1 0
github.com/local/cassonic/src/server/service/icecast/source.go:158.24,159.34 1 0
github.com/local/cassonic/src/server/service/icecast/source.go:160.10,161.22 1 0
github.com/local/cassonic/src/server/service/icecast/source.go:168.54,169.35 1 0
github.com/local/cassonic/src/server/service/icecast/source.go:169.35,171.3 1 0
github.com/local/cassonic/src/server/service/icecast/source.go:172.2,173.11 2 0
github.com/local/cassonic/src/server/service/install/install.go:38.24,39.31 1 0
github.com/local/cassonic/src/server/service/install/install.go:39.31,41.3 1 0
github.com/local/cassonic/src/server/service/install/install.go:42.2,42.30 1 0
github.com/local/cassonic/src/server/service/install/install.go:42.30,44.3 1 0
github.com/local/cassonic/src/server/service/install/install.go:45.2,45.59 1 0
github.com/local/cassonic/src/server/service/install/install.go:45.59,47.3 1 0
github.com/local/cassonic/src/server/service/install/install.go:48.2,48.55 1 0
github.com/local/cassonic/src/server/service/install/install.go:48.55,50.3 1 0
github.com/local/cassonic/src/server/service/install/install.go:51.2,51.24 1 0
github.com/local/cassonic/src/server/service/install/install.go:56.32,57.18 1 0
github.com/local/cassonic/src/server/service/install/install.go:58.23,59.29 1 0
github.com/local/cassonic/src/server/service/install/install.go:60.22,61.28 1 0
github.com/local/cassonic/src/server/service/install/install.go:62.23,63.29 1 0
github.com/local/cassonic/src/server/service/install/install.go:64.23,65.29 1 0
github.com/local/cassonic/src/server/service/install/install.go:66.10,67.53 1 0
github.com/local/cassonic/src/server/service/install/install.go:72.24,73.18 1 0
github.com/local/cassonic/src/server/service/install/install.go:74.23,75.28 1 0
github.com/local/cassonic/src/server/service/install/install.go:76.22,77.27 1 0
github.com/local/cassonic/src/server/service/install/install.go:78.23,79.28 1 0
github.com/local/cassonic/src/server/service/install/install.go:80.23,81.28 1 0
github.com/local/cassonic/src/server/service/install/install.go:82.10,83.53 1 0
github.com/local/cassonic/src/server/service/install/install.go:88.31,89.18 1 0
github.com/local/cassonic/src/server/service/install/install.go:90.23,91.54 1 0
github.com/local/cassonic/src/server/service/install/install.go:92.22,93.44 1 0
github.com/local/cassonic/src/server/service/install/install.go:94.23,95.56 1 0
github.com/local/cassonic/src/server/service/install/install.go:96.23,97.46 1 0
github.com/local/cassonic/src/server/service/install/install.go:98.10,99.57 1 0
github.com/local/cassonic/src/server/service/install/install.go:163.39,165.16 2 0
github.com/local/cassonic/src/server/service/install/install.go:165.16,167.3 1 0
github.com/local/cassonic/src/server/service/install/install.go:169.2,170.61 2 0
github.com/local/cassonic/src/server/service/install/install.go:170.61,172.3 1 0
github.com/local/cassonic/src/server/service/install/install.go:174.2,174.61 1 0
github.com/local/cassonic/src/server/service/install/install.go:174.61,176.3 1 0
github.com/local/cassonic/src/server/service/install/install.go:177.2,177.66 1 0
github.com/local/cassonic/src/server/service/install/install.go:177.66,179.3 1 0
github.com/local/cassonic/src/server/service/install/install.go:180.2,180.12 1 0
github.com/local/cassonic/src/server/service/install/install.go:183.31,186.97 3 0
github.com/local/cassonic/src/server/service/install/install.go:186.97,188.3 1 0
github.com/local/cassonic/src/server/service/install/install.go:189.2,190.12 2 0
github.com/local/cassonic/src/server/service/install/install.go:193.38,195.16 2 0
github.com/local/cassonic/src/server/service/install/install.go:195.16,197.3 1 0
github.com/local/cassonic/src/server/service/install/install.go:199.2,200.61 2 0
github.com/local/cassonic/src/server/service/install/install.go:200.61,202.3 1 0
github.com/local/cassonic/src/server/service/install/install.go:204.2,204.74 1 0
github.com/local/cassonic/src/server/service/install/install.go:204.74,206.3 1 0
github.com/local/cassonic/src/server/service/install/install.go:207.2,207.12 1 0
github.com/local/cassonic/src/server/service/install/install.go:210.30,213.81 3 0
github.com/local/cassonic/src/server/service/install/install.go:213.81,215.3 1 0
github.com/local/cassonic/src/server/service/install/install.go:216.2,216.12 1 0
github.com/local/cassonic/src/server/service/install/install.go:219.39,221.16 2 0
github.com/local/cassonic/src/server/service/install/install.go:221.16,223.3 1 0
github.com/local/cassonic/src/server/service/install/install.go:225.2,226.67 2 0
github.com/local/cassonic/src/server/service/install/install.go:226.67,228.3 1 0
github.com/local/cassonic/src/server/service/install/install.go:229.2,229.62 1 0
github.com/local/cassonic/src/server/service/install/install.go:229.62,231.3 1 0
github.com/local/cassonic/src/server/service/install/install.go:233.2,233.63 1 0
github.com/local/cassonic/src/server/service/install/install.go:233.63,235.3 1 0
github.com/local/cassonic/src/server/service/install/install.go:236.2,236.12 1 0
github.com/local/cassonic/src/server/service/install/install.go:239.31,242.68 3 0
github.com/local/cassonic/src/server/service/install/install.go:242.68,244.3 1 0
github.com/local/cassonic/src/server/service/install/install.go:245.2,245.12 1 0
github.com/local/cassonic/src/server/service/install/install.go:248.39,256.2 2 0
github.com/local/cassonic/src/server/service/install/install.go:258.31,261.2 2 0
github.com/local/cassonic/src/server/service/install/install.go:265.32,266.22 1 0
github.com/local/cassonic/src/server/service/install/install.go:266.22,268.3 1 0
github.com/local/cassonic/src/server/service/install/install.go:269.2,270.16 2 0
github.com/local/cassonic/src/server/service/install/install.go:270.16,272.3 1 0
github.com/local/cassonic/src/server/service/install/install.go:273.2,273.76 1 0
github.com/local/cassonic/src/server/service/install/install.go:277.72,279.16 2 0
github.com/local/cassonic/src/server/service/install/install.go:279.16,281.3 1 0
github.com/local/cassonic/src/server/service/install/install.go:282.2,283.48 2 0
github.com/local/cassonic/src/server/service/install/install.go:283.48,285.3 1 0
github.com/local/cassonic/src/server/service/install/install.go:286.2,286.34 1 0
github.com/local/cassonic/src/server/service/install/install.go:290.68,291.62 1 0
github.com/local/cassonic/src/server/service/install/install.go:291.62,293.3 1 0
github.com/local/cassonic/src/server/service/install/install.go:294.2,295.54 2 0
github.com/local/cassonic/src/server/service/install/install.go:295.54,297.3 1 0
github.com/local/cassonic/src/server/service/install/install.go:298.2,298.45 1 0
github.com/local/cassonic/src/server/service/install/install.go:298.45,301.3 2 0
github.com/local/cassonic/src/server/service/install/install.go:302.2,302.12 1 0
github.com/local/cassonic/src/server/service/install/install.go:306.48,308.50 2 0
github.com/local/cassonic/src/server/service/install/install.go:308.50,310.3 1 0
github.com/local/cassonic/src/server/service/install/install.go:311.2,311.12 1 0
github.com/local/cassonic/src/server/service/install/install.go:315.61,319.2 3 0
github.com/local/cassonic/src/server/service/tor/tor.go:29.55,34.2 1 0
github.com/local/cassonic/src/server/service/tor/tor.go:40.77,44.16 3 0
github.com/local/cassonic/src/server/service/tor/tor.go:44.16,46.3 1 0
github.com/local/cassonic/src/server/service/tor/tor.go:48.2,50.52 2 0
github.com/local/cassonic/src/server/service/tor/tor.go:50.52,53.44 2 0
github.com/local/cassonic/src/server/service/tor/tor.go:53.44,56.4 2 0
github.com/local/cassonic/src/server/service/tor/tor.go:56.9,58.4 1 0
github.com/local/cassonic/src/server/service/tor/tor.go:61.2,65.16 3 0
github.com/local/cassonic/src/server/service/tor/tor.go:65.16,67.3 1 0
github.com/local/cassonic/src/server/service/tor/tor.go:69.2,74.20 2 0
github.com/local/cassonic/src/server/service/tor/tor.go:74.20,76.3 1 0
github.com/local/cassonic/src/server/service/tor/tor.go:78.2,80.16 3 0
github.com/local/cassonic/src/server/service/tor/tor.go:80.16,83.3 2 0
github.com/local/cassonic/src/server/service/tor/tor.go:86.2,86.40 1 0
github.com/local/cassonic/src/server/service/tor/tor.go:86.40,87.48 1 0
github.com/local/cassonic/src/server/service/tor/tor.go:87.48,88.53 1 0
github.com/local/cassonic/src/server/service/tor/tor.go:88.53,90.5 1 0
github.com/local/cassonic/src/server/service/tor/tor.go:94.2,99.20 5 0
github.com/local/cassonic/src/server/service/tor/tor.go:103.32,107.16 3 0
github.com/local/cassonic/src/server/service/tor/tor.go:107.16,109.3 1 0
github.com/local/cassonic/src/server/service/tor/tor.go:111.2,112.20 2 0
github.com/local/cassonic/src/server/service/tor/tor.go:112.20,113.41 1 0
github.com/local/cassonic/src/server/service/tor/tor.go:113.41,115.4 1 0
github.com/local/cassonic/src/server/service/tor/tor.go:116.3,116.16 1 0
github.com/local/cassonic/src/server/service/tor/tor.go:118.2,118.55 1 0
github.com/local/cassonic/src/server/service/tor/tor.go:118.55,120.3 1 0
github.com/local/cassonic/src/server/service/tor/tor.go:121.2,123.17 3 0
github.com/local/cassonic/src/server/service/tor/tor.go:127.33,131.2 3 0
github.com/local/cassonic/src/server/service/tor/tor.go:134.58,135.67 1 0
github.com/local/cassonic/src/server/service/tor/tor.go:135.67,137.3 1 0
github.com/local/cassonic/src/server/service/tor/tor.go:138.2,139.55 2 0
github.com/local/cassonic/src/server/store/activity_store.go:17.108,22.2 3 1
github.com/local/cassonic/src/server/store/activity_store.go:24.110,29.2 2 1
github.com/local/cassonic/src/server/store/activity_store.go:31.100,36.16 4 1
github.com/local/cassonic/src/server/store/activity_store.go:36.16,38.3 1 0
github.com/local/cassonic/src/server/store/activity_store.go:40.2,41.16 2 1
github.com/local/cassonic/src/server/store/activity_store.go:41.16,43.3 1 0
github.com/local/cassonic/src/server/store/activity_store.go:45.2,46.16 2 1
github.com/local/cassonic/src/server/store/activity_store.go:46.16,48.3 1 0
github.com/local/cassonic/src/server/store/activity_store.go:50.2,50.20 1 1
github.com/local/cassonic/src/server/store/activity_store.go:53.102,60.16 3 1
github.com/local/cassonic/src/server/store/activity_store.go:60.16,62.3 1 0
github.com/local/cassonic/src/server/store/activity_store.go:63.2,64.27 2 1
github.com/local/cassonic/src/server/store/activity_store.go:67.104,74.16 3 1
github.com/local/cassonic/src/server/store/activity_store.go:74.16,76.3 1 0
github.com/local/cassonic/src/server/store/activity_store.go:77.2,80.18 3 1
github.com/local/cassonic/src/server/store/activity_store.go:80.18,82.17 2 1
github.com/local/cassonic/src/server/store/activity_store.go:82.17,84.4 1 0
github.com/local/cassonic/src/server/store/activity_store.go:85.3,85.29 1 1
github.com/local/cassonic/src/server/store/activity_store.go:87.2,87.27 1 1
github.com/local/cassonic/src/server/store/activity_store.go:90.106,97.16 3 1
github.com/local/cassonic/src/server/store/activity_store.go:97.16,99.3 1 0
github.com/local/cassonic/src/server/store/activity_store.go:100.2,103.18 3 1
github.com/local/cassonic/src/server/store/activity_store.go:103.18,105.17 2 1
github.com/local/cassonic/src/server/store/activity_store.go:105.17,107.4 1 0
github.com/local/cassonic/src/server/store/activity_store.go:108.3,108.31 1 1
github.com/local/cassonic/src/server/store/activity_store.go:110.2,110.28 1 1
github.com/local/cassonic/src/server/store/activity_store.go:113.121,118.16 3 1
github.com/local/cassonic/src/server/store/activity_store.go:118.16,120.3 1 0
github.com/local/cassonic/src/server/store/activity_store.go:121.2,121.23 1 1
github.com/local/cassonic/src/server/store/activity_store.go:124.125,132.2 3 1
github.com/local/cassonic/src/server/store/activity_store.go:134.120,139.26 3 1
github.com/local/cassonic/src/server/store/activity_store.go:139.26,141.3 1 1
github.com/local/cassonic/src/server/store/activity_store.go:142.2,142.20 1 1
github.com/local/cassonic/src/server/store/activity_store.go:145.91,149.25 3 1
github.com/local/cassonic/src/server/store/activity_store.go:149.25,151.3 1 1
github.com/local/cassonic/src/server/store/activity_store.go:151.8,153.3 1 1
github.com/local/cassonic/src/server/store/activity_store.go:154.2,156.12 2 1
github.com/local/cassonic/src/server/store/activity_store.go:159.122,163.16 3 1
github.com/local/cassonic/src/server/store/activity_store.go:163.16,165.3 1 0
github.com/local/cassonic/src/server/store/activity_store.go:166.2,169.18 3 1
github.com/local/cassonic/src/server/store/activity_store.go:169.18,175.17 3 1
github.com/local/cassonic/src/server/store/activity_store.go:175.17,177.4 1 0
github.com/local/cassonic/src/server/store/activity_store.go:178.3,179.31 2 1
github.com/local/cassonic/src/server/store/activity_store.go:181.2,181.28 1 1
github.com/local/cassonic/src/server/store/activity_store.go:184.89,189.2 3 1
github.com/local/cassonic/src/server/store/activity_store.go:191.106,195.16 3 1
github.com/local/cassonic/src/server/store/activity_store.go:195.16,197.3 1 0
github.com/local/cassonic/src/server/store/activity_store.go:198.2,201.18 3 1
github.com/local/cassonic/src/server/store/activity_store.go:201.18,207.17 3 1
github.com/local/cassonic/src/server/store/activity_store.go:207.17,209.4 1 0
github.com/local/cassonic/src/server/store/activity_store.go:210.3,211.36 2 1
github.com/local/cassonic/src/server/store/activity_store.go:213.2,213.30 1 1
github.com/local/cassonic/src/server/store/activity_store.go:216.118,221.2 2 1
github.com/local/cassonic/src/server/store/activity_store.go:223.126,225.16 2 1
github.com/local/cassonic/src/server/store/activity_store.go:225.16,227.3 1 0
github.com/local/cassonic/src/server/store/activity_store.go:228.2,237.105 3 1
github.com/local/cassonic/src/server/store/activity_store.go:237.105,239.3 1 0
github.com/local/cassonic/src/server/store/activity_store.go:244.2,247.16 3 1
github.com/local/cassonic/src/server/store/activity_store.go:247.16,249.3 1 0
github.com/local/cassonic/src/server/store/activity_store.go:251.2,252.82 1 1
github.com/local/cassonic/src/server/store/activity_store.go:252.82,254.3 1 0
github.com/local/cassonic/src/server/store/activity_store.go:256.2,256.32 1 1
github.com/local/cassonic/src/server/store/activity_store.go:256.32,260.17 1 1
github.com/local/cassonic/src/server/store/activity_store.go:260.17,262.4 1 0
github.com/local/cassonic/src/server/store/activity_store.go:265.2,265.20 1 1
github.com/local/cassonic/src/server/store/activity_store.go:268.130,276.26 6 1
github.com/local/cassonic/src/server/store/activity_store.go:276.26,278.3 1 1
github.com/local/cassonic/src/server/store/activity_store.go:279.2,279.16 1 1
github.com/local/cassonic/src/server/store/activity_store.go:279.16,281.3 1 0
github.com/local/cassonic/src/server/store/activity_store.go:282.2,287.16 4 1
github.com/local/cassonic/src/server/store/activity_store.go:287.16,289.3 1 0
github.com/local/cassonic/src/server/store/activity_store.go:290.2,293.18 3 1
github.com/local/cassonic/src/server/store/activity_store.go:293.18,295.82 2 1
github.com/local/cassonic/src/server/store/activity_store.go:295.82,297.4 1 0
github.com/local/cassonic/src/server/store/activity_store.go:298.3,298.31 1 1
github.com/local/cassonic/src/server/store/activity_store.go:300.2,300.35 1 1
github.com/local/cassonic/src/server/store/activity_store.go:300.35,302.3 1 0
github.com/local/cassonic/src/server/store/activity_store.go:304.2,304.25 1 1
github.com/local/cassonic/src/server/store/icecast_store.go:20.34,35.16 4 1
github.com/local/cassonic/src/server/store/icecast_store.go:35.16,37.3 1 1
github.com/local/cassonic/src/server/store/icecast_store.go:38.2,40.16 3 1
github.com/local/cassonic/src/server/store/icecast_store.go:46.105,51.16 3 1
github.com/local/cassonic/src/server/store/icecast_store.go:51.16,53.3 1 0
github.com/local/cassonic/src/server/store/icecast_store.go:54.2,54.27 1 1
github.com/local/cassonic/src/server/store/icecast_store.go:57.101,61.26 4 1
github.com/local/cassonic/src/server/store/icecast_store.go:61.26,63.3 1 1
github.com/local/cassonic/src/server/store/icecast_store.go:64.2,64.17 1 1
github.com/local/cassonic/src/server/store/icecast_store.go:67.95,70.16 3 1
github.com/local/cassonic/src/server/store/icecast_store.go:70.16,72.3 1 0
github.com/local/cassonic/src/server/store/icecast_store.go:73.2,76.18 3 1
github.com/local/cassonic/src/server/store/icecast_store.go:76.18,78.17 2 1
github.com/local/cassonic/src/server/store/icecast_store.go:78.17,80.4 1 0
github.com/local/cassonic/src/server/store/icecast_store.go:81.3,81.33 1 1
github.com/local/cassonic/src/server/store/icecast_store.go:83.2,83.28 1 1
github.com/local/cassonic/src/server/store/icecast_store.go:86.96,95.2 3 1
github.com/local/cassonic/src/server/store/icecast_store.go:97.80,100.2 2 1
github.com/local/cassonic/src/server/store/icecast_store.go:105.33,127.16 4 1
github.com/local/cassonic/src/server/store/icecast_store.go:127.16,129.3 1 1
github.com/local/cassonic/src/server/store/icecast_store.go:130.2,132.16 3 1
github.com/local/cassonic/src/server/store/icecast_store.go:139.101,146.16 3 1
github.com/local/cassonic/src/server/store/icecast_store.go:146.16,148.3 1 0
github.com/local/cassonic/src/server/store/icecast_store.go:149.2,149.27 1 1
github.com/local/cassonic/src/server/store/icecast_store.go:152.99,156.26 4 1
github.com/local/cassonic/src/server/store/icecast_store.go:156.26,158.3 1 1
github.com/local/cassonic/src/server/store/icecast_store.go:159.2,159.15 1 1
github.com/local/cassonic/src/server/store/icecast_store.go:162.93,165.16 3 1
github.com/local/cassonic/src/server/store/icecast_store.go:165.16,167.3 1 0
github.com/local/cassonic/src/server/store/icecast_store.go:168.2,170.28 2 1
github.com/local/cassonic/src/server/store/icecast_store.go:173.117,176.16 3 1
github.com/local/cassonic/src/server/store/icecast_store.go:176.16,178.3 1 0
github.com/local/cassonic/src/server/store/icecast_store.go:179.2,181.28 2 1
github.com/local/cassonic/src/server/store/icecast_store.go:184.92,193.2 3 0
github.com/local/cassonic/src/server/store/icecast_store.go:195.140,201.2 3 1
github.com/local/cassonic/src/server/store/icecast_store.go:203.79,206.2 2 1
github.com/local/cassonic/src/server/store/icecast_store.go:209.67,211.18 2 1
github.com/local/cassonic/src/server/store/icecast_store.go:211.18,213.17 2 1
github.com/local/cassonic/src/server/store/icecast_store.go:213.17,215.4 1 0
github.com/local/cassonic/src/server/store/icecast_store.go:216.3,216.29 1 1
github.com/local/cassonic/src/server/store/icecast_store.go:218.2,218.27 1 1
github.com/local/cassonic/src/server/store/music_store.go:22.28,35.16 4 1
github.com/local/cassonic/src/server/store/music_store.go:35.16,37.3 1 1
github.com/local/cassonic/src/server/store/music_store.go:38.2,41.18 4 1
github.com/local/cassonic/src/server/store/music_store.go:44.98,54.16 3 1
github.com/local/cassonic/src/server/store/music_store.go:54.16,56.3 1 0
github.com/local/cassonic/src/server/store/music_store.go:57.2,57.27 1 1
github.com/local/cassonic/src/server/store/music_store.go:60.94,65.26 4 1
github.com/local/cassonic/src/server/store/music_store.go:65.26,67.3 1 1
github.com/local/cassonic/src/server/store/music_store.go:68.2,68.17 1 1
github.com/local/cassonic/src/server/store/music_store.go:71.89,75.16 3 1
github.com/local/cassonic/src/server/store/music_store.go:75.16,77.3 1 0
github.com/local/cassonic/src/server/store/music_store.go:78.2,81.18 3 1
github.com/local/cassonic/src/server/store/music_store.go:81.18,83.17 2 1
github.com/local/cassonic/src/server/store/music_store.go:83.17,85.4 1 0
github.com/local/cassonic/src/server/store/music_store.go:86.3,86.27 1 1
github.com/local/cassonic/src/server/store/music_store.go:88.2,88.25 1 1
github.com/local/cassonic/src/server/store/music_store.go:91.89,103.2 3 1
github.com/local/cassonic/src/server/store/music_store.go:105.79,108.2 2 1
github.com/local/cassonic/src/server/store/music_store.go:113.27,129.16 4 1
github.com/local/cassonic/src/server/store/music_store.go:129.16,131.3 1 1
github.com/local/cassonic/src/server/store/music_store.go:132.2,134.16 3 1
github.com/local/cassonic/src/server/store/music_store.go:137.94,159.16 3 1
github.com/local/cassonic/src/server/store/music_store.go:159.16,161.3 1 0
github.com/local/cassonic/src/server/store/music_store.go:162.2,163.16 2 1
github.com/local/cassonic/src/server/store/music_store.go:163.16,165.3 1 0
github.com/local/cassonic/src/server/store/music_store.go:167.2,167.13 1 1
github.com/local/cassonic/src/server/store/music_store.go:167.13,170.3 2 0
github.com/local/cassonic/src/server/store/music_store.go:171.2,171.16 1 1
github.com/local/cassonic/src/server/store/music_store.go:174.92,179.26 4 1
github.com/local/cassonic/src/server/store/music_store.go:179.26,181.3 1 1
github.com/local/cassonic/src/server/store/music_store.go:182.2,182.15 1 1
github.com/local/cassonic/src/server/store/music_store.go:185.101,190.26 4 1
github.com/local/cassonic/src/server/store/music_store.go:190.26,192.3 1 1
github.com/local/cassonic/src/server/store/music_store.go:193.2,193.15 1 1
github.com/local/cassonic/src/server/store/music_store.go:200.101,202.15 2 1
github.com/local/cassonic/src/server/store/music_store.go:202.15,204.3 1 0
github.com/local/cassonic/src/server/store/music_store.go:205.2,206.23 2 1
github.com/local/cassonic/src/server/store/music_store.go:206.23,208.3 1 0
github.com/local/cassonic/src/server/store/music_store.go:209.2,212.16 3 1
github.com/local/cassonic/src/server/store/music_store.go:212.16,214.3 1 1
github.com/local/cassonic/src/server/store/music_store.go:215.2,216.16 2 1
github.com/local/cassonic/src/server/store/music_store.go:216.16,218.3 1 0
github.com/local/cassonic/src/server/store/music_store.go:219.2,222.18 3 1
github.com/local/cassonic/src/server/store/music_store.go:222.18,224.17 2 1
github.com/local/cassonic/src/server/store/music_store.go:224.17,226.4 1 0
github.com/local/cassonic/src/server/store/music_store.go:227.3,227.31 1 1
github.com/local/cassonic/src/server/store/music_store.go:229.2,229.28 1 1
github.com/local/cassonic/src/server/store/music_store.go:232.117,234.16 2 1
github.com/local/cassonic/src/server/store/music_store.go:234.16,236.3 1 1
github.com/local/cassonic/src/server/store/music_store.go:237.2,240.16 3 1
github.com/local/cassonic/src/server/store/music_store.go:240.16,242.3 1 0
github.com/local/cassonic/src/server/store/music_store.go:243.2,246.18 3 1
github.com/local/cassonic/src/server/store/music_store.go:246.18,248.17 2 1
github.com/local/cassonic/src/server/store/music_store.go:248.17,250.4 1 0
github.com/local/cassonic/src/server/store/music_store.go:251.3,251.31 1 1
github.com/local/cassonic/src/server/store/music_store.go:253.2,253.28 1 1
github.com/local/cassonic/src/server/store/music_store.go:256.80,260.2 2 1
github.com/local/cassonic/src/server/store/music_store.go:265.26,284.16 4 1
github.com/local/cassonic/src/server/store/music_store.go:284.16,286.3 1 1
github.com/local/cassonic/src/server/store/music_store.go:287.2,289.16 3 1
github.com/local/cassonic/src/server/store/music_store.go:296.92,324.16 3 1
github.com/local/cassonic/src/server/store/music_store.go:324.16,326.3 1 0
github.com/local/cassonic/src/server/store/music_store.go:327.2,328.16 2 1
github.com/local/cassonic/src/server/store/music_store.go:328.16,330.3 1 0
github.com/local/cassonic/src/server/store/music_store.go:331.2,331.13 1 1
github.com/local/cassonic/src/server/store/music_store.go:331.13,335.3 2 0
github.com/local/cassonic/src/server/store/music_store.go:336.2,336.16 1 1
github.com/local/cassonic/src/server/store/music_store.go:339.90,343.26 4 1
github.com/local/cassonic/src/server/store/music_store.go:343.26,345.3 1 1
github.com/local/cassonic/src/server/store/music_store.go:346.2,346.15 1 1
github.com/local/cassonic/src/server/store/music_store.go:349.99,351.15 2 1
github.com/local/cassonic/src/server/store/music_store.go:351.15,353.3 1 0
github.com/local/cassonic/src/server/store/music_store.go:354.2,355.23 2 1
github.com/local/cassonic/src/server/store/music_store.go:355.23,357.3 1 0
github.com/local/cassonic/src/server/store/music_store.go:358.2,359.16 2 1
github.com/local/cassonic/src/server/store/music_store.go:359.16,361.3 1 1
github.com/local/cassonic/src/server/store/music_store.go:362.2,365.16 3 1
github.com/local/cassonic/src/server/store/music_store.go:365.16,367.3 1 0
github.com/local/cassonic/src/server/store/music_store.go:368.2,371.18 3 1
github.com/local/cassonic/src/server/store/music_store.go:371.18,373.17 2 1
github.com/local/cassonic/src/server/store/music_store.go:373.17,375.4 1 0
github.com/local/cassonic/src/server/store/music_store.go:376.3,376.29 1 1
github.com/local/cassonic/src/server/store/music_store.go:378.2,378.27 1 1
github.com/local/cassonic/src/server/store/music_store.go:381.108,384.16 3 1
github.com/local/cassonic/src/server/store/music_store.go:384.16,386.3 1 0
github.com/local/cassonic/src/server/store/music_store.go:387.2,390.18 3 1
github.com/local/cassonic/src/server/store/music_store.go:390.18,392.17 2 1
github.com/local/cassonic/src/server/store/music_store.go:392.17,394.4 1 0
github.com/local/cassonic/src/server/store/music_store.go:395.3,395.29 1 1
github.com/local/cassonic/src/server/store/music_store.go:397.2,397.27 1 1
github.com/local/cassonic/src/server/store/music_store.go:400.100,403.16 3 1
github.com/local/cassonic/src/server/store/music_store.go:403.16,405.3 1 0
github.com/local/cassonic/src/server/store/music_store.go:406.2,409.18 3 1
github.com/local/cassonic/src/server/store/music_store.go:409.18,411.17 2 0
github.com/local/cassonic/src/server/store/music_store.go:411.17,413.4 1 0
github.com/local/cassonic/src/server/store/music_store.go:414.3,414.29 1 0
github.com/local/cassonic/src/server/store/music_store.go:416.2,416.27 1 1
github.com/local/cassonic/src/server/store/music_store.go:419.100,422.16 3 1
github.com/local/cassonic/src/server/store/music_store.go:422.16,424.3 1 0
github.com/local/cassonic/src/server/store/music_store.go:425.2,428.18 3 1
github.com/local/cassonic/src/server/store/music_store.go:428.18,430.17 2 0
github.com/local/cassonic/src/server/store/music_store.go:430.17,432.4 1 0
github.com/local/cassonic/src/server/store/music_store.go:433.3,433.29 1 0
github.com/local/cassonic/src/server/store/music_store.go:435.2,435.27 1 1
github.com/local/cassonic/src/server/store/music_store.go:438.115,440.16 2 1
github.com/local/cassonic/src/server/store/music_store.go:440.16,442.3 1 1
github.com/local/cassonic/src/server/store/music_store.go:443.2,446.16 3 1
github.com/local/cassonic/src/server/store/music_store.go:446.16,448.3 1 0
github.com/local/cassonic/src/server/store/music_store.go:449.2,452.18 3 1
github.com/local/cassonic/src/server/store/music_store.go:452.18,454.17 2 1
github.com/local/cassonic/src/server/store/music_store.go:454.17,456.4 1 0
github.com/local/cassonic/src/server/store/music_store.go:457.3,457.29 1 1
github.com/local/cassonic/src/server/store/music_store.go:459.2,459.27 1 1
github.com/local/cassonic/src/server/store/music_store.go:462.79,466.2 2 1
github.com/local/cassonic/src/server/store/music_store.go:471.25,516.16 4 1
github.com/local/cassonic/src/server/store/music_store.go:516.16,518.3 1 1
github.com/local/cassonic/src/server/store/music_store.go:519.2,522.16 4 1
github.com/local/cassonic/src/server/store/music_store.go:533.93,593.16 3 1
github.com/local/cassonic/src/server/store/music_store.go:593.16,595.3 1 0
github.com/local/cassonic/src/server/store/music_store.go:596.2,597.16 2 1
github.com/local/cassonic/src/server/store/music_store.go:597.16,599.3 1 0
github.com/local/cassonic/src/server/store/music_store.go:600.2,600.13 1 1
github.com/local/cassonic/src/server/store/music_store.go:600.13,603.3 2 0
github.com/local/cassonic/src/server/store/music_store.go:604.2,604.16 1 1
github.com/local/cassonic/src/server/store/music_store.go:607.88,611.26 4 1
github.com/local/cassonic/src/server/store/music_store.go:611.26,613.3 1 1
github.com/local/cassonic/src/server/store/music_store.go:614.2,614.18 1 1
github.com/local/cassonic/src/server/store/music_store.go:617.97,621.26 4 1
github.com/local/cassonic/src/server/store/music_store.go:621.26,623.3 1 1
github.com/local/cassonic/src/server/store/music_store.go:624.2,624.18 1 1
github.com/local/cassonic/src/server/store/music_store.go:627.104,631.16 3 1
github.com/local/cassonic/src/server/store/music_store.go:631.16,633.3 1 0
github.com/local/cassonic/src/server/store/music_store.go:634.2,636.27 2 1
github.com/local/cassonic/src/server/store/music_store.go:639.106,643.16 3 0
github.com/local/cassonic/src/server/store/music_store.go:643.16,645.3 1 0
github.com/local/cassonic/src/server/store/music_store.go:646.2,648.27 2 0
github.com/local/cassonic/src/server/store/music_store.go:651.118,653.16 2 0
github.com/local/cassonic/src/server/store/music_store.go:653.16,655.3 1 0
github.com/local/cassonic/src/server/store/music_store.go:656.2,659.16 3 0
github.com/local/cassonic/src/server/store/music_store.go:659.16,661.3 1 0
github.com/local/cassonic/src/server/store/music_store.go:662.2,664.27 2 0
github.com/local/cassonic/src/server/store/music_store.go:667.130,672.17 4 1
github.com/local/cassonic/src/server/store/music_store.go:672.17,675.3 2 0
github.com/local/cassonic/src/server/store/music_store.go:676.2,676.20 1 1
github.com/local/cassonic/src/server/store/music_store.go:676.20,679.3 2 0
github.com/local/cassonic/src/server/store/music_store.go:680.2,680.18 1 1
github.com/local/cassonic/src/server/store/music_store.go:680.18,683.3 2 0
github.com/local/cassonic/src/server/store/music_store.go:685.2,690.16 5 1
github.com/local/cassonic/src/server/store/music_store.go:690.16,692.3 1 0
github.com/local/cassonic/src/server/store/music_store.go:693.2,695.27 2 1
github.com/local/cassonic/src/server/store/music_store.go:698.113,700.16 2 1
github.com/local/cassonic/src/server/store/music_store.go:700.16,702.3 1 1
github.com/local/cassonic/src/server/store/music_store.go:703.2,708.16 4 1
github.com/local/cassonic/src/server/store/music_store.go:708.16,710.3 1 0
github.com/local/cassonic/src/server/store/music_store.go:711.2,713.27 2 1
github.com/local/cassonic/src/server/store/music_store.go:716.81,720.2 2 1
github.com/local/cassonic/src/server/store/music_store.go:722.74,725.2 2 1
github.com/local/cassonic/src/server/store/music_store.go:727.84,732.2 2 1
github.com/local/cassonic/src/server/store/music_store.go:734.84,743.16 3 1
github.com/local/cassonic/src/server/store/music_store.go:743.16,745.3 1 0
github.com/local/cassonic/src/server/store/music_store.go:746.2,749.18 3 1
github.com/local/cassonic/src/server/store/music_store.go:749.18,751.73 2 1
github.com/local/cassonic/src/server/store/music_store.go:751.73,753.4 1 0
github.com/local/cassonic/src/server/store/music_store.go:754.3,754.29 1 1
github.com/local/cassonic/src/server/store/music_store.go:756.2,756.27 1 1
github.com/local/cassonic/src/server/store/music_store.go:759.99,770.16 3 1
github.com/local/cassonic/src/server/store/music_store.go:770.16,772.3 1 0
github.com/local/cassonic/src/server/store/music_store.go:773.2,774.16 2 1
github.com/local/cassonic/src/server/store/music_store.go:774.16,776.3 1 0
github.com/local/cassonic/src/server/store/music_store.go:777.2,777.13 1 1
github.com/local/cassonic/src/server/store/music_store.go:777.13,781.3 2 0
github.com/local/cassonic/src/server/store/music_store.go:782.2,782.16 1 1
github.com/local/cassonic/src/server/store/music_store.go:785.96,796.26 6 1
github.com/local/cassonic/src/server/store/music_store.go:796.26,798.3 1 0
github.com/local/cassonic/src/server/store/music_store.go:799.2,799.16 1 1
github.com/local/cassonic/src/server/store/music_store.go:799.16,801.3 1 0
github.com/local/cassonic/src/server/store/music_store.go:802.2,803.17 2 1
github.com/local/cassonic/src/server/store/music_store.go:806.103,811.29 3 1
github.com/local/cassonic/src/server/store/music_store.go:811.29,813.3 1 0
github.com/local/cassonic/src/server/store/music_store.go:814.2,825.16 2 1
github.com/local/cassonic/src/server/store/music_store.go:825.16,827.3 1 0
github.com/local/cassonic/src/server/store/music_store.go:828.2,828.27 1 1
github.com/local/cassonic/src/server/store/music_store.go:831.94,837.29 3 1
github.com/local/cassonic/src/server/store/music_store.go:837.29,839.3 1 0
github.com/local/cassonic/src/server/store/music_store.go:840.2,851.12 2 1
github.com/local/cassonic/src/server/store/music_store.go:854.94,860.2 3 1
github.com/local/cassonic/src/server/store/music_store.go:865.31,881.26 5 1
github.com/local/cassonic/src/server/store/music_store.go:881.26,883.3 1 1
github.com/local/cassonic/src/server/store/music_store.go:884.2,884.16 1 1
github.com/local/cassonic/src/server/store/music_store.go:884.16,886.3 1 0
github.com/local/cassonic/src/server/store/music_store.go:887.2,888.22 2 1
github.com/local/cassonic/src/server/store/music_store.go:888.22,890.3 1 0
github.com/local/cassonic/src/server/store/music_store.go:891.2,891.17 1 1
github.com/local/cassonic/src/server/store/music_store.go:895.58,897.18 2 1
github.com/local/cassonic/src/server/store/music_store.go:897.18,899.17 2 1
github.com/local/cassonic/src/server/store/music_store.go:899.17,901.4 1 0
github.com/local/cassonic/src/server/store/music_store.go:902.3,902.30 1 1
github.com/local/cassonic/src/server/store/music_store.go:904.2,904.26 1 1
github.com/local/cassonic/src/server/store/playlist_store.go:21.29,36.16 4 1
github.com/local/cassonic/src/server/store/playlist_store.go:36.16,38.3 1 1
github.com/local/cassonic/src/server/store/playlist_store.go:39.2,41.16 3 1
github.com/local/cassonic/src/server/store/playlist_store.go:47.101,52.16 3 1
github.com/local/cassonic/src/server/store/playlist_store.go:52.16,54.3 1 0
github.com/local/cassonic/src/server/store/playlist_store.go:55.2,55.27 1 1
github.com/local/cassonic/src/server/store/playlist_store.go:58.99,62.26 4 1
github.com/local/cassonic/src/server/store/playlist_store.go:62.26,64.3 1 1
github.com/local/cassonic/src/server/store/playlist_store.go:65.2,65.15 1 1
github.com/local/cassonic/src/server/store/playlist_store.go:68.107,74.16 3 1
github.com/local/cassonic/src/server/store/playlist_store.go:74.16,76.3 1 0
github.com/local/cassonic/src/server/store/playlist_store.go:77.2,80.18 3 1
github.com/local/cassonic/src/server/store/playlist_store.go:80.18,82.17 2 1
github.com/local/cassonic/src/server/store/playlist_store.go:82.17,84.4 1 0
github.com/local/cassonic/src/server/store/playlist_store.go:85.3,85.35 1 1
github.com/local/cassonic/src/server/store/playlist_store.go:87.2,87.30 1 1
github.com/local/cassonic/src/server/store/playlist_store.go:90.92,96.2 3 1
github.com/local/cassonic/src/server/store/playlist_store.go:98.83,100.16 2 1
github.com/local/cassonic/src/server/store/playlist_store.go:100.16,102.3 1 0
github.com/local/cassonic/src/server/store/playlist_store.go:103.2,106.73 2 1
github.com/local/cassonic/src/server/store/playlist_store.go:106.73,108.3 1 0
github.com/local/cassonic/src/server/store/playlist_store.go:109.2,110.57 1 1
github.com/local/cassonic/src/server/store/playlist_store.go:110.57,112.3 1 0
github.com/local/cassonic/src/server/store/playlist_store.go:114.2,114.20 1 1
github.com/local/cassonic/src/server/store/playlist_store.go:117.121,121.16 3 1
github.com/local/cassonic/src/server/store/playlist_store.go:121.16,123.3 1 0
github.com/local/cassonic/src/server/store/playlist_store.go:124.2,127.18 3 1
github.com/local/cassonic/src/server/store/playlist_store.go:127.18,129.81 2 1
github.com/local/cassonic/src/server/store/playlist_store.go:129.81,131.4 1 0
github.com/local/cassonic/src/server/store/playlist_store.go:132.3,132.31 1 1
github.com/local/cassonic/src/server/store/playlist_store.go:134.2,134.28 1 1
github.com/local/cassonic/src/server/store/playlist_store.go:137.112,139.16 2 1
github.com/local/cassonic/src/server/store/playlist_store.go:139.16,141.3 1 0
github.com/local/cassonic/src/server/store/playlist_store.go:142.2,145.81 2 1
github.com/local/cassonic/src/server/store/playlist_store.go:145.81,147.3 1 0
github.com/local/cassonic/src/server/store/playlist_store.go:149.2,149.33 1 1
github.com/local/cassonic/src/server/store/playlist_store.go:149.33,153.17 1 1
github.com/local/cassonic/src/server/store/playlist_store.go:153.17,155.4 1 0
github.com/local/cassonic/src/server/store/playlist_store.go:158.2,158.64 1 1
github.com/local/cassonic/src/server/store/playlist_store.go:158.64,160.3 1 0
github.com/local/cassonic/src/server/store/playlist_store.go:162.2,162.20 1 1
github.com/local/cassonic/src/server/store/playlist_store.go:165.107,167.16 2 1
github.com/local/cassonic/src/server/store/playlist_store.go:167.16,169.3 1 0
github.com/local/cassonic/src/server/store/playlist_store.go:170.2,176.16 4 1
github.com/local/cassonic/src/server/store/playlist_store.go:176.16,178.3 1 0
github.com/local/cassonic/src/server/store/playlist_store.go:180.2,180.33 1 1
github.com/local/cassonic/src/server/store/playlist_store.go:180.33,185.17 2 1
github.com/local/cassonic/src/server/store/playlist_store.go:185.17,187.4 1 0
github.com/local/cassonic/src/server/store/playlist_store.go:190.2,190.64 1 1
github.com/local/cassonic/src/server/store/playlist_store.go:190.64,192.3 1 0
github.com/local/cassonic/src/server/store/playlist_store.go:194.2,194.20 1 1
github.com/local/cassonic/src/server/store/playlist_store.go:197.110,199.16 2 1
github.com/local/cassonic/src/server/store/playlist_store.go:199.16,201.3 1 0
github.com/local/cassonic/src/server/store/playlist_store.go:202.2,209.29 5 1
github.com/local/cassonic/src/server/store/playlist_store.go:209.29,213.17 1 1
github.com/local/cassonic/src/server/store/playlist_store.go:213.17,215.4 1 0
github.com/local/cassonic/src/server/store/playlist_store.go:219.2,229.16 1 1
github.com/local/cassonic/src/server/store/playlist_store.go:229.16,231.3 1 0
github.com/local/cassonic/src/server/store/playlist_store.go:233.2,233.64 1 1
github.com/local/cassonic/src/server/store/playlist_store.go:233.64,235.3 1 0
github.com/local/cassonic/src/server/store/playlist_store.go:237.2,237.20 1 1
github.com/local/cassonic/src/server/store/playlist_store.go:241.82,254.2 3 1
github.com/local/cassonic/src/server/store/podcast_store.go:87.56,88.79 1 0
github.com/local/cassonic/src/server/store/podcast_store.go:88.79,90.3 1 0
github.com/local/cassonic/src/server/store/podcast_store.go:91.2,91.41 1 0
github.com/local/cassonic/src/server/store/podcast_store.go:96.35,117.16 4 0
github.com/local/cassonic/src/server/store/podcast_store.go:117.16,119.3 1 0
github.com/local/cassonic/src/server/store/podcast_store.go:120.2,120.51 1 0
github.com/local/cassonic/src/server/store/podcast_store.go:120.51,122.3 1 0
github.com/local/cassonic/src/server/store/podcast_store.go:123.2,123.21 1 0
github.com/local/cassonic/src/server/store/podcast_store.go:123.21,125.3 1 0
github.com/local/cassonic/src/server/store/podcast_store.go:126.2,126.21 1 0
github.com/local/cassonic/src/server/store/podcast_store.go:126.21,128.3 1 0
github.com/local/cassonic/src/server/store/podcast_store.go:129.2,129.17 1 0
github.com/local/cassonic/src/server/store/podcast_store.go:134.35,155.16 4 0
github.com/local/cassonic/src/server/store/podcast_store.go:155.16,157.3 1 0
github.com/local/cassonic/src/server/store/podcast_store.go:158.2,158.51 1 0
github.com/local/cassonic/src/server/store/podcast_store.go:158.51,160.3 1 0
github.com/local/cassonic/src/server/store/podcast_store.go:161.2,161.21 1 0
github.com/local/cassonic/src/server/store/podcast_store.go:161.21,163.3 1 0
github.com/local/cassonic/src/server/store/podcast_store.go:164.2,164.21 1 0
github.com/local/cassonic/src/server/store/podcast_store.go:164.21,166.3 1 0
github.com/local/cassonic/src/server/store/podcast_store.go:167.2,167.17 1 0
github.com/local/cassonic/src/server/store/podcast_store.go:176.106,184.16 3 0
github.com/local/cassonic/src/server/store/podcast_store.go:184.16,186.3 1 0
github.com/local/cassonic/src/server/store/podcast_store.go:187.2,187.27 1 0
github.com/local/cassonic/src/server/store/podcast_store.go:190.103,194.26 4 0
github.com/local/cassonic/src/server/store/podcast_store.go:194.26,196.3 1 0
github.com/local/cassonic/src/server/store/podcast_store.go:197.2,197.16 1 0
github.com/local/cassonic/src/server/store/podcast_store.go:197.16,199.3 1 0
github.com/local/cassonic/src/server/store/podcast_store.go:200.2,200.16 1 0
github.com/local/cassonic/src/server/store/podcast_store.go:203.97,206.16 3 0
github.com/local/cassonic/src/server/store/podcast_store.go:206.16,208.3 1 0
github.com/local/cassonic/src/server/store/podcast_store.go:209.2,212.18 3 0
github.com/local/cassonic/src/server/store/podcast_store.go:212.18,214.17 2 0
github.com/local/cassonic/src/server/store/podcast_store.go:214.17,216.4 1 0
github.com/local/cassonic/src/server/store/podcast_store.go:217.3,217.34 1 0
github.com/local/cassonic/src/server/store/podcast_store.go:219.2,219.29 1 0
github.com/local/cassonic/src/server/store/podcast_store.go:222.97,233.16 3 0
github.com/local/cassonic/src/server/store/podcast_store.go:233.16,235.3 1 0
github.com/local/cassonic/src/server/store/podcast_store.go:236.2,236.12 1 0
github.com/local/cassonic/src/server/store/podcast_store.go:239.81,241.16 2 0
github.com/local/cassonic/src/server/store/podcast_store.go:241.16,243.3 1 0
github.com/local/cassonic/src/server/store/podcast_store.go:244.2,244.12 1 0
github.com/local/cassonic/src/server/store/podcast_store.go:247.103,251.26 4 0
github.com/local/cassonic/src/server/store/podcast_store.go:251.26,253.3 1 0
github.com/local/cassonic/src/server/store/podcast_store.go:254.2,254.16 1 0
github.com/local/cassonic/src/server/store/podcast_store.go:254.16,256.3 1 0
github.com/local/cassonic/src/server/store/podcast_store.go:257.2,257.16 1 0
github.com/local/cassonic/src/server/store/podcast_store.go:260.123,263.16 3 0
github.com/local/cassonic/src/server/store/podcast_store.go:263.16,265.3 1 0
github.com/local/cassonic/src/server/store/podcast_store.go:266.2,269.18 3 0
github.com/local/cassonic/src/server/store/podcast_store.go:269.18,271.17 2 0
github.com/local/cassonic/src/server/store/podcast_store.go:271.17,273.4 1 0
github.com/local/cassonic/src/server/store/podcast_store.go:274.3,274.34 1 0
github.com/local/cassonic/src/server/store/podcast_store.go:276.2,276.29 1 0
github.com/local/cassonic/src/server/store/podcast_store.go:279.106,294.30 3 0
github.com/local/cassonic/src/server/store/podcast_store.go:294.30,296.3 1 0
github.com/local/cassonic/src/server/store/podcast_store.go:298.2,302.16 2 0
github.com/local/cassonic/src/server/store/podcast_store.go:302.16,304.3 1 0
github.com/local/cassonic/src/server/store/podcast_store.go:305.2,305.27 1 0
github.com/local/cassonic/src/server/store/podcast_store.go:308.131,312.16 2 0
github.com/local/cassonic/src/server/store/podcast_store.go:312.16,314.3 1 0
github.com/local/cassonic/src/server/store/podcast_store.go:315.2,315.12 1 0
github.com/local/cassonic/src/server/store/podcast_store.go:318.81,320.16 2 0
github.com/local/cassonic/src/server/store/podcast_store.go:320.16,322.3 1 0
github.com/local/cassonic/src/server/store/podcast_store.go:323.2,323.12 1 0
github.com/local/cassonic/src/server/store/scrobble_store.go:84.58,85.80 1 0
github.com/local/cassonic/src/server/store/scrobble_store.go:85.80,87.3 1 0
github.com/local/cassonic/src/server/store/scrobble_store.go:88.2,88.42 1 0
github.com/local/cassonic/src/server/store/scrobble_store.go:97.36,119.16 5 0
github.com/local/cassonic/src/server/store/scrobble_store.go:119.16,121.3 1 0
github.com/local/cassonic/src/server/store/scrobble_store.go:122.2,124.53 3 0
github.com/local/cassonic/src/server/store/scrobble_store.go:124.53,126.3 1 0
github.com/local/cassonic/src/server/store/scrobble_store.go:127.2,127.21 1 0
github.com/local/cassonic/src/server/store/scrobble_store.go:127.21,129.3 1 0
github.com/local/cassonic/src/server/store/scrobble_store.go:130.2,130.21 1 0
github.com/local/cassonic/src/server/store/scrobble_store.go:130.21,132.3 1 0
github.com/local/cassonic/src/server/store/scrobble_store.go:133.2,133.18 1 0
github.com/local/cassonic/src/server/store/scrobble_store.go:136.109,146.16 3 0
github.com/local/cassonic/src/server/store/scrobble_store.go:146.16,148.3 1 0
github.com/local/cassonic/src/server/store/scrobble_store.go:149.2,149.27 1 0
github.com/local/cassonic/src/server/store/scrobble_store.go:152.105,156.26 4 0
github.com/local/cassonic/src/server/store/scrobble_store.go:156.26,158.3 1 0
github.com/local/cassonic/src/server/store/scrobble_store.go:159.2,159.16 1 0
github.com/local/cassonic/src/server/store/scrobble_store.go:159.16,161.3 1 0
github.com/local/cassonic/src/server/store/scrobble_store.go:162.2,162.17 1 0
github.com/local/cassonic/src/server/store/scrobble_store.go:165.113,168.16 3 0
github.com/local/cassonic/src/server/store/scrobble_store.go:168.16,170.3 1 0
github.com/local/cassonic/src/server/store/scrobble_store.go:171.2,174.18 3 0
github.com/local/cassonic/src/server/store/scrobble_store.go:174.18,176.17 2 0
github.com/local/cassonic/src/server/store/scrobble_store.go:176.17,178.4 1 0
github.com/local/cassonic/src/server/store/scrobble_store.go:179.3,179.27 1 0
github.com/local/cassonic/src/server/store/scrobble_store.go:181.2,181.25 1 0
github.com/local/cassonic/src/server/store/scrobble_store.go:184.109,187.16 3 0
github.com/local/cassonic/src/server/store/scrobble_store.go:187.16,189.3 1 0
github.com/local/cassonic/src/server/store/scrobble_store.go:190.2,193.18 3 0
github.com/local/cassonic/src/server/store/scrobble_store.go:193.18,195.17 2 0
github.com/local/cassonic/src/server/store/scrobble_store.go:195.17,197.4 1 0
github.com/local/cassonic/src/server/store/scrobble_store.go:198.3,198.27 1 0
github.com/local/cassonic/src/server/store/scrobble_store.go:200.2,200.25 1 0
github.com/local/cassonic/src/server/store/scrobble_store.go:203.100,214.16 3 0
github.com/local/cassonic/src/server/store/scrobble_store.go:214.16,216.3 1 0
github.com/local/cassonic/src/server/store/scrobble_store.go:217.2,217.12 1 0
github.com/local/cassonic/src/server/store/scrobble_store.go:220.82,222.16 2 0
github.com/local/cassonic/src/server/store/scrobble_store.go:222.16,224.3 1 0
github.com/local/cassonic/src/server/store/scrobble_store.go:225.2,225.12 1 0
github.com/local/cassonic/src/server/store/scrobble_store.go:228.118,230.14 2 0
github.com/local/cassonic/src/server/store/scrobble_store.go:230.14,232.3 1 0
github.com/local/cassonic/src/server/store/scrobble_store.go:233.2,237.16 2 0
github.com/local/cassonic/src/server/store/scrobble_store.go:237.16,239.3 1 0
github.com/local/cassonic/src/server/store/scrobble_store.go:240.2,240.12 1 0
github.com/local/cassonic/src/server/store/scrobble_store.go:243.103,245.16 2 0
github.com/local/cassonic/src/server/store/scrobble_store.go:245.16,247.3 1 0
github.com/local/cassonic/src/server/store/scrobble_store.go:248.2,252.16 2 0
github.com/local/cassonic/src/server/store/scrobble_store.go:252.16,254.3 1 0
github.com/local/cassonic/src/server/store/scrobble_store.go:255.2,255.12 1 0
github.com/local/cassonic/src/server/store/scrobble_store.go:258.138,265.16 3 0
github.com/local/cassonic/src/server/store/scrobble_store.go:265.16,267.3 1 0
github.com/local/cassonic/src/server/store/scrobble_store.go:268.2,271.18 3 0
github.com/local/cassonic/src/server/store/scrobble_store.go:271.18,279.17 5 0
github.com/local/cassonic/src/server/store/scrobble_store.go:279.17,281.4 1 0
github.com/local/cassonic/src/server/store/scrobble_store.go:282.3,282.80 1 0
github.com/local/cassonic/src/server/store/scrobble_store.go:282.80,284.4 1 0
github.com/local/cassonic/src/server/store/scrobble_store.go:285.3,285.21 1 0
github.com/local/cassonic/src/server/store/scrobble_store.go:285.21,287.4 1 0
github.com/local/cassonic/src/server/store/scrobble_store.go:288.3,288.56 1 0
github.com/local/cassonic/src/server/store/scrobble_store.go:288.56,290.4 1 0
github.com/local/cassonic/src/server/store/scrobble_store.go:291.3,291.36 1 0
github.com/local/cassonic/src/server/store/scrobble_store.go:293.2,293.28 1 0
github.com/local/cassonic/src/server/store/scrobble_store.go:296.85,298.16 2 0
github.com/local/cassonic/src/server/store/scrobble_store.go:298.16,300.3 1 0
github.com/local/cassonic/src/server/store/scrobble_store.go:301.2,301.12 1 0
github.com/local/cassonic/src/server/store/scrobble_store.go:304.102,309.16 2 0
github.com/local/cassonic/src/server/store/scrobble_store.go:309.16,311.3 1 0
github.com/local/cassonic/src/server/store/scrobble_store.go:312.2,312.12 1 0
github.com/local/cassonic/src/server/store/scrobble_store.go:315.109,320.16 2 0
github.com/local/cassonic/src/server/store/scrobble_store.go:320.16,322.3 1 0
github.com/local/cassonic/src/server/store/scrobble_store.go:323.2,323.12 1 0
github.com/local/cassonic/src/server/store/scrobble_store.go:327.28,328.7 1 0
github.com/local/cassonic/src/server/store/scrobble_store.go:328.7,330.3 1 0
github.com/local/cassonic/src/server/store/scrobble_store.go:331.2,331.10 1 0
github.com/local/cassonic/src/server/store/share_store.go:57.52,58.77 1 1
github.com/local/cassonic/src/server/store/share_store.go:58.77,60.3 1 0
github.com/local/cassonic/src/server/store/share_store.go:61.2,61.39 1 1
github.com/local/cassonic/src/server/store/share_store.go:66.26,82.16 4 1
github.com/local/cassonic/src/server/store/share_store.go:82.16,84.3 1 1
github.com/local/cassonic/src/server/store/share_store.go:85.2,85.47 1 1
github.com/local/cassonic/src/server/store/share_store.go:85.47,87.3 1 1
github.com/local/cassonic/src/server/store/share_store.go:88.2,88.21 1 1
github.com/local/cassonic/src/server/store/share_store.go:88.21,90.3 1 1
github.com/local/cassonic/src/server/store/share_store.go:91.2,91.21 1 1
github.com/local/cassonic/src/server/store/share_store.go:91.21,93.3 1 1
github.com/local/cassonic/src/server/store/share_store.go:94.2,94.16 1 1
github.com/local/cassonic/src/server/store/share_store.go:97.93,103.28 3 1
github.com/local/cassonic/src/server/store/share_store.go:103.28,105.3 1 0
github.com/local/cassonic/src/server/store/share_store.go:107.2,116.16 2 1
github.com/local/cassonic/src/server/store/share_store.go:116.16,118.3 1 1
github.com/local/cassonic/src/server/store/share_store.go:119.2,119.27 1 1
github.com/local/cassonic/src/server/store/share_store.go:122.90,128.26 4 1
github.com/local/cassonic/src/server/store/share_store.go:128.26,130.3 1 1
github.com/local/cassonic/src/server/store/share_store.go:131.2,131.16 1 1
github.com/local/cassonic/src/server/store/share_store.go:131.16,133.3 1 0
github.com/local/cassonic/src/server/store/share_store.go:134.2,134.16 1 1
github.com/local/cassonic/src/server/store/share_store.go:137.101,143.26 4 1
github.com/local/cassonic/src/server/store/share_store.go:143.26,145.3 1 1
github.com/local/cassonic/src/server/store/share_store.go:146.2,146.16 1 1
github.com/local/cassonic/src/server/store/share_store.go:146.16,148.3 1 0
github.com/local/cassonic/src/server/store/share_store.go:149.2,149.16 1 1
github.com/local/cassonic/src/server/store/share_store.go:152.104,157.16 3 1
github.com/local/cassonic/src/server/store/share_store.go:157.16,159.3 1 0
github.com/local/cassonic/src/server/store/share_store.go:160.2,163.18 3 1
github.com/local/cassonic/src/server/store/share_store.go:163.18,165.17 2 1
github.com/local/cassonic/src/server/store/share_store.go:165.17,167.4 1 0
github.com/local/cassonic/src/server/store/share_store.go:168.3,168.30 1 1
github.com/local/cassonic/src/server/store/share_store.go:170.2,170.27 1 1
github.com/local/cassonic/src/server/store/share_store.go:173.84,178.28 3 1
github.com/local/cassonic/src/server/store/share_store.go:178.28,180.3 1 1
github.com/local/cassonic/src/server/store/share_store.go:182.2,183.16 2 1
github.com/local/cassonic/src/server/store/share_store.go:183.16,185.3 1 0
github.com/local/cassonic/src/server/store/share_store.go:186.2,186.12 1 1
github.com/local/cassonic/src/server/store/share_store.go:189.77,191.16 2 1
github.com/local/cassonic/src/server/store/share_store.go:191.16,193.3 1 0
github.com/local/cassonic/src/server/store/share_store.go:194.2,194.12 1 1
github.com/local/cassonic/src/server/store/share_store.go:197.84,200.16 2 1
github.com/local/cassonic/src/server/store/share_store.go:200.16,202.3 1 0
github.com/local/cassonic/src/server/store/share_store.go:203.2,203.12 1 1
github.com/local/cassonic/src/server/store/sqlite.go:323.37,326.2 2 1
github.com/local/cassonic/src/server/store/sqlite.go:329.51,331.16 2 1
github.com/local/cassonic/src/server/store/sqlite.go:331.16,333.3 1 0
github.com/local/cassonic/src/server/store/sqlite.go:336.2,339.40 3 1
github.com/local/cassonic/src/server/store/sqlite.go:339.40,342.3 2 0
github.com/local/cassonic/src/server/store/sqlite.go:344.2,344.71 1 1
github.com/local/cassonic/src/server/store/sqlite.go:344.71,347.3 2 0
github.com/local/cassonic/src/server/store/sqlite.go:349.2,349.16 1 1
github.com/local/cassonic/src/server/store/sqlite.go:354.40,355.51 1 0
github.com/local/cassonic/src/server/store/sqlite.go:355.51,357.3 1 0
github.com/local/cassonic/src/server/store/sqlite.go:359.2,360.16 2 0
github.com/local/cassonic/src/server/store/sqlite.go:360.16,362.3 1 0
github.com/local/cassonic/src/server/store/sqlite.go:365.2,368.16 3 0
github.com/local/cassonic/src/server/store/sqlite.go:368.16,371.3 2 0
github.com/local/cassonic/src/server/store/sqlite.go:373.2,381.16 8 0
github.com/local/cassonic/src/server/store/sqlite.go:381.16,385.3 3 0
github.com/local/cassonic/src/server/store/sqlite.go:387.2,388.16 2 0
github.com/local/cassonic/src/server/store/sqlite.go:388.16,392.3 3 0
github.com/local/cassonic/src/server/store/sqlite.go:394.2,395.16 2 0
github.com/local/cassonic/src/server/store/sqlite.go:395.16,399.3 3 0
github.com/local/cassonic/src/server/store/sqlite.go:401.2,411.8 1 0
github.com/local/cassonic/src/server/store/sqlite.go:415.26,419.47 2 0
github.com/local/cassonic/src/server/store/sqlite.go:419.47,420.58 1 0
github.com/local/cassonic/src/server/store/sqlite.go:420.58,422.4 1 0
github.com/local/cassonic/src/server/store/sqlite.go:424.2,424.48 1 0
github.com/local/cassonic/src/server/store/sqlite.go:424.48,425.58 1 0
github.com/local/cassonic/src/server/store/sqlite.go:425.58,427.4 1 0
github.com/local/cassonic/src/server/store/sqlite.go:430.2,430.17 1 0
github.com/local/cassonic/src/server/store/store.go:88.36,90.2 1 0
github.com/local/cassonic/src/server/store/user_store.go:20.40,21.16 1 0
github.com/local/cassonic/src/server/store/user_store.go:21.16,23.3 1 0
github.com/local/cassonic/src/server/store/user_store.go:24.2,25.11 2 0
github.com/local/cassonic/src/server/store/user_store.go:30.58,31.34 1 1
github.com/local/cassonic/src/server/store/user_store.go:31.34,33.3 1 1
github.com/local/cassonic/src/server/store/user_store.go:34.2,34.44 1 1
github.com/local/cassonic/src/server/store/user_store.go:40.25,70.16 4 1
github.com/local/cassonic/src/server/store/user_store.go:70.16,72.3 1 1
github.com/local/cassonic/src/server/store/user_store.go:74.2,74.63 1 1
github.com/local/cassonic/src/server/store/user_store.go:74.63,76.3 1 0
github.com/local/cassonic/src/server/store/user_store.go:77.2,77.65 1 1
github.com/local/cassonic/src/server/store/user_store.go:77.65,79.3 1 0
github.com/local/cassonic/src/server/store/user_store.go:80.2,80.61 1 1
github.com/local/cassonic/src/server/store/user_store.go:80.61,82.3 1 0
github.com/local/cassonic/src/server/store/user_store.go:83.2,83.61 1 1
github.com/local/cassonic/src/server/store/user_store.go:83.61,85.3 1 0
github.com/local/cassonic/src/server/store/user_store.go:87.2,87.16 1 1
github.com/local/cassonic/src/server/store/user_store.go:100.89,115.16 3 1
github.com/local/cassonic/src/server/store/user_store.go:115.16,117.3 1 1
github.com/local/cassonic/src/server/store/user_store.go:118.2,118.27 1 1
github.com/local/cassonic/src/server/store/user_store.go:122.87,126.35 4 1
github.com/local/cassonic/src/server/store/user_store.go:126.35,128.3 1 1
github.com/local/cassonic/src/server/store/user_store.go:129.2,129.16 1 1
github.com/local/cassonic/src/server/store/user_store.go:129.16,131.3 1 0
github.com/local/cassonic/src/server/store/user_store.go:132.2,132.15 1 1
github.com/local/cassonic/src/server/store/user_store.go:136.104,140.35 4 1
github.com/local/cassonic/src/server/store/user_store.go:140.35,142.3 1 1
github.com/local/cassonic/src/server/store/user_store.go:143.2,143.16 1 1
github.com/local/cassonic/src/server/store/user_store.go:143.16,145.3 1 0
github.com/local/cassonic/src/server/store/user_store.go:146.2,146.15 1 1
github.com/local/cassonic/src/server/store/user_store.go:150.98,154.35 4 1
github.com/local/cassonic/src/server/store/user_store.go:154.35,156.3 1 1
github.com/local/cassonic/src/server/store/user_store.go:157.2,157.16 1 1
github.com/local/cassonic/src/server/store/user_store.go:157.16,159.3 1 0
github.com/local/cassonic/src/server/store/user_store.go:160.2,160.15 1 1
github.com/local/cassonic/src/server/store/user_store.go:164.80,183.16 3 1
github.com/local/cassonic/src/server/store/user_store.go:183.16,185.3 1 0
github.com/local/cassonic/src/server/store/user_store.go:186.2,186.12 1 1
github.com/local/cassonic/src/server/store/user_store.go:190.75,192.16 2 1
github.com/local/cassonic/src/server/store/user_store.go:192.16,194.3 1 0
github.com/local/cassonic/src/server/store/user_store.go:195.2,195.12 1 1
github.com/local/cassonic/src/server/store/user_store.go:199.81,202.16 3 1
github.com/local/cassonic/src/server/store/user_store.go:202.16,204.3 1 0
github.com/local/cassonic/src/server/store/user_store.go:205.2,208.18 3 1
github.com/local/cassonic/src/server/store/user_store.go:208.18,210.17 2 1
github.com/local/cassonic/src/server/store/user_store.go:210.17,212.4 1 0
github.com/local/cassonic/src/server/store/user_store.go:213.3,213.27 1 1
github.com/local/cassonic/src/server/store/user_store.go:215.2,215.26 1 1
github.com/local/cassonic/src/server/store/user_store.go:219.87,224.16 2 0
github.com/local/cassonic/src/server/store/user_store.go:224.16,226.3 1 0
github.com/local/cassonic/src/server/store/user_store.go:227.2,227.12 1 0
github.com/local/cassonic/src/server/store/user_store.go:231.83,236.16 2 0
github.com/local/cassonic/src/server/store/user_store.go:236.16,238.3 1 0
github.com/local/cassonic/src/server/store/user_store.go:239.2,239.12 1 0
github.com/local/cassonic/src/server/store/user_store.go:243.96,248.16 2 0
github.com/local/cassonic/src/server/store/user_store.go:248.16,250.3 1 0
github.com/local/cassonic/src/server/store/user_store.go:251.2,251.12 1 0
github.com/local/cassonic/src/server/store/user_store.go:255.80,260.16 2 0
github.com/local/cassonic/src/server/store/user_store.go:260.16,262.3 1 0
github.com/local/cassonic/src/server/store/user_store.go:263.2,263.12 1 0
github.com/local/cassonic/src/server/store/user_store.go:269.29,282.16 4 0
github.com/local/cassonic/src/server/store/user_store.go:282.16,284.3 1 0
github.com/local/cassonic/src/server/store/user_store.go:286.2,286.61 1 0
github.com/local/cassonic/src/server/store/user_store.go:286.61,288.3 1 0
github.com/local/cassonic/src/server/store/user_store.go:289.2,289.61 1 0
github.com/local/cassonic/src/server/store/user_store.go:289.61,291.3 1 0
github.com/local/cassonic/src/server/store/user_store.go:292.2,292.61 1 0
github.com/local/cassonic/src/server/store/user_store.go:292.61,294.3 1 0
github.com/local/cassonic/src/server/store/user_store.go:296.2,296.16 1 0
github.com/local/cassonic/src/server/store/user_store.go:300.88,308.16 3 0
github.com/local/cassonic/src/server/store/user_store.go:308.16,310.3 1 0
github.com/local/cassonic/src/server/store/user_store.go:311.2,311.12 1 0
github.com/local/cassonic/src/server/store/user_store.go:316.104,325.35 4 0
github.com/local/cassonic/src/server/store/user_store.go:325.35,327.3 1 0
github.com/local/cassonic/src/server/store/user_store.go:328.2,328.16 1 0
github.com/local/cassonic/src/server/store/user_store.go:328.16,330.3 1 0
github.com/local/cassonic/src/server/store/user_store.go:331.2,331.15 1 0
github.com/local/cassonic/src/server/store/user_store.go:335.103,343.16 3 0
github.com/local/cassonic/src/server/store/user_store.go:343.16,345.3 1 0
github.com/local/cassonic/src/server/store/user_store.go:346.2,349.18 3 0
github.com/local/cassonic/src/server/store/user_store.go:349.18,351.17 2 0
github.com/local/cassonic/src/server/store/user_store.go:351.17,353.4 1 0
github.com/local/cassonic/src/server/store/user_store.go:354.3,354.29 1 0
github.com/local/cassonic/src/server/store/user_store.go:356.2,356.27 1 0
github.com/local/cassonic/src/server/store/user_store.go:360.79,362.16 2 0
github.com/local/cassonic/src/server/store/user_store.go:362.16,364.3 1 0
github.com/local/cassonic/src/server/store/user_store.go:365.2,365.12 1 0
github.com/local/cassonic/src/server/store/user_store.go:369.87,374.16 2 0
github.com/local/cassonic/src/server/store/user_store.go:374.16,376.3 1 0
github.com/local/cassonic/src/server/store/user_store.go:377.2,377.12 1 0
github.com/local/cassonic/src/server/store/user_store.go:381.140,389.16 3 0
github.com/local/cassonic/src/server/store/user_store.go:389.16,391.3 1 0
github.com/local/cassonic/src/server/store/user_store.go:392.2,392.12 1 0
github.com/local/cassonic/src/server/store/user_store.go:397.101,409.35 6 0
github.com/local/cassonic/src/server/store/user_store.go:409.35,411.3 1 0
github.com/local/cassonic/src/server/store/user_store.go:412.2,412.16 1 0
github.com/local/cassonic/src/server/store/user_store.go:412.16,414.3 1 0
github.com/local/cassonic/src/server/store/user_store.go:416.2,416.64 1 0
github.com/local/cassonic/src/server/store/user_store.go:416.64,418.3 1 0
github.com/local/cassonic/src/server/store/user_store.go:419.2,419.64 1 0
github.com/local/cassonic/src/server/store/user_store.go:419.64,421.3 1 0
github.com/local/cassonic/src/server/store/user_store.go:423.2,423.19 1 0
github.com/local/cassonic/src/server/store/user_store.go:427.86,429.16 2 0
github.com/local/cassonic/src/server/store/user_store.go:429.16,431.3 1 0
github.com/local/cassonic/src/server/store/user_store.go:432.2,432.12 1 0
github.com/local/cassonic/src/server/store/user_store.go:436.87,438.16 2 0
github.com/local/cassonic/src/server/store/user_store.go:438.16,440.3 1 0
github.com/local/cassonic/src/server/store/user_store.go:441.2,441.12 1 0
github.com/local/cassonic/src/server/store/user_store.go:445.75,449.16 2 0
github.com/local/cassonic/src/server/store/user_store.go:449.16,451.3 1 0
github.com/local/cassonic/src/server/store/user_store.go:452.2,452.12 1 0
github.com/local/cassonic/src/server/store/user_store.go:457.107,462.48 3 1
github.com/local/cassonic/src/server/store/user_store.go:462.48,464.3 1 1
github.com/local/cassonic/src/server/store/user_store.go:465.2,465.16 1 1
github.com/local/cassonic/src/server/store/user_store.go:465.16,467.3 1 0
github.com/local/cassonic/src/server/store/user_store.go:468.2,468.23 1 1
github.com/local/cassonic/src/server/store/user_store.go:472.109,476.16 2 1
github.com/local/cassonic/src/server/store/user_store.go:476.16,478.3 1 0
github.com/local/cassonic/src/server/store/user_store.go:479.2,479.12 1 1
github.com/local/cassonic/src/server/store/user_store.go:485.41,497.16 4 0
github.com/local/cassonic/src/server/store/user_store.go:497.16,499.3 1 0
github.com/local/cassonic/src/server/store/user_store.go:501.2,501.61 1 0
github.com/local/cassonic/src/server/store/user_store.go:501.61,503.3 1 0
github.com/local/cassonic/src/server/store/user_store.go:504.2,504.61 1 0
github.com/local/cassonic/src/server/store/user_store.go:504.61,506.3 1 0
github.com/local/cassonic/src/server/store/user_store.go:508.2,508.16 1 0
github.com/local/cassonic/src/server/store/user_store.go:512.114,518.16 3 0
github.com/local/cassonic/src/server/store/user_store.go:518.16,520.3 1 0
github.com/local/cassonic/src/server/store/user_store.go:521.2,521.27 1 0
github.com/local/cassonic/src/server/store/user_store.go:525.111,533.35 4 0
github.com/local/cassonic/src/server/store/user_store.go:533.35,535.3 1 0
github.com/local/cassonic/src/server/store/user_store.go:536.2,536.16 1 0
github.com/local/cassonic/src/server/store/user_store.go:536.16,538.3 1 0
github.com/local/cassonic/src/server/store/user_store.go:539.2,539.16 1 0
github.com/local/cassonic/src/server/store/user_store.go:543.105,550.16 3 0
github.com/local/cassonic/src/server/store/user_store.go:550.16,552.3 1 0
github.com/local/cassonic/src/server/store/user_store.go:553.2,556.18 3 0
github.com/local/cassonic/src/server/store/user_store.go:556.18,558.17 2 0
github.com/local/cassonic/src/server/store/user_store.go:558.17,560.4 1 0
github.com/local/cassonic/src/server/store/user_store.go:561.3,561.34 1 0
github.com/local/cassonic/src/server/store/user_store.go:563.2,563.29 1 0
github.com/local/cassonic/src/server/store/user_store.go:567.105,574.16 3 0
github.com/local/cassonic/src/server/store/user_store.go:574.16,576.3 1 0
github.com/local/cassonic/src/server/store/user_store.go:577.2,577.12 1 0
github.com/local/cassonic/src/server/store/user_store.go:581.83,583.16 2 0
github.com/local/cassonic/src/server/store/user_store.go:583.16,585.3 1 0
github.com/local/cassonic/src/server/store/user_store.go:586.2,586.12 1 0
github.com/local/cassonic/src/server/store/user_store.go:595.89,601.16 3 0
github.com/local/cassonic/src/server/store/user_store.go:601.16,603.3 1 0
github.com/local/cassonic/src/server/store/user_store.go:604.2,604.12 1 0
github.com/local/cassonic/src/server/store/user_store.go:608.107,616.16 3 0
github.com/local/cassonic/src/server/store/user_store.go:616.16,618.3 1 0
github.com/local/cassonic/src/server/store/user_store.go:619.2,622.18 3 0
github.com/local/cassonic/src/server/store/user_store.go:622.18,626.90 3 0
github.com/local/cassonic/src/server/store/user_store.go:626.90,628.4 1 0
github.com/local/cassonic/src/server/store/user_store.go:630.3,630.62 1 0
github.com/local/cassonic/src/server/store/user_store.go:630.62,632.4 1 0
github.com/local/cassonic/src/server/store/user_store.go:634.3,634.26 1 0
github.com/local/cassonic/src/server/store/user_store.go:636.2,636.25 1 0
github.com/local/cassonic/src/server/store/user_store.go:640.89,645.16 2 0
github.com/local/cassonic/src/server/store/user_store.go:645.16,647.3 1 0
github.com/local/cassonic/src/server/store/user_store.go:648.2,648.12 1 0
github.com/local/cassonic/src/server/handler/api/activity.go:16.72,18.17 2 1
github.com/local/cassonic/src/server/handler/api/activity.go:18.17,21.3 2 1
github.com/local/cassonic/src/server/handler/api/activity.go:23.2,24.16 2 1
github.com/local/cassonic/src/server/handler/api/activity.go:24.16,27.3 2 1
github.com/local/cassonic/src/server/handler/api/activity.go:28.2,28.18 1 1
github.com/local/cassonic/src/server/handler/api/activity.go:28.18,36.3 2 1
github.com/local/cassonic/src/server/handler/api/activity.go:38.2,39.32 2 1
github.com/local/cassonic/src/server/handler/api/activity.go:39.32,41.32 2 1
github.com/local/cassonic/src/server/handler/api/activity.go:41.32,42.12 1 0
github.com/local/cassonic/src/server/handler/api/activity.go:44.3,47.5 1 1
github.com/local/cassonic/src/server/handler/api/activity.go:50.2,56.4 1 1
github.com/local/cassonic/src/server/handler/api/activity.go:67.73,69.17 2 1
github.com/local/cassonic/src/server/handler/api/activity.go:69.17,72.3 2 1
github.com/local/cassonic/src/server/handler/api/activity.go:74.2,75.61 2 1
github.com/local/cassonic/src/server/handler/api/activity.go:75.61,78.3 2 1
github.com/local/cassonic/src/server/handler/api/activity.go:80.2,88.37 3 1
github.com/local/cassonic/src/server/handler/api/activity.go:88.37,93.3 1 1
github.com/local/cassonic/src/server/handler/api/activity.go:95.2,95.81 1 1
github.com/local/cassonic/src/server/handler/api/activity.go:95.81,98.3 2 1
github.com/local/cassonic/src/server/handler/api/activity.go:100.2,100.47 1 1
github.com/local/cassonic/src/server/handler/api/activity.go:104.73,106.17 2 1
github.com/local/cassonic/src/server/handler/api/activity.go:106.17,109.3 2 1
github.com/local/cassonic/src/server/handler/api/activity.go:111.2,112.16 2 1
github.com/local/cassonic/src/server/handler/api/activity.go:112.16,115.3 2 1
github.com/local/cassonic/src/server/handler/api/activity.go:117.2,118.30 2 1
github.com/local/cassonic/src/server/handler/api/activity.go:118.30,127.27 2 1
github.com/local/cassonic/src/server/handler/api/activity.go:127.27,129.33 2 1
github.com/local/cassonic/src/server/handler/api/activity.go:129.33,131.5 1 1
github.com/local/cassonic/src/server/handler/api/activity.go:133.3,133.33 1 1
github.com/local/cassonic/src/server/handler/api/activity.go:136.2,139.4 1 1
github.com/local/cassonic/src/server/handler/api/activity.go:151.74,153.17 2 1
github.com/local/cassonic/src/server/handler/api/activity.go:153.17,156.3 2 1
github.com/local/cassonic/src/server/handler/api/activity.go:158.2,159.61 2 1
github.com/local/cassonic/src/server/handler/api/activity.go:159.61,162.3 2 1
github.com/local/cassonic/src/server/handler/api/activity.go:163.2,163.43 1 1
github.com/local/cassonic/src/server/handler/api/activity.go:163.43,166.3 2 1
github.com/local/cassonic/src/server/handler/api/activity.go:168.2,176.66 2 1
github.com/local/cassonic/src/server/handler/api/activity.go:176.66,179.3 2 1
github.com/local/cassonic/src/server/handler/api/activity.go:181.2,181.52 1 1
github.com/local/cassonic/src/server/handler/api/activity.go:191.74,193.17 2 1
github.com/local/cassonic/src/server/handler/api/activity.go:193.17,196.3 2 1
github.com/local/cassonic/src/server/handler/api/activity.go:198.2,199.16 2 1
github.com/local/cassonic/src/server/handler/api/activity.go:199.16,202.3 2 1
github.com/local/cassonic/src/server/handler/api/activity.go:204.2,205.16 2 1
github.com/local/cassonic/src/server/handler/api/activity.go:205.16,208.3 2 1
github.com/local/cassonic/src/server/handler/api/activity.go:210.2,211.30 2 1
github.com/local/cassonic/src/server/handler/api/activity.go:211.30,212.17 1 1
github.com/local/cassonic/src/server/handler/api/activity.go:212.17,214.9 2 1
github.com/local/cassonic/src/server/handler/api/activity.go:217.2,217.19 1 1
github.com/local/cassonic/src/server/handler/api/activity.go:217.19,220.3 2 1
github.com/local/cassonic/src/server/handler/api/activity.go:222.2,223.61 2 1
github.com/local/cassonic/src/server/handler/api/activity.go:223.61,226.3 2 1
github.com/local/cassonic/src/server/handler/api/activity.go:228.2,229.23 2 1
github.com/local/cassonic/src/server/handler/api/activity.go:229.23,231.3 1 1
github.com/local/cassonic/src/server/handler/api/activity.go:233.2,233.71 1 1
github.com/local/cassonic/src/server/handler/api/activity.go:233.71,236.3 2 1
github.com/local/cassonic/src/server/handler/api/activity.go:238.2,238.47 1 1
github.com/local/cassonic/src/server/handler/api/activity.go:242.74,244.17 2 1
github.com/local/cassonic/src/server/handler/api/activity.go:244.17,247.3 2 1
github.com/local/cassonic/src/server/handler/api/activity.go:249.2,250.16 2 1
github.com/local/cassonic/src/server/handler/api/activity.go:250.16,253.3 2 1
github.com/local/cassonic/src/server/handler/api/activity.go:255.2,256.16 2 1
github.com/local/cassonic/src/server/handler/api/activity.go:256.16,259.3 2 1
github.com/local/cassonic/src/server/handler/api/activity.go:261.2,262.30 2 1
github.com/local/cassonic/src/server/handler/api/activity.go:262.30,263.17 1 1
github.com/local/cassonic/src/server/handler/api/activity.go:263.17,265.9 2 1
github.com/local/cassonic/src/server/handler/api/activity.go:268.2,268.19 1 1
github.com/local/cassonic/src/server/handler/api/activity.go:268.19,271.3 2 1
github.com/local/cassonic/src/server/handler/api/activity.go:273.2,273.107 1 1
github.com/local/cassonic/src/server/handler/api/activity.go:273.107,276.3 2 1
github.com/local/cassonic/src/server/handler/api/activity.go:278.2,278.47 1 1
github.com/local/cassonic/src/server/handler/api/activity.go:283.70,285.17 2 1
github.com/local/cassonic/src/server/handler/api/activity.go:285.17,288.3 2 1
github.com/local/cassonic/src/server/handler/api/activity.go:290.2,291.18 2 1
github.com/local/cassonic/src/server/handler/api/activity.go:291.18,293.3 1 1
github.com/local/cassonic/src/server/handler/api/activity.go:293.8,295.18 2 1
github.com/local/cassonic/src/server/handler/api/activity.go:295.18,297.4 1 1
github.com/local/cassonic/src/server/handler/api/activity.go:300.2,301.28 2 1
github.com/local/cassonic/src/server/handler/api/activity.go:301.28,309.20 2 1
github.com/local/cassonic/src/server/handler/api/activity.go:309.20,311.4 1 0
github.com/local/cassonic/src/server/handler/api/activity.go:312.3,312.33 1 1
github.com/local/cassonic/src/server/handler/api/activity.go:315.2,318.4 1 1
github.com/local/cassonic/src/server/handler/api/activity.go:322.73,324.17 2 0
github.com/local/cassonic/src/server/handler/api/activity.go:324.17,327.3 2 0
github.com/local/cassonic/src/server/handler/api/activity.go:329.2,330.9 2 0
github.com/local/cassonic/src/server/handler/api/activity.go:330.9,333.3 2 0
github.com/local/cassonic/src/server/handler/api/activity.go:335.2,343.6 7 0
github.com/local/cassonic/src/server/handler/api/activity.go:343.6,344.10 1 0
github.com/local/cassonic/src/server/handler/api/activity.go:345.29,346.10 1 0
github.com/local/cassonic/src/server/handler/api/activity.go:347.19,349.20 2 0
github.com/local/cassonic/src/server/handler/api/activity.go:349.20,351.5 1 0
github.com/local/cassonic/src/server/handler/api/activity.go:351.10,353.20 2 0
github.com/local/cassonic/src/server/handler/api/activity.go:353.20,355.6 1 0
github.com/local/cassonic/src/server/handler/api/activity.go:358.4,359.18 2 0
github.com/local/cassonic/src/server/handler/api/activity.go:359.18,360.13 1 0
github.com/local/cassonic/src/server/handler/api/activity.go:363.4,364.19 2 0
github.com/local/cassonic/src/server/handler/api/activity.go:370.68,372.17 2 1
github.com/local/cassonic/src/server/handler/api/activity.go:372.17,375.3 2 1
github.com/local/cassonic/src/server/handler/api/activity.go:377.2,378.16 2 1
github.com/local/cassonic/src/server/handler/api/activity.go:378.16,381.3 2 1
github.com/local/cassonic/src/server/handler/api/activity.go:383.2,383.81 1 1
github.com/local/cassonic/src/server/handler/api/activity.go:383.81,386.3 2 1
github.com/local/cassonic/src/server/handler/api/activity.go:388.2,388.47 1 1
github.com/local/cassonic/src/server/handler/api/activity.go:392.70,394.17 2 1
github.com/local/cassonic/src/server/handler/api/activity.go:394.17,397.3 2 1
github.com/local/cassonic/src/server/handler/api/activity.go:399.2,400.16 2 1
github.com/local/cassonic/src/server/handler/api/activity.go:400.16,403.3 2 1
github.com/local/cassonic/src/server/handler/api/activity.go:405.2,405.83 1 1
github.com/local/cassonic/src/server/handler/api/activity.go:405.83,408.3 2 1
github.com/local/cassonic/src/server/handler/api/activity.go:410.2,410.47 1 1
github.com/local/cassonic/src/server/handler/api/activity.go:419.68,421.17 2 1
github.com/local/cassonic/src/server/handler/api/activity.go:421.17,424.3 2 1
github.com/local/cassonic/src/server/handler/api/activity.go:426.2,427.16 2 1
github.com/local/cassonic/src/server/handler/api/activity.go:427.16,430.3 2 1
github.com/local/cassonic/src/server/handler/api/activity.go:432.2,433.61 2 1
github.com/local/cassonic/src/server/handler/api/activity.go:433.61,436.3 2 1
github.com/local/cassonic/src/server/handler/api/activity.go:437.2,437.38 1 1
github.com/local/cassonic/src/server/handler/api/activity.go:437.38,440.3 2 1
github.com/local/cassonic/src/server/handler/api/activity.go:442.2,442.98 1 1
github.com/local/cassonic/src/server/handler/api/activity.go:442.98,445.3 2 1
github.com/local/cassonic/src/server/handler/api/activity.go:447.2,447.47 1 1
github.com/local/cassonic/src/server/handler/api/activity.go:457.68,459.17 2 1
github.com/local/cassonic/src/server/handler/api/activity.go:459.17,462.3 2 1
github.com/local/cassonic/src/server/handler/api/activity.go:464.2,465.16 2 1
github.com/local/cassonic/src/server/handler/api/activity.go:465.16,468.3 2 1
github.com/local/cassonic/src/server/handler/api/activity.go:470.2,471.61 2 1
github.com/local/cassonic/src/server/handler/api/activity.go:471.61,474.3 2 1
github.com/local/cassonic/src/server/handler/api/activity.go:476.2,477.23 2 1
github.com/local/cassonic/src/server/handler/api/activity.go:477.23,479.3 1 1
github.com/local/cassonic/src/server/handler/api/activity.go:481.2,489.71 2 1
github.com/local/cassonic/src/server/handler/api/activity.go:489.71,492.3 2 1
github.com/local/cassonic/src/server/handler/api/activity.go:494.2,494.20 1 1
github.com/local/cassonic/src/server/handler/api/activity.go:494.20,496.3 1 1
github.com/local/cassonic/src/server/handler/api/activity.go:498.2,498.47 1 1
github.com/local/cassonic/src/server/handler/api/api.go:49.48,53.2 1 1
github.com/local/cassonic/src/server/handler/api/api.go:56.74,60.2 3 1
github.com/local/cassonic/src/server/handler/api/api.go:63.54,67.2 3 1
github.com/local/cassonic/src/server/handler/api/api.go:70.53,73.33 3 1
github.com/local/cassonic/src/server/handler/api/api.go:73.33,76.3 2 1
github.com/local/cassonic/src/server/handler/api/api.go:77.2,78.15 2 1
github.com/local/cassonic/src/server/handler/api/api.go:82.67,86.17 4 1
github.com/local/cassonic/src/server/handler/api/api.go:86.17,88.3 1 1
github.com/local/cassonic/src/server/handler/api/api.go:89.2,90.12 2 1
github.com/local/cassonic/src/server/handler/api/api.go:100.12,109.2 1 0
github.com/local/cassonic/src/server/handler/api/api.go:112.65,115.2 2 0
github.com/local/cassonic/src/server/handler/api/api.go:118.56,121.2 2 0
github.com/local/cassonic/src/server/handler/api/api.go:124.41,232.2 93 0
github.com/local/cassonic/src/server/handler/api/api.go:235.61,244.2 5 1
github.com/local/cassonic/src/server/handler/api/api.go:247.77,250.2 2 1
github.com/local/cassonic/src/server/handler/api/api.go:254.59,256.46 2 1
github.com/local/cassonic/src/server/handler/api/api.go:256.46,257.53 1 1
github.com/local/cassonic/src/server/handler/api/api.go:257.53,259.4 1 1
github.com/local/cassonic/src/server/handler/api/api.go:261.2,261.17 1 1
github.com/local/cassonic/src/server/handler/api/api.go:261.17,263.3 1 1
github.com/local/cassonic/src/server/handler/api/api.go:264.2,264.47 1 1
github.com/local/cassonic/src/server/handler/api/api.go:264.47,265.54 1 1
github.com/local/cassonic/src/server/handler/api/api.go:265.54,267.4 1 1
github.com/local/cassonic/src/server/handler/api/api.go:269.2,269.22 1 1
github.com/local/cassonic/src/server/handler/api/api.go:273.58,276.27 3 1
github.com/local/cassonic/src/server/handler/api/api.go:276.27,278.3 1 1
github.com/local/cassonic/src/server/handler/api/api.go:279.2,279.16 1 1
github.com/local/cassonic/src/server/handler/api/auth.go:33.52,35.43 2 1
github.com/local/cassonic/src/server/handler/api/auth.go:35.43,37.3 1 0
github.com/local/cassonic/src/server/handler/api/auth.go:38.2,42.83 4 1
github.com/local/cassonic/src/server/handler/api/auth.go:46.58,48.47 2 1
github.com/local/cassonic/src/server/handler/api/auth.go:48.47,50.3 1 1
github.com/local/cassonic/src/server/handler/api/auth.go:51.2,53.102 3 1
github.com/local/cassonic/src/server/handler/api/auth.go:53.102,55.3 1 0
github.com/local/cassonic/src/server/handler/api/auth.go:56.2,57.16 2 1
github.com/local/cassonic/src/server/handler/api/auth.go:57.16,59.3 1 0
github.com/local/cassonic/src/server/handler/api/auth.go:60.2,61.16 2 1
github.com/local/cassonic/src/server/handler/api/auth.go:61.16,63.3 1 0
github.com/local/cassonic/src/server/handler/api/auth.go:64.2,65.66 2 1
github.com/local/cassonic/src/server/handler/api/auth.go:70.52,72.39 2 1
github.com/local/cassonic/src/server/handler/api/auth.go:72.39,74.3 1 0
github.com/local/cassonic/src/server/handler/api/auth.go:75.2,78.23 4 1
github.com/local/cassonic/src/server/handler/api/auth.go:88.65,90.61 2 1
github.com/local/cassonic/src/server/handler/api/auth.go:90.61,93.3 2 1
github.com/local/cassonic/src/server/handler/api/auth.go:94.2,94.46 1 1
github.com/local/cassonic/src/server/handler/api/auth.go:94.46,97.3 2 1
github.com/local/cassonic/src/server/handler/api/auth.go:99.2,100.16 2 1
github.com/local/cassonic/src/server/handler/api/auth.go:100.16,103.3 2 1
github.com/local/cassonic/src/server/handler/api/auth.go:104.2,104.17 1 1
github.com/local/cassonic/src/server/handler/api/auth.go:104.17,107.3 2 1
github.com/local/cassonic/src/server/handler/api/auth.go:108.2,108.21 1 1
github.com/local/cassonic/src/server/handler/api/auth.go:108.21,111.3 2 1
github.com/local/cassonic/src/server/handler/api/auth.go:112.2,112.21 1 1
github.com/local/cassonic/src/server/handler/api/auth.go:112.21,115.3 2 1
github.com/local/cassonic/src/server/handler/api/auth.go:117.2,118.23 2 1
github.com/local/cassonic/src/server/handler/api/auth.go:118.23,122.3 3 1
github.com/local/cassonic/src/server/handler/api/auth.go:124.2,125.16 2 1
github.com/local/cassonic/src/server/handler/api/auth.go:125.16,128.3 2 0
github.com/local/cassonic/src/server/handler/api/auth.go:130.2,132.22 3 1
github.com/local/cassonic/src/server/handler/api/auth.go:132.22,134.3 1 1
github.com/local/cassonic/src/server/handler/api/auth.go:136.2,136.105 1 1
github.com/local/cassonic/src/server/handler/api/auth.go:136.105,139.3 2 1
github.com/local/cassonic/src/server/handler/api/auth.go:141.2,148.4 3 1
github.com/local/cassonic/src/server/handler/api/auth.go:152.66,154.47 2 1
github.com/local/cassonic/src/server/handler/api/auth.go:154.47,157.3 2 1
github.com/local/cassonic/src/server/handler/api/auth.go:158.2,162.73 4 1
github.com/local/cassonic/src/server/handler/api/auth.go:162.73,165.3 2 1
github.com/local/cassonic/src/server/handler/api/auth.go:167.2,167.47 1 1
github.com/local/cassonic/src/server/handler/api/auth.go:178.71,180.14 2 1
github.com/local/cassonic/src/server/handler/api/auth.go:180.14,183.3 2 0
github.com/local/cassonic/src/server/handler/api/auth.go:185.2,186.61 2 1
github.com/local/cassonic/src/server/handler/api/auth.go:186.61,189.3 2 1
github.com/local/cassonic/src/server/handler/api/auth.go:190.2,190.20 1 1
github.com/local/cassonic/src/server/handler/api/auth.go:190.20,193.3 2 1
github.com/local/cassonic/src/server/handler/api/auth.go:195.2,196.25 2 1
github.com/local/cassonic/src/server/handler/api/auth.go:196.25,199.17 3 1
github.com/local/cassonic/src/server/handler/api/auth.go:199.17,202.4 2 1
github.com/local/cassonic/src/server/handler/api/auth.go:205.2,206.16 2 1
github.com/local/cassonic/src/server/handler/api/auth.go:206.16,209.3 2 0
github.com/local/cassonic/src/server/handler/api/auth.go:211.2,219.70 2 1
github.com/local/cassonic/src/server/handler/api/auth.go:219.70,222.3 2 1
github.com/local/cassonic/src/server/handler/api/auth.go:224.2,226.27 3 1
github.com/local/cassonic/src/server/handler/api/auth.go:226.27,227.31 1 1
github.com/local/cassonic/src/server/handler/api/auth.go:227.31,229.9 2 0
github.com/local/cassonic/src/server/handler/api/auth.go:233.2,238.25 2 1
github.com/local/cassonic/src/server/handler/api/auth.go:238.25,240.3 1 1
github.com/local/cassonic/src/server/handler/api/auth.go:242.2,242.40 1 1
github.com/local/cassonic/src/server/handler/api/auth.go:246.71,248.14 2 1
github.com/local/cassonic/src/server/handler/api/auth.go:248.14,251.3 2 0
github.com/local/cassonic/src/server/handler/api/auth.go:253.2,254.16 2 1
github.com/local/cassonic/src/server/handler/api/auth.go:254.16,257.3 2 1
github.com/local/cassonic/src/server/handler/api/auth.go:259.2,260.16 2 1
github.com/local/cassonic/src/server/handler/api/auth.go:260.16,263.3 2 1
github.com/local/cassonic/src/server/handler/api/auth.go:265.2,266.27 2 1
github.com/local/cassonic/src/server/handler/api/auth.go:266.27,267.22 1 1
github.com/local/cassonic/src/server/handler/api/auth.go:267.22,269.9 2 1
github.com/local/cassonic/src/server/handler/api/auth.go:272.2,272.12 1 1
github.com/local/cassonic/src/server/handler/api/auth.go:272.12,275.3 2 1
github.com/local/cassonic/src/server/handler/api/auth.go:277.2,277.72 1 1
github.com/local/cassonic/src/server/handler/api/auth.go:277.72,280.3 2 1
github.com/local/cassonic/src/server/handler/api/auth.go:282.2,282.47 1 1
github.com/local/cassonic/src/server/handler/api/backup.go:36.73,37.24 1 1
github.com/local/cassonic/src/server/handler/api/backup.go:37.24,40.3 2 1
github.com/local/cassonic/src/server/handler/api/backup.go:42.2,43.16 2 1
github.com/local/cassonic/src/server/handler/api/backup.go:43.16,46.3 2 1
github.com/local/cassonic/src/server/handler/api/backup.go:48.2,49.16 2 1
github.com/local/cassonic/src/server/handler/api/backup.go:49.16,52.3 2 0
github.com/local/cassonic/src/server/handler/api/backup.go:54.2,57.4 1 1
github.com/local/cassonic/src/server/handler/api/backup.go:61.71,62.24 1 1
github.com/local/cassonic/src/server/handler/api/backup.go:62.24,65.3 2 1
github.com/local/cassonic/src/server/handler/api/backup.go:67.2,68.16 2 1
github.com/local/cassonic/src/server/handler/api/backup.go:68.16,71.3 2 1
github.com/local/cassonic/src/server/handler/api/backup.go:73.2,73.36 1 1
github.com/local/cassonic/src/server/handler/api/backup.go:78.74,79.24 1 1
github.com/local/cassonic/src/server/handler/api/backup.go:79.24,82.3 2 1
github.com/local/cassonic/src/server/handler/api/backup.go:84.2,85.60 2 1
github.com/local/cassonic/src/server/handler/api/backup.go:85.60,88.3 2 1
github.com/local/cassonic/src/server/handler/api/backup.go:90.2,91.16 2 1
github.com/local/cassonic/src/server/handler/api/backup.go:91.16,94.3 2 0
github.com/local/cassonic/src/server/handler/api/backup.go:97.2,98.29 2 1
github.com/local/cassonic/src/server/handler/api/backup.go:98.29,99.43 1 1
github.com/local/cassonic/src/server/handler/api/backup.go:99.43,101.9 2 1
github.com/local/cassonic/src/server/handler/api/backup.go:104.2,104.23 1 1
github.com/local/cassonic/src/server/handler/api/backup.go:104.23,107.3 2 1
github.com/local/cassonic/src/server/handler/api/backup.go:109.2,111.35 3 1
github.com/local/cassonic/src/server/handler/api/backup.go:116.73,117.24 1 1
github.com/local/cassonic/src/server/handler/api/backup.go:117.24,120.3 2 1
github.com/local/cassonic/src/server/handler/api/backup.go:122.2,125.62 2 1
github.com/local/cassonic/src/server/handler/api/backup.go:125.62,128.3 2 0
github.com/local/cassonic/src/server/handler/api/backup.go:129.2,129.21 1 1
github.com/local/cassonic/src/server/handler/api/backup.go:129.21,132.3 2 1
github.com/local/cassonic/src/server/handler/api/backup.go:135.2,136.16 2 1
github.com/local/cassonic/src/server/handler/api/backup.go:136.16,139.3 2 0
github.com/local/cassonic/src/server/handler/api/backup.go:141.2,142.29 2 1
github.com/local/cassonic/src/server/handler/api/backup.go:142.29,143.70 1 1
github.com/local/cassonic/src/server/handler/api/backup.go:143.70,145.9 2 1
github.com/local/cassonic/src/server/handler/api/backup.go:148.2,148.23 1 1
github.com/local/cassonic/src/server/handler/api/backup.go:148.23,151.3 2 1
github.com/local/cassonic/src/server/handler/api/backup.go:153.2,153.70 1 1
github.com/local/cassonic/src/server/handler/api/backup.go:153.70,156.3 2 1
github.com/local/cassonic/src/server/handler/api/backup.go:158.2,158.70 1 1
github.com/local/cassonic/src/server/handler/api/browse.go:12.71,28.13 8 1
github.com/local/cassonic/src/server/handler/api/browse.go:28.13,30.3 1 1
github.com/local/cassonic/src/server/handler/api/browse.go:30.8,32.3 1 1
github.com/local/cassonic/src/server/handler/api/browse.go:33.2,33.16 1 1
github.com/local/cassonic/src/server/handler/api/browse.go:33.16,36.3 2 1
github.com/local/cassonic/src/server/handler/api/browse.go:38.2,40.4 1 1
github.com/local/cassonic/src/server/handler/api/browse.go:44.69,46.16 2 1
github.com/local/cassonic/src/server/handler/api/browse.go:46.16,49.3 2 1
github.com/local/cassonic/src/server/handler/api/browse.go:51.2,52.33 2 1
github.com/local/cassonic/src/server/handler/api/browse.go:52.33,55.3 2 1
github.com/local/cassonic/src/server/handler/api/browse.go:57.2,58.16 2 1
github.com/local/cassonic/src/server/handler/api/browse.go:58.16,60.3 1 0
github.com/local/cassonic/src/server/handler/api/browse.go:62.2,65.4 1 1
github.com/local/cassonic/src/server/handler/api/browse.go:69.70,84.13 7 1
github.com/local/cassonic/src/server/handler/api/browse.go:84.13,86.17 2 1
github.com/local/cassonic/src/server/handler/api/browse.go:86.17,89.4 2 1
github.com/local/cassonic/src/server/handler/api/browse.go:90.3,91.9 2 1
github.com/local/cassonic/src/server/handler/api/browse.go:94.2,94.23 1 1
github.com/local/cassonic/src/server/handler/api/browse.go:94.23,96.34 2 1
github.com/local/cassonic/src/server/handler/api/browse.go:96.34,99.4 2 1
github.com/local/cassonic/src/server/handler/api/browse.go:100.3,101.17 2 1
github.com/local/cassonic/src/server/handler/api/browse.go:101.17,104.4 2 1
github.com/local/cassonic/src/server/handler/api/browse.go:105.3,106.9 2 1
github.com/local/cassonic/src/server/handler/api/browse.go:109.2,110.16 2 1
github.com/local/cassonic/src/server/handler/api/browse.go:110.16,113.3 2 1
github.com/local/cassonic/src/server/handler/api/browse.go:115.2,115.63 1 1
github.com/local/cassonic/src/server/handler/api/browse.go:119.68,121.16 2 1
github.com/local/cassonic/src/server/handler/api/browse.go:121.16,124.3 2 1
github.com/local/cassonic/src/server/handler/api/browse.go:126.2,127.32 2 1
github.com/local/cassonic/src/server/handler/api/browse.go:127.32,130.3 2 1
github.com/local/cassonic/src/server/handler/api/browse.go:132.2,133.16 2 1
github.com/local/cassonic/src/server/handler/api/browse.go:133.16,135.3 1 0
github.com/local/cassonic/src/server/handler/api/browse.go:137.2,140.4 1 1
github.com/local/cassonic/src/server/handler/api/browse.go:144.69,153.13 7 1
github.com/local/cassonic/src/server/handler/api/browse.go:153.13,155.17 2 1
github.com/local/cassonic/src/server/handler/api/browse.go:155.17,158.4 2 1
github.com/local/cassonic/src/server/handler/api/browse.go:159.3,160.9 2 1
github.com/local/cassonic/src/server/handler/api/browse.go:163.2,163.22 1 1
github.com/local/cassonic/src/server/handler/api/browse.go:163.22,165.33 2 1
github.com/local/cassonic/src/server/handler/api/browse.go:165.33,168.4 2 1
github.com/local/cassonic/src/server/handler/api/browse.go:169.3,170.17 2 1
github.com/local/cassonic/src/server/handler/api/browse.go:170.17,173.4 2 1
github.com/local/cassonic/src/server/handler/api/browse.go:174.3,175.9 2 1
github.com/local/cassonic/src/server/handler/api/browse.go:178.2,178.23 1 1
github.com/local/cassonic/src/server/handler/api/browse.go:178.23,180.34 2 1
github.com/local/cassonic/src/server/handler/api/browse.go:180.34,183.4 2 1
github.com/local/cassonic/src/server/handler/api/browse.go:184.3,185.17 2 1
github.com/local/cassonic/src/server/handler/api/browse.go:185.17,188.4 2 1
github.com/local/cassonic/src/server/handler/api/browse.go:189.3,190.9 2 1
github.com/local/cassonic/src/server/handler/api/browse.go:193.2,193.17 1 1
github.com/local/cassonic/src/server/handler/api/browse.go:193.17,195.17 2 1
github.com/local/cassonic/src/server/handler/api/browse.go:195.17,198.4 2 1
github.com/local/cassonic/src/server/handler/api/browse.go:199.3,200.9 2 1
github.com/local/cassonic/src/server/handler/api/browse.go:203.2,204.16 2 1
github.com/local/cassonic/src/server/handler/api/browse.go:204.16,207.3 2 1
github.com/local/cassonic/src/server/handler/api/browse.go:209.2,209.61 1 1
github.com/local/cassonic/src/server/handler/api/browse.go:213.67,215.16 2 1
github.com/local/cassonic/src/server/handler/api/browse.go:215.16,218.3 2 1
github.com/local/cassonic/src/server/handler/api/browse.go:220.2,221.31 2 1
github.com/local/cassonic/src/server/handler/api/browse.go:221.31,224.3 2 1
github.com/local/cassonic/src/server/handler/api/browse.go:226.2,226.59 1 1
github.com/local/cassonic/src/server/handler/api/browse.go:230.70,232.16 2 1
github.com/local/cassonic/src/server/handler/api/browse.go:232.16,235.3 2 1
github.com/local/cassonic/src/server/handler/api/browse.go:237.2,240.4 1 1
github.com/local/cassonic/src/server/handler/api/browse.go:244.66,246.13 2 1
github.com/local/cassonic/src/server/handler/api/browse.go:246.13,249.3 2 1
github.com/local/cassonic/src/server/handler/api/browse.go:251.2,255.16 4 1
github.com/local/cassonic/src/server/handler/api/browse.go:255.16,257.3 1 1
github.com/local/cassonic/src/server/handler/api/browse.go:259.2,260.16 2 1
github.com/local/cassonic/src/server/handler/api/browse.go:260.16,262.3 1 1
github.com/local/cassonic/src/server/handler/api/browse.go:264.2,265.16 2 1
github.com/local/cassonic/src/server/handler/api/browse.go:265.16,267.3 1 1
github.com/local/cassonic/src/server/handler/api/browse.go:269.2,273.4 1 1
github.com/local/cassonic/src/server/handler/api/health.go:22.66,26.65 3 1
github.com/local/cassonic/src/server/handler/api/health.go:26.65,28.3 1 1
github.com/local/cassonic/src/server/handler/api/health.go:29.2,29.61 1 1
github.com/local/cassonic/src/server/handler/api/health.go:29.61,31.3 1 1
github.com/local/cassonic/src/server/handler/api/health.go:33.2,34.53 2 1
github.com/local/cassonic/src/server/handler/api/health.go:34.53,36.3 1 1
github.com/local/cassonic/src/server/handler/api/health.go:38.2,38.30 1 1
github.com/local/cassonic/src/server/handler/api/health.go:39.15,42.58 2 1
github.com/local/cassonic/src/server/handler/api/health.go:43.14,47.58 2 1
github.com/local/cassonic/src/server/handler/api/health.go:48.10,58.5 2 1
github.com/local/cassonic/src/server/handler/api/health.go:64.67,65.30 1 1
github.com/local/cassonic/src/server/handler/api/health.go:66.15,68.87 2 1
github.com/local/cassonic/src/server/handler/api/health.go:69.14,73.33 2 1
github.com/local/cassonic/src/server/handler/api/health.go:74.10,79.5 1 1
github.com/local/cassonic/src/server/handler/api/health.go:84.67,85.14 1 0
github.com/local/cassonic/src/server/handler/api/health.go:85.14,88.3 2 0
github.com/local/cassonic/src/server/handler/api/health.go:90.2,90.36 1 0
github.com/local/cassonic/src/server/handler/api/icecast.go:15.63,28.2 1 1
github.com/local/cassonic/src/server/handler/api/icecast.go:31.78,33.16 2 1
github.com/local/cassonic/src/server/handler/api/icecast.go:33.16,36.3 2 1
github.com/local/cassonic/src/server/handler/api/icecast.go:38.2,39.28 2 1
github.com/local/cassonic/src/server/handler/api/icecast.go:39.28,41.3 1 1
github.com/local/cassonic/src/server/handler/api/icecast.go:43.2,46.4 1 1
github.com/local/cassonic/src/server/handler/api/icecast.go:61.79,63.61 2 1
github.com/local/cassonic/src/server/handler/api/icecast.go:63.61,66.3 2 1
github.com/local/cassonic/src/server/handler/api/icecast.go:67.2,67.38 1 1
github.com/local/cassonic/src/server/handler/api/icecast.go:67.38,70.3 2 1
github.com/local/cassonic/src/server/handler/api/icecast.go:71.2,71.19 1 1
github.com/local/cassonic/src/server/handler/api/icecast.go:71.19,73.3 1 1
github.com/local/cassonic/src/server/handler/api/icecast.go:74.2,74.24 1 1
github.com/local/cassonic/src/server/handler/api/icecast.go:74.24,76.3 1 1
github.com/local/cassonic/src/server/handler/api/icecast.go:77.2,77.26 1 1
github.com/local/cassonic/src/server/handler/api/icecast.go:77.26,79.3 1 1
github.com/local/cassonic/src/server/handler/api/icecast.go:81.2,92.16 3 1
github.com/local/cassonic/src/server/handler/api/icecast.go:92.16,95.3 2 1
github.com/local/cassonic/src/server/handler/api/icecast.go:96.2,98.56 2 1
github.com/local/cassonic/src/server/handler/api/icecast.go:102.76,104.16 2 1
github.com/local/cassonic/src/server/handler/api/icecast.go:104.16,107.3 2 1
github.com/local/cassonic/src/server/handler/api/icecast.go:109.2,110.28 2 1
github.com/local/cassonic/src/server/handler/api/icecast.go:110.28,113.3 2 1
github.com/local/cassonic/src/server/handler/api/icecast.go:115.2,115.51 1 1
github.com/local/cassonic/src/server/handler/api/icecast.go:130.79,132.16 2 1
github.com/local/cassonic/src/server/handler/api/icecast.go:132.16,135.3 2 0
github.com/local/cassonic/src/server/handler/api/icecast.go:137.2,138.28 2 1
github.com/local/cassonic/src/server/handler/api/icecast.go:138.28,141.3 2 1
github.com/local/cassonic/src/server/handler/api/icecast.go:143.2,144.61 2 1
github.com/local/cassonic/src/server/handler/api/icecast.go:144.61,147.3 2 0
github.com/local/cassonic/src/server/handler/api/icecast.go:149.2,149.20 1 1
github.com/local/cassonic/src/server/handler/api/icecast.go:149.20,151.3 1 1
github.com/local/cassonic/src/server/handler/api/icecast.go:152.2,152.20 1 1
github.com/local/cassonic/src/server/handler/api/icecast.go:152.20,154.3 1 0
github.com/local/cassonic/src/server/handler/api/icecast.go:155.2,155.21 1 1
github.com/local/cassonic/src/server/handler/api/icecast.go:155.21,157.3 1 0
github.com/local/cassonic/src/server/handler/api/icecast.go:158.2,158.24 1 1
github.com/local/cassonic/src/server/handler/api/icecast.go:158.24,160.3 1 0
github.com/local/cassonic/src/server/handler/api/icecast.go:161.2,161.26 1 1
github.com/local/cassonic/src/server/handler/api/icecast.go:161.26,163.3 1 0
github.com/local/cassonic/src/server/handler/api/icecast.go:164.2,164.26 1 1
github.com/local/cassonic/src/server/handler/api/icecast.go:164.26,166.3 1 0
github.com/local/cassonic/src/server/handler/api/icecast.go:167.2,167.24 1 1
github.com/local/cassonic/src/server/handler/api/icecast.go:167.24,169.3 1 0
github.com/local/cassonic/src/server/handler/api/icecast.go:171.2,171.66 1 1
github.com/local/cassonic/src/server/handler/api/icecast.go:171.66,174.3 2 0
github.com/local/cassonic/src/server/handler/api/icecast.go:176.2,176.51 1 1
github.com/local/cassonic/src/server/handler/api/icecast.go:180.79,182.16 2 1
github.com/local/cassonic/src/server/handler/api/icecast.go:182.16,185.3 2 0
github.com/local/cassonic/src/server/handler/api/icecast.go:187.2,187.67 1 1
github.com/local/cassonic/src/server/handler/api/icecast.go:187.67,190.3 2 1
github.com/local/cassonic/src/server/handler/api/icecast.go:192.2,192.47 1 1
github.com/local/cassonic/src/server/handler/api/icecast.go:196.77,198.16 2 1
github.com/local/cassonic/src/server/handler/api/icecast.go:198.16,201.3 2 1
github.com/local/cassonic/src/server/handler/api/icecast.go:203.2,206.4 1 1
github.com/local/cassonic/src/server/handler/api/icecast.go:225.78,227.61 2 1
github.com/local/cassonic/src/server/handler/api/icecast.go:227.61,230.3 2 0
github.com/local/cassonic/src/server/handler/api/icecast.go:231.2,231.46 1 1
github.com/local/cassonic/src/server/handler/api/icecast.go:231.46,234.3 2 1
github.com/local/cassonic/src/server/handler/api/icecast.go:235.2,235.22 1 1
github.com/local/cassonic/src/server/handler/api/icecast.go:235.22,237.3 1 1
github.com/local/cassonic/src/server/handler/api/icecast.go:238.2,238.22 1 1
github.com/local/cassonic/src/server/handler/api/icecast.go:238.22,240.3 1 1
github.com/local/cassonic/src/server/handler/api/icecast.go:241.2,241.21 1 1
github.com/local/cassonic/src/server/handler/api/icecast.go:241.21,243.3 1 1
github.com/local/cassonic/src/server/handler/api/icecast.go:245.2,261.16 3 1
github.com/local/cassonic/src/server/handler/api/icecast.go:261.16,264.3 2 0
github.com/local/cassonic/src/server/handler/api/icecast.go:265.2,267.37 2 1
github.com/local/cassonic/src/server/handler/api/icecast.go:271.75,273.16 2 1
github.com/local/cassonic/src/server/handler/api/icecast.go:273.16,276.3 2 0
github.com/local/cassonic/src/server/handler/api/icecast.go:278.2,279.28 2 1
github.com/local/cassonic/src/server/handler/api/icecast.go:279.28,282.3 2 1
github.com/local/cassonic/src/server/handler/api/icecast.go:284.2,284.32 1 1
github.com/local/cassonic/src/server/handler/api/icecast.go:301.78,303.16 2 1
github.com/local/cassonic/src/server/handler/api/icecast.go:303.16,306.3 2 0
github.com/local/cassonic/src/server/handler/api/icecast.go:308.2,309.28 2 1
github.com/local/cassonic/src/server/handler/api/icecast.go:309.28,312.3 2 0
github.com/local/cassonic/src/server/handler/api/icecast.go:314.2,315.61 2 1
github.com/local/cassonic/src/server/handler/api/icecast.go:315.61,318.3 2 0
github.com/local/cassonic/src/server/handler/api/icecast.go:320.2,320.20 1 1
github.com/local/cassonic/src/server/handler/api/icecast.go:320.20,322.3 1 1
github.com/local/cassonic/src/server/handler/api/icecast.go:323.2,323.27 1 1
github.com/local/cassonic/src/server/handler/api/icecast.go:323.27,325.3 1 0
github.com/local/cassonic/src/server/handler/api/icecast.go:326.2,326.21 1 1
github.com/local/cassonic/src/server/handler/api/icecast.go:326.21,328.3 1 0
github.com/local/cassonic/src/server/handler/api/icecast.go:329.2,329.25 1 1
github.com/local/cassonic/src/server/handler/api/icecast.go:329.25,331.3 1 0
github.com/local/cassonic/src/server/handler/api/icecast.go:332.2,332.21 1 1
github.com/local/cassonic/src/server/handler/api/icecast.go:332.21,334.3 1 0
github.com/local/cassonic/src/server/handler/api/icecast.go:335.2,335.22 1 1
github.com/local/cassonic/src/server/handler/api/icecast.go:335.22,337.3 1 0
github.com/local/cassonic/src/server/handler/api/icecast.go:338.2,338.24 1 1
github.com/local/cassonic/src/server/handler/api/icecast.go:338.24,340.3 1 0
github.com/local/cassonic/src/server/handler/api/icecast.go:341.2,341.24 1 1
github.com/local/cassonic/src/server/handler/api/icecast.go:341.24,343.3 1 0
github.com/local/cassonic/src/server/handler/api/icecast.go:344.2,344.24 1 1
github.com/local/cassonic/src/server/handler/api/icecast.go:344.24,346.3 1 1
github.com/local/cassonic/src/server/handler/api/icecast.go:348.2,348.65 1 1
github.com/local/cassonic/src/server/handler/api/icecast.go:348.65,351.3 2 0
github.com/local/cassonic/src/server/handler/api/icecast.go:353.2,353.32 1 1
github.com/local/cassonic/src/server/handler/api/icecast.go:357.78,359.16 2 1
github.com/local/cassonic/src/server/handler/api/icecast.go:359.16,362.3 2 0
github.com/local/cassonic/src/server/handler/api/icecast.go:364.2,364.66 1 1
github.com/local/cassonic/src/server/handler/api/icecast.go:364.66,367.3 2 0
github.com/local/cassonic/src/server/handler/api/icecast.go:369.2,369.47 1 1
github.com/local/cassonic/src/server/handler/api/icecast.go:373.77,375.16 2 1
github.com/local/cassonic/src/server/handler/api/icecast.go:375.16,378.3 2 0
github.com/local/cassonic/src/server/handler/api/icecast.go:380.2,381.28 2 1
github.com/local/cassonic/src/server/handler/api/icecast.go:381.28,384.3 2 1
github.com/local/cassonic/src/server/handler/api/icecast.go:386.2,387.65 2 1
github.com/local/cassonic/src/server/handler/api/icecast.go:387.65,390.3 2 0
github.com/local/cassonic/src/server/handler/api/icecast.go:392.2,392.66 1 1
github.com/local/cassonic/src/server/handler/api/icecast.go:396.76,398.16 2 1
github.com/local/cassonic/src/server/handler/api/icecast.go:398.16,401.3 2 0
github.com/local/cassonic/src/server/handler/api/icecast.go:403.2,404.28 2 1
github.com/local/cassonic/src/server/handler/api/icecast.go:404.28,407.3 2 1
github.com/local/cassonic/src/server/handler/api/icecast.go:409.2,410.65 2 1
github.com/local/cassonic/src/server/handler/api/icecast.go:410.65,413.3 2 0
github.com/local/cassonic/src/server/handler/api/icecast.go:415.2,415.66 1 1
github.com/local/cassonic/src/server/handler/api/icecast.go:419.78,421.16 2 1
github.com/local/cassonic/src/server/handler/api/icecast.go:421.16,424.3 2 0
github.com/local/cassonic/src/server/handler/api/icecast.go:426.2,427.28 2 1
github.com/local/cassonic/src/server/handler/api/icecast.go:427.28,430.3 2 1
github.com/local/cassonic/src/server/handler/api/icecast.go:432.2,438.4 1 1
github.com/local/cassonic/src/server/handler/api/library.go:15.73,17.16 2 1
github.com/local/cassonic/src/server/handler/api/library.go:17.16,20.3 2 1
github.com/local/cassonic/src/server/handler/api/library.go:22.2,25.4 1 1
github.com/local/cassonic/src/server/handler/api/library.go:35.73,37.61 2 1
github.com/local/cassonic/src/server/handler/api/library.go:37.61,40.3 2 1
github.com/local/cassonic/src/server/handler/api/library.go:41.2,41.38 1 1
github.com/local/cassonic/src/server/handler/api/library.go:41.38,44.3 2 1
github.com/local/cassonic/src/server/handler/api/library.go:46.2,46.45 1 1
github.com/local/cassonic/src/server/handler/api/library.go:46.45,49.3 2 1
github.com/local/cassonic/src/server/handler/api/library.go:51.2,58.16 3 1
github.com/local/cassonic/src/server/handler/api/library.go:58.16,61.3 2 1
github.com/local/cassonic/src/server/handler/api/library.go:62.2,64.39 2 1
github.com/local/cassonic/src/server/handler/api/library.go:68.70,70.16 2 1
github.com/local/cassonic/src/server/handler/api/library.go:70.16,73.3 2 1
github.com/local/cassonic/src/server/handler/api/library.go:75.2,76.30 2 1
github.com/local/cassonic/src/server/handler/api/library.go:76.30,79.3 2 1
github.com/local/cassonic/src/server/handler/api/library.go:81.2,81.34 1 1
github.com/local/cassonic/src/server/handler/api/library.go:92.73,94.16 2 1
github.com/local/cassonic/src/server/handler/api/library.go:94.16,97.3 2 1
github.com/local/cassonic/src/server/handler/api/library.go:99.2,100.30 2 1
github.com/local/cassonic/src/server/handler/api/library.go:100.30,103.3 2 1
github.com/local/cassonic/src/server/handler/api/library.go:105.2,106.61 2 1
github.com/local/cassonic/src/server/handler/api/library.go:106.61,109.3 2 0
github.com/local/cassonic/src/server/handler/api/library.go:111.2,111.20 1 1
github.com/local/cassonic/src/server/handler/api/library.go:111.20,113.3 1 1
github.com/local/cassonic/src/server/handler/api/library.go:114.2,114.20 1 1
github.com/local/cassonic/src/server/handler/api/library.go:114.20,115.46 1 0
github.com/local/cassonic/src/server/handler/api/library.go:115.46,118.4 2 0
github.com/local/cassonic/src/server/handler/api/library.go:119.3,119.22 1 0
github.com/local/cassonic/src/server/handler/api/library.go:121.2,121.24 1 1
github.com/local/cassonic/src/server/handler/api/library.go:121.24,123.3 1 0
github.com/local/cassonic/src/server/handler/api/library.go:125.2,125.67 1 1
github.com/local/cassonic/src/server/handler/api/library.go:125.67,128.3 2 1
github.com/local/cassonic/src/server/handler/api/library.go:130.2,130.34 1 1
github.com/local/cassonic/src/server/handler/api/library.go:134.73,136.16 2 1
github.com/local/cassonic/src/server/handler/api/library.go:136.16,139.3 2 1
github.com/local/cassonic/src/server/handler/api/library.go:141.2,141.66 1 1
github.com/local/cassonic/src/server/handler/api/library.go:141.66,144.3 2 1
github.com/local/cassonic/src/server/handler/api/library.go:146.2,146.47 1 1
github.com/local/cassonic/src/server/handler/api/library.go:150.71,152.16 2 0
github.com/local/cassonic/src/server/handler/api/library.go:152.16,155.3 2 0
github.com/local/cassonic/src/server/handler/api/library.go:157.2,158.30 2 0
github.com/local/cassonic/src/server/handler/api/library.go:158.30,161.3 2 0
github.com/local/cassonic/src/server/handler/api/library.go:163.2,167.16 3 0
github.com/local/cassonic/src/server/handler/api/library.go:167.16,170.3 2 0
github.com/local/cassonic/src/server/handler/api/library.go:172.2,172.12 1 0
github.com/local/cassonic/src/server/handler/api/library.go:172.12,173.23 1 0
github.com/local/cassonic/src/server/handler/api/library.go:173.23,175.4 1 0
github.com/local/cassonic/src/server/handler/api/library.go:178.2,180.4 1 0
github.com/local/cassonic/src/server/handler/api/playlists.go:16.73,18.17 2 1
github.com/local/cassonic/src/server/handler/api/playlists.go:18.17,21.3 2 1
github.com/local/cassonic/src/server/handler/api/playlists.go:23.2,24.16 2 1
github.com/local/cassonic/src/server/handler/api/playlists.go:24.16,27.3 2 1
github.com/local/cassonic/src/server/handler/api/playlists.go:29.2,32.4 1 1
github.com/local/cassonic/src/server/handler/api/playlists.go:43.74,45.17 2 1
github.com/local/cassonic/src/server/handler/api/playlists.go:45.17,48.3 2 1
github.com/local/cassonic/src/server/handler/api/playlists.go:50.2,51.61 2 1
github.com/local/cassonic/src/server/handler/api/playlists.go:51.61,54.3 2 1
github.com/local/cassonic/src/server/handler/api/playlists.go:55.2,55.20 1 1
github.com/local/cassonic/src/server/handler/api/playlists.go:55.20,58.3 2 1
github.com/local/cassonic/src/server/handler/api/playlists.go:60.2,68.16 3 1
github.com/local/cassonic/src/server/handler/api/playlists.go:68.16,71.3 2 1
github.com/local/cassonic/src/server/handler/api/playlists.go:72.2,74.38 2 1
github.com/local/cassonic/src/server/handler/api/playlists.go:78.71,80.17 2 1
github.com/local/cassonic/src/server/handler/api/playlists.go:80.17,83.3 2 1
github.com/local/cassonic/src/server/handler/api/playlists.go:85.2,86.16 2 1
github.com/local/cassonic/src/server/handler/api/playlists.go:86.16,89.3 2 1
github.com/local/cassonic/src/server/handler/api/playlists.go:91.2,92.29 2 1
github.com/local/cassonic/src/server/handler/api/playlists.go:92.29,95.3 2 1
github.com/local/cassonic/src/server/handler/api/playlists.go:97.2,97.59 1 1
github.com/local/cassonic/src/server/handler/api/playlists.go:97.59,100.3 2 1
github.com/local/cassonic/src/server/handler/api/playlists.go:102.2,102.33 1 1
github.com/local/cassonic/src/server/handler/api/playlists.go:113.74,115.17 2 1
github.com/local/cassonic/src/server/handler/api/playlists.go:115.17,118.3 2 1
github.com/local/cassonic/src/server/handler/api/playlists.go:120.2,121.16 2 1
github.com/local/cassonic/src/server/handler/api/playlists.go:121.16,124.3 2 1
github.com/local/cassonic/src/server/handler/api/playlists.go:126.2,127.29 2 1
github.com/local/cassonic/src/server/handler/api/playlists.go:127.29,130.3 2 1
github.com/local/cassonic/src/server/handler/api/playlists.go:132.2,132.43 1 1
github.com/local/cassonic/src/server/handler/api/playlists.go:132.43,135.3 2 1
github.com/local/cassonic/src/server/handler/api/playlists.go:137.2,138.61 2 1
github.com/local/cassonic/src/server/handler/api/playlists.go:138.61,141.3 2 0
github.com/local/cassonic/src/server/handler/api/playlists.go:143.2,143.20 1 1
github.com/local/cassonic/src/server/handler/api/playlists.go:143.20,145.3 1 1
github.com/local/cassonic/src/server/handler/api/playlists.go:146.2,146.23 1 1
github.com/local/cassonic/src/server/handler/api/playlists.go:146.23,148.3 1 0
github.com/local/cassonic/src/server/handler/api/playlists.go:149.2,149.25 1 1
github.com/local/cassonic/src/server/handler/api/playlists.go:149.25,151.3 1 0
github.com/local/cassonic/src/server/handler/api/playlists.go:153.2,153.71 1 1
github.com/local/cassonic/src/server/handler/api/playlists.go:153.71,156.3 2 1
github.com/local/cassonic/src/server/handler/api/playlists.go:158.2,158.33 1 1
github.com/local/cassonic/src/server/handler/api/playlists.go:162.74,164.17 2 1
github.com/local/cassonic/src/server/handler/api/playlists.go:164.17,167.3 2 1
github.com/local/cassonic/src/server/handler/api/playlists.go:169.2,170.16 2 1
github.com/local/cassonic/src/server/handler/api/playlists.go:170.16,173.3 2 1
github.com/local/cassonic/src/server/handler/api/playlists.go:175.2,176.29 2 1
github.com/local/cassonic/src/server/handler/api/playlists.go:176.29,179.3 2 1
github.com/local/cassonic/src/server/handler/api/playlists.go:181.2,181.43 1 1
github.com/local/cassonic/src/server/handler/api/playlists.go:181.43,184.3 2 1
github.com/local/cassonic/src/server/handler/api/playlists.go:186.2,186.71 1 1
github.com/local/cassonic/src/server/handler/api/playlists.go:186.71,189.3 2 1
github.com/local/cassonic/src/server/handler/api/playlists.go:191.2,191.47 1 1
github.com/local/cassonic/src/server/handler/api/playlists.go:195.76,197.17 2 1
github.com/local/cassonic/src/server/handler/api/playlists.go:197.17,200.3 2 1
github.com/local/cassonic/src/server/handler/api/playlists.go:202.2,203.16 2 1
github.com/local/cassonic/src/server/handler/api/playlists.go:203.16,206.3 2 1
github.com/local/cassonic/src/server/handler/api/playlists.go:208.2,209.29 2 1
github.com/local/cassonic/src/server/handler/api/playlists.go:209.29,212.3 2 1
github.com/local/cassonic/src/server/handler/api/playlists.go:214.2,214.59 1 1
github.com/local/cassonic/src/server/handler/api/playlists.go:214.59,217.3 2 1
github.com/local/cassonic/src/server/handler/api/playlists.go:219.2,220.16 2 1
github.com/local/cassonic/src/server/handler/api/playlists.go:220.16,223.3 2 1
github.com/local/cassonic/src/server/handler/api/playlists.go:225.2,226.32 2 1
github.com/local/cassonic/src/server/handler/api/playlists.go:226.32,228.32 2 1
github.com/local/cassonic/src/server/handler/api/playlists.go:228.32,229.12 1 1
github.com/local/cassonic/src/server/handler/api/playlists.go:231.3,234.5 1 1
github.com/local/cassonic/src/server/handler/api/playlists.go:237.2,240.4 1 1
github.com/local/cassonic/src/server/handler/api/playlists.go:249.76,251.17 2 1
github.com/local/cassonic/src/server/handler/api/playlists.go:251.17,254.3 2 1
github.com/local/cassonic/src/server/handler/api/playlists.go:256.2,257.16 2 1
github.com/local/cassonic/src/server/handler/api/playlists.go:257.16,260.3 2 1
github.com/local/cassonic/src/server/handler/api/playlists.go:262.2,263.29 2 1
github.com/local/cassonic/src/server/handler/api/playlists.go:263.29,266.3 2 1
github.com/local/cassonic/src/server/handler/api/playlists.go:268.2,268.43 1 1
github.com/local/cassonic/src/server/handler/api/playlists.go:268.43,271.3 2 1
github.com/local/cassonic/src/server/handler/api/playlists.go:273.2,274.61 2 1
github.com/local/cassonic/src/server/handler/api/playlists.go:274.61,277.3 2 0
github.com/local/cassonic/src/server/handler/api/playlists.go:278.2,278.27 1 1
github.com/local/cassonic/src/server/handler/api/playlists.go:278.27,281.3 2 1
github.com/local/cassonic/src/server/handler/api/playlists.go:283.2,283.83 1 1
github.com/local/cassonic/src/server/handler/api/playlists.go:283.83,286.3 2 1
github.com/local/cassonic/src/server/handler/api/playlists.go:288.2,288.47 1 1
github.com/local/cassonic/src/server/handler/api/playlists.go:292.78,294.17 2 1
github.com/local/cassonic/src/server/handler/api/playlists.go:294.17,297.3 2 1
github.com/local/cassonic/src/server/handler/api/playlists.go:299.2,300.16 2 1
github.com/local/cassonic/src/server/handler/api/playlists.go:300.16,303.3 2 1
github.com/local/cassonic/src/server/handler/api/playlists.go:305.2,307.31 3 1
github.com/local/cassonic/src/server/handler/api/playlists.go:307.31,310.3 2 1
github.com/local/cassonic/src/server/handler/api/playlists.go:312.2,313.29 2 1
github.com/local/cassonic/src/server/handler/api/playlists.go:313.29,316.3 2 1
github.com/local/cassonic/src/server/handler/api/playlists.go:318.2,318.43 1 1
github.com/local/cassonic/src/server/handler/api/playlists.go:318.43,321.3 2 1
github.com/local/cassonic/src/server/handler/api/playlists.go:323.2,324.16 2 1
github.com/local/cassonic/src/server/handler/api/playlists.go:324.16,327.3 2 0
github.com/local/cassonic/src/server/handler/api/playlists.go:329.2,330.28 2 1
github.com/local/cassonic/src/server/handler/api/playlists.go:330.28,331.25 1 1
github.com/local/cassonic/src/server/handler/api/playlists.go:331.25,333.9 2 1
github.com/local/cassonic/src/server/handler/api/playlists.go:337.2,337.19 1 1
github.com/local/cassonic/src/server/handler/api/playlists.go:337.19,340.3 2 1
github.com/local/cassonic/src/server/handler/api/playlists.go:342.2,342.93 1 1
github.com/local/cassonic/src/server/handler/api/playlists.go:342.93,345.3 2 1
github.com/local/cassonic/src/server/handler/api/playlists.go:347.2,347.47 1 1
github.com/local/cassonic/src/server/handler/api/podcasts.go:13.72,15.16 2 1
github.com/local/cassonic/src/server/handler/api/podcasts.go:15.16,18.3 2 1
github.com/local/cassonic/src/server/handler/api/podcasts.go:20.2,23.4 1 1
github.com/local/cassonic/src/server/handler/api/podcasts.go:32.73,34.61 2 1
github.com/local/cassonic/src/server/handler/api/podcasts.go:34.61,37.3 2 1
github.com/local/cassonic/src/server/handler/api/podcasts.go:38.2,38.19 1 1
github.com/local/cassonic/src/server/handler/api/podcasts.go:38.19,41.3 2 1
github.com/local/cassonic/src/server/handler/api/podcasts.go:43.2,49.16 3 1
github.com/local/cassonic/src/server/handler/api/podcasts.go:49.16,52.3 2 1
github.com/local/cassonic/src/server/handler/api/podcasts.go:53.2,55.38 2 1
github.com/local/cassonic/src/server/handler/api/podcasts.go:59.70,61.16 2 1
github.com/local/cassonic/src/server/handler/api/podcasts.go:61.16,64.3 2 1
github.com/local/cassonic/src/server/handler/api/podcasts.go:66.2,67.29 2 1
github.com/local/cassonic/src/server/handler/api/podcasts.go:67.29,70.3 2 1
github.com/local/cassonic/src/server/handler/api/podcasts.go:72.2,72.33 1 1
github.com/local/cassonic/src/server/handler/api/podcasts.go:82.73,84.16 2 1
github.com/local/cassonic/src/server/handler/api/podcasts.go:84.16,87.3 2 0
github.com/local/cassonic/src/server/handler/api/podcasts.go:89.2,90.29 2 1
github.com/local/cassonic/src/server/handler/api/podcasts.go:90.29,93.3 2 1
github.com/local/cassonic/src/server/handler/api/podcasts.go:95.2,96.61 2 1
github.com/local/cassonic/src/server/handler/api/podcasts.go:96.61,99.3 2 0
github.com/local/cassonic/src/server/handler/api/podcasts.go:101.2,101.21 1 1
github.com/local/cassonic/src/server/handler/api/podcasts.go:101.21,103.3 1 1
github.com/local/cassonic/src/server/handler/api/podcasts.go:104.2,104.27 1 1
github.com/local/cassonic/src/server/handler/api/podcasts.go:104.27,106.3 1 0
github.com/local/cassonic/src/server/handler/api/podcasts.go:108.2,108.69 1 1
github.com/local/cassonic/src/server/handler/api/podcasts.go:108.69,111.3 2 0
github.com/local/cassonic/src/server/handler/api/podcasts.go:113.2,113.33 1 1
github.com/local/cassonic/src/server/handler/api/podcasts.go:117.73,119.16 2 1
github.com/local/cassonic/src/server/handler/api/podcasts.go:119.16,122.3 2 0
github.com/local/cassonic/src/server/handler/api/podcasts.go:124.2,124.69 1 1
github.com/local/cassonic/src/server/handler/api/podcasts.go:124.69,127.3 2 1
github.com/local/cassonic/src/server/handler/api/podcasts.go:129.2,129.47 1 1
github.com/local/cassonic/src/server/handler/api/podcasts.go:133.79,135.16 2 1
github.com/local/cassonic/src/server/handler/api/podcasts.go:135.16,138.3 2 0
github.com/local/cassonic/src/server/handler/api/podcasts.go:140.2,141.29 2 1
github.com/local/cassonic/src/server/handler/api/podcasts.go:141.29,144.3 2 1
github.com/local/cassonic/src/server/handler/api/podcasts.go:146.2,147.16 2 1
github.com/local/cassonic/src/server/handler/api/podcasts.go:147.16,150.3 2 0
github.com/local/cassonic/src/server/handler/api/podcasts.go:152.2,155.4 1 1
github.com/local/cassonic/src/server/handler/api/podcasts.go:159.77,161.16 2 1
github.com/local/cassonic/src/server/handler/api/podcasts.go:161.16,164.3 2 0
github.com/local/cassonic/src/server/handler/api/podcasts.go:166.2,167.29 2 1
github.com/local/cassonic/src/server/handler/api/podcasts.go:167.29,170.3 2 1
github.com/local/cassonic/src/server/handler/api/podcasts.go:172.2,172.33 1 1
github.com/local/cassonic/src/server/handler/api/podcasts.go:176.82,178.16 2 1
github.com/local/cassonic/src/server/handler/api/podcasts.go:178.16,181.3 2 0
github.com/local/cassonic/src/server/handler/api/podcasts.go:183.2,184.29 2 1
github.com/local/cassonic/src/server/handler/api/podcasts.go:184.29,187.3 2 1
github.com/local/cassonic/src/server/handler/api/podcasts.go:189.2,189.111 1 1
github.com/local/cassonic/src/server/handler/api/podcasts.go:189.111,192.3 2 1
github.com/local/cassonic/src/server/handler/api/podcasts.go:194.2,194.97 1 1
github.com/local/cassonic/src/server/handler/api/podcasts.go:198.80,202.16 3 1
github.com/local/cassonic/src/server/handler/api/podcasts.go:202.16,205.3 2 1
github.com/local/cassonic/src/server/handler/api/podcasts.go:207.2,207.69 1 1
github.com/local/cassonic/src/server/handler/api/podcasts.go:207.69,210.3 2 1
github.com/local/cassonic/src/server/handler/api/podcasts.go:212.2,212.47 1 1
github.com/local/cassonic/src/server/handler/api/shares.go:19.43,21.40 2 1
github.com/local/cassonic/src/server/handler/api/shares.go:21.40,23.3 1 0
github.com/local/cassonic/src/server/handler/api/shares.go:24.2,24.53 1 1
github.com/local/cassonic/src/server/handler/api/shares.go:28.48,31.2 2 1
github.com/local/cassonic/src/server/handler/api/shares.go:34.70,36.17 2 1
github.com/local/cassonic/src/server/handler/api/shares.go:36.17,39.3 2 1
github.com/local/cassonic/src/server/handler/api/shares.go:41.2,42.16 2 1
github.com/local/cassonic/src/server/handler/api/shares.go:42.16,45.3 2 1
github.com/local/cassonic/src/server/handler/api/shares.go:47.2,50.4 1 1
github.com/local/cassonic/src/server/handler/api/shares.go:63.71,65.17 2 1
github.com/local/cassonic/src/server/handler/api/shares.go:65.17,68.3 2 1
github.com/local/cassonic/src/server/handler/api/shares.go:70.2,71.61 2 1
github.com/local/cassonic/src/server/handler/api/shares.go:71.61,74.3 2 1
github.com/local/cassonic/src/server/handler/api/shares.go:75.2,75.43 1 1
github.com/local/cassonic/src/server/handler/api/shares.go:75.43,78.3 2 1
github.com/local/cassonic/src/server/handler/api/shares.go:80.2,81.16 2 1
github.com/local/cassonic/src/server/handler/api/shares.go:81.16,84.3 2 0
github.com/local/cassonic/src/server/handler/api/shares.go:86.2,87.25 2 1
github.com/local/cassonic/src/server/handler/api/shares.go:87.25,89.17 2 1
github.com/local/cassonic/src/server/handler/api/shares.go:89.17,92.4 2 1
github.com/local/cassonic/src/server/handler/api/shares.go:95.2,96.24 2 1
github.com/local/cassonic/src/server/handler/api/shares.go:96.24,98.3 1 1
github.com/local/cassonic/src/server/handler/api/shares.go:100.2,111.16 3 1
github.com/local/cassonic/src/server/handler/api/shares.go:111.16,114.3 2 1
github.com/local/cassonic/src/server/handler/api/shares.go:115.2,117.41 2 1
github.com/local/cassonic/src/server/handler/api/shares.go:121.68,123.17 2 1
github.com/local/cassonic/src/server/handler/api/shares.go:123.17,126.3 2 0
github.com/local/cassonic/src/server/handler/api/shares.go:128.2,129.32 2 1
github.com/local/cassonic/src/server/handler/api/shares.go:129.32,132.3 2 1
github.com/local/cassonic/src/server/handler/api/shares.go:134.2,134.23 1 1
github.com/local/cassonic/src/server/handler/api/shares.go:134.23,137.3 2 1
github.com/local/cassonic/src/server/handler/api/shares.go:139.2,139.25 1 1
github.com/local/cassonic/src/server/handler/api/shares.go:139.25,141.21 2 1
github.com/local/cassonic/src/server/handler/api/shares.go:141.21,144.4 2 1
github.com/local/cassonic/src/server/handler/api/shares.go:145.3,146.38 2 1
github.com/local/cassonic/src/server/handler/api/shares.go:146.38,149.4 2 1
github.com/local/cassonic/src/server/handler/api/shares.go:152.2,163.31 3 1
github.com/local/cassonic/src/server/handler/api/shares.go:163.31,165.3 1 1
github.com/local/cassonic/src/server/handler/api/shares.go:167.2,167.44 1 1
github.com/local/cassonic/src/server/handler/api/shares.go:177.71,179.17 2 1
github.com/local/cassonic/src/server/handler/api/shares.go:179.17,182.3 2 1
github.com/local/cassonic/src/server/handler/api/shares.go:184.2,185.16 2 1
github.com/local/cassonic/src/server/handler/api/shares.go:185.16,188.3 2 1
github.com/local/cassonic/src/server/handler/api/shares.go:190.2,191.32 2 1
github.com/local/cassonic/src/server/handler/api/shares.go:191.32,194.3 2 1
github.com/local/cassonic/src/server/handler/api/shares.go:196.2,196.46 1 1
github.com/local/cassonic/src/server/handler/api/shares.go:196.46,199.3 2 1
github.com/local/cassonic/src/server/handler/api/shares.go:201.2,202.61 2 1
github.com/local/cassonic/src/server/handler/api/shares.go:202.61,205.3 2 0
github.com/local/cassonic/src/server/handler/api/shares.go:207.2,207.27 1 1
github.com/local/cassonic/src/server/handler/api/shares.go:207.27,209.3 1 1
github.com/local/cassonic/src/server/handler/api/shares.go:210.2,210.25 1 1
github.com/local/cassonic/src/server/handler/api/shares.go:210.25,212.17 2 1
github.com/local/cassonic/src/server/handler/api/shares.go:212.17,215.4 2 1
github.com/local/cassonic/src/server/handler/api/shares.go:216.3,216.22 1 1
github.com/local/cassonic/src/server/handler/api/shares.go:219.2,219.68 1 1
github.com/local/cassonic/src/server/handler/api/shares.go:219.68,222.3 2 1
github.com/local/cassonic/src/server/handler/api/shares.go:224.2,224.36 1 1
github.com/local/cassonic/src/server/handler/api/shares.go:228.71,230.17 2 1
github.com/local/cassonic/src/server/handler/api/shares.go:230.17,233.3 2 1
github.com/local/cassonic/src/server/handler/api/shares.go:235.2,236.16 2 1
github.com/local/cassonic/src/server/handler/api/shares.go:236.16,239.3 2 1
github.com/local/cassonic/src/server/handler/api/shares.go:241.2,242.32 2 1
github.com/local/cassonic/src/server/handler/api/shares.go:242.32,245.3 2 1
github.com/local/cassonic/src/server/handler/api/shares.go:247.2,247.46 1 1
github.com/local/cassonic/src/server/handler/api/shares.go:247.46,250.3 2 1
github.com/local/cassonic/src/server/handler/api/shares.go:252.2,252.65 1 1
github.com/local/cassonic/src/server/handler/api/shares.go:252.65,255.3 2 1
github.com/local/cassonic/src/server/handler/api/shares.go:257.2,257.47 1 1
github.com/local/cassonic/src/server/handler/api/stream.go:22.39,23.16 1 0
github.com/local/cassonic/src/server/handler/api/stream.go:24.13,25.22 1 0
github.com/local/cassonic/src/server/handler/api/stream.go:26.13,27.21 1 0
github.com/local/cassonic/src/server/handler/api/stream.go:28.14,29.22 1 0
github.com/local/cassonic/src/server/handler/api/stream.go:30.13,31.21 1 0
github.com/local/cassonic/src/server/handler/api/stream.go:32.14,33.22 1 0
github.com/local/cassonic/src/server/handler/api/stream.go:34.10,35.36 1 0
github.com/local/cassonic/src/server/handler/api/stream.go:40.43,41.28 1 0
github.com/local/cassonic/src/server/handler/api/stream.go:41.28,43.3 1 0
github.com/local/cassonic/src/server/handler/api/stream.go:44.2,44.42 1 0
github.com/local/cassonic/src/server/handler/api/stream.go:45.13,46.22 1 0
github.com/local/cassonic/src/server/handler/api/stream.go:47.14,48.22 1 0
github.com/local/cassonic/src/server/handler/api/stream.go:49.13,50.21 1 0
github.com/local/cassonic/src/server/handler/api/stream.go:51.14,52.22 1 0
github.com/local/cassonic/src/server/handler/api/stream.go:53.20,54.21 1 0
github.com/local/cassonic/src/server/handler/api/stream.go:55.13,56.21 1 0
github.com/local/cassonic/src/server/handler/api/stream.go:57.10,58.36 1 0
github.com/local/cassonic/src/server/handler/api/stream.go:63.66,65.17 2 0
github.com/local/cassonic/src/server/handler/api/stream.go:65.17,68.3 2 0
github.com/local/cassonic/src/server/handler/api/stream.go:70.2,71.16 2 0
github.com/local/cassonic/src/server/handler/api/stream.go:71.16,74.3 2 0
github.com/local/cassonic/src/server/handler/api/stream.go:76.2,77.31 2 0
github.com/local/cassonic/src/server/handler/api/stream.go:77.31,80.3 2 0
github.com/local/cassonic/src/server/handler/api/stream.go:82.2,82.46 1 0
github.com/local/cassonic/src/server/handler/api/stream.go:82.46,85.3 2 0
github.com/local/cassonic/src/server/handler/api/stream.go:87.2,90.25 4 0
github.com/local/cassonic/src/server/handler/api/stream.go:90.25,91.65 1 0
github.com/local/cassonic/src/server/handler/api/stream.go:91.65,93.4 1 0
github.com/local/cassonic/src/server/handler/api/stream.go:96.2,97.49 2 0
github.com/local/cassonic/src/server/handler/api/stream.go:97.49,99.3 1 0
github.com/local/cassonic/src/server/handler/api/stream.go:101.2,101.61 1 0
github.com/local/cassonic/src/server/handler/api/stream.go:101.61,105.3 3 0
github.com/local/cassonic/src/server/handler/api/stream.go:107.2,107.21 1 0
github.com/local/cassonic/src/server/handler/api/stream.go:107.21,110.3 2 0
github.com/local/cassonic/src/server/handler/api/stream.go:112.2,119.16 3 0
github.com/local/cassonic/src/server/handler/api/stream.go:119.16,122.3 2 0
github.com/local/cassonic/src/server/handler/api/stream.go:123.2,133.36 7 0
github.com/local/cassonic/src/server/handler/api/stream.go:137.80,139.16 2 0
github.com/local/cassonic/src/server/handler/api/stream.go:139.16,142.3 2 0
github.com/local/cassonic/src/server/handler/api/stream.go:143.2,148.23 5 0
github.com/local/cassonic/src/server/handler/api/stream.go:148.23,150.3 1 0
github.com/local/cassonic/src/server/handler/api/stream.go:152.2,152.67 1 0
github.com/local/cassonic/src/server/handler/api/stream.go:156.94,164.2 1 0
github.com/local/cassonic/src/server/handler/api/stream.go:167.61,169.2 1 0
github.com/local/cassonic/src/server/handler/api/stream.go:172.68,174.17 2 0
github.com/local/cassonic/src/server/handler/api/stream.go:174.17,177.3 2 0
github.com/local/cassonic/src/server/handler/api/stream.go:179.2,180.16 2 0
github.com/local/cassonic/src/server/handler/api/stream.go:180.16,183.3 2 0
github.com/local/cassonic/src/server/handler/api/stream.go:185.2,186.31 2 0
github.com/local/cassonic/src/server/handler/api/stream.go:186.31,189.3 2 0
github.com/local/cassonic/src/server/handler/api/stream.go:191.2,191.46 1 0
github.com/local/cassonic/src/server/handler/api/stream.go:191.46,194.3 2 0
github.com/local/cassonic/src/server/handler/api/stream.go:196.2,197.16 2 0
github.com/local/cassonic/src/server/handler/api/stream.go:197.16,200.3 2 0
github.com/local/cassonic/src/server/handler/api/stream.go:201.2,210.67 8 0
github.com/local/cassonic/src/server/handler/api/stream.go:214.75,216.16 2 0
github.com/local/cassonic/src/server/handler/api/stream.go:216.16,219.3 2 0
github.com/local/cassonic/src/server/handler/api/stream.go:221.2,222.31 2 0
github.com/local/cassonic/src/server/handler/api/stream.go:222.31,225.3 2 0
github.com/local/cassonic/src/server/handler/api/stream.go:227.2,229.19 3 0
github.com/local/cassonic/src/server/handler/api/stream.go:229.19,230.50 1 0
github.com/local/cassonic/src/server/handler/api/stream.go:230.50,232.4 1 0
github.com/local/cassonic/src/server/handler/api/stream.go:235.2,238.37 3 0
github.com/local/cassonic/src/server/handler/api/stream.go:238.37,240.3 1 0
github.com/local/cassonic/src/server/handler/api/stream.go:240.8,242.3 1 0
github.com/local/cassonic/src/server/handler/api/stream.go:244.2,244.16 1 0
github.com/local/cassonic/src/server/handler/api/stream.go:244.16,247.3 2 0
github.com/local/cassonic/src/server/handler/api/stream.go:249.2,255.22 7 0
github.com/local/cassonic/src/server/handler/api/tags.go:15.60,17.24 2 0
github.com/local/cassonic/src/server/handler/api/tags.go:17.24,19.3 1 0
github.com/local/cassonic/src/server/handler/api/tags.go:20.2,21.16 2 0
github.com/local/cassonic/src/server/handler/api/tags.go:21.16,23.3 1 0
github.com/local/cassonic/src/server/handler/api/tags.go:24.2,44.15 21 0
github.com/local/cassonic/src/server/handler/api/tags.go:48.35,50.16 2 0
github.com/local/cassonic/src/server/handler/api/tags.go:50.16,52.3 1 0
github.com/local/cassonic/src/server/handler/api/tags.go:53.2,54.13 2 0
github.com/local/cassonic/src/server/handler/api/tags.go:58.67,60.16 2 0
github.com/local/cassonic/src/server/handler/api/tags.go:60.16,63.3 2 0
github.com/local/cassonic/src/server/handler/api/tags.go:65.2,66.31 2 0
github.com/local/cassonic/src/server/handler/api/tags.go:66.31,69.3 2 0
github.com/local/cassonic/src/server/handler/api/tags.go:71.2,77.4 3 0
github.com/local/cassonic/src/server/handler/api/tags.go:81.69,83.17 2 0
github.com/local/cassonic/src/server/handler/api/tags.go:83.17,86.3 2 0
github.com/local/cassonic/src/server/handler/api/tags.go:88.2,89.16 2 0
github.com/local/cassonic/src/server/handler/api/tags.go:89.16,92.3 2 0
github.com/local/cassonic/src/server/handler/api/tags.go:94.2,95.31 2 0
github.com/local/cassonic/src/server/handler/api/tags.go:95.31,98.3 2 0
github.com/local/cassonic/src/server/handler/api/tags.go:100.2,100.28 1 0
github.com/local/cassonic/src/server/handler/api/tags.go:100.28,103.3 2 0
github.com/local/cassonic/src/server/handler/api/tags.go:105.2,106.16 2 0
github.com/local/cassonic/src/server/handler/api/tags.go:106.16,109.3 2 0
github.com/local/cassonic/src/server/handler/api/tags.go:111.2,112.51 2 0
github.com/local/cassonic/src/server/handler/api/tags.go:112.51,115.3 2 0
github.com/local/cassonic/src/server/handler/api/tags.go:117.2,118.24 2 0
github.com/local/cassonic/src/server/handler/api/tags.go:118.24,120.3 1 0
github.com/local/cassonic/src/server/handler/api/tags.go:122.2,122.54 1 0
github.com/local/cassonic/src/server/handler/api/tags.go:122.54,123.33 1 0
github.com/local/cassonic/src/server/handler/api/tags.go:123.33,126.4 2 0
github.com/local/cassonic/src/server/handler/api/tags.go:127.3,128.9 2 0
github.com/local/cassonic/src/server/handler/api/tags.go:131.2,132.68 2 0
github.com/local/cassonic/src/server/handler/api/tags.go:132.68,135.3 2 0
github.com/local/cassonic/src/server/handler/api/tags.go:137.2,138.62 2 0
github.com/local/cassonic/src/server/handler/api/tags.go:142.72,144.16 2 0
github.com/local/cassonic/src/server/handler/api/tags.go:144.16,147.3 2 0
github.com/local/cassonic/src/server/handler/api/tags.go:149.2,150.31 2 0
github.com/local/cassonic/src/server/handler/api/tags.go:150.31,153.3 2 0
github.com/local/cassonic/src/server/handler/api/tags.go:155.2,155.80 1 0
github.com/local/cassonic/src/server/handler/api/tags.go:159.78,161.17 2 0
github.com/local/cassonic/src/server/handler/api/tags.go:161.17,164.3 2 0
github.com/local/cassonic/src/server/handler/api/tags.go:166.2,167.16 2 0
github.com/local/cassonic/src/server/handler/api/tags.go:167.16,170.3 2 0
github.com/local/cassonic/src/server/handler/api/tags.go:172.2,173.31 2 0
github.com/local/cassonic/src/server/handler/api/tags.go:173.31,176.3 2 0
github.com/local/cassonic/src/server/handler/api/tags.go:178.2,178.55 1 0
github.com/local/cassonic/src/server/handler/api/tags.go:178.55,181.3 2 0
github.com/local/cassonic/src/server/handler/api/tags.go:183.2,184.16 2 0
github.com/local/cassonic/src/server/handler/api/tags.go:184.16,187.3 2 0
github.com/local/cassonic/src/server/handler/api/tags.go:188.2,191.16 3 0
github.com/local/cassonic/src/server/handler/api/tags.go:191.16,194.3 2 0
github.com/local/cassonic/src/server/handler/api/tags.go:196.2,197.20 2 0
github.com/local/cassonic/src/server/handler/api/tags.go:197.20,199.3 1 0
github.com/local/cassonic/src/server/handler/api/tags.go:201.2,202.16 2 0
github.com/local/cassonic/src/server/handler/api/tags.go:202.16,205.3 2 0
github.com/local/cassonic/src/server/handler/api/tags.go:207.2,208.68 2 0
github.com/local/cassonic/src/server/handler/api/tags.go:208.68,211.3 2 0
github.com/local/cassonic/src/server/handler/api/tags.go:213.2,213.70 1 0
github.com/local/cassonic/src/server/handler/api/tags.go:217.78,219.17 2 0
github.com/local/cassonic/src/server/handler/api/tags.go:219.17,222.3 2 0
github.com/local/cassonic/src/server/handler/api/tags.go:224.2,225.16 2 0
github.com/local/cassonic/src/server/handler/api/tags.go:225.16,228.3 2 0
github.com/local/cassonic/src/server/handler/api/tags.go:230.2,231.31 2 0
github.com/local/cassonic/src/server/handler/api/tags.go:231.31,234.3 2 0
github.com/local/cassonic/src/server/handler/api/tags.go:236.2,237.68 2 0
github.com/local/cassonic/src/server/handler/api/tags.go:237.68,240.3 2 0
github.com/local/cassonic/src/server/handler/api/tags.go:242.2,242.47 1 0
github.com/local/cassonic/src/server/handler/api/users.go:15.45,38.2 1 1
github.com/local/cassonic/src/server/handler/api/users.go:41.69,43.16 2 1
github.com/local/cassonic/src/server/handler/api/users.go:43.16,46.3 2 1
github.com/local/cassonic/src/server/handler/api/users.go:48.2,49.26 2 1
github.com/local/cassonic/src/server/handler/api/users.go:49.26,51.3 1 1
github.com/local/cassonic/src/server/handler/api/users.go:53.2,56.4 1 1
github.com/local/cassonic/src/server/handler/api/users.go:79.70,81.61 2 1
github.com/local/cassonic/src/server/handler/api/users.go:81.61,84.3 2 1
github.com/local/cassonic/src/server/handler/api/users.go:85.2,85.46 1 1
github.com/local/cassonic/src/server/handler/api/users.go:85.46,88.3 2 1
github.com/local/cassonic/src/server/handler/api/users.go:90.2,91.16 2 1
github.com/local/cassonic/src/server/handler/api/users.go:91.16,94.3 2 0
github.com/local/cassonic/src/server/handler/api/users.go:96.2,96.24 1 1
github.com/local/cassonic/src/server/handler/api/users.go:96.24,98.3 1 1
github.com/local/cassonic/src/server/handler/api/users.go:99.2,99.21 1 1
github.com/local/cassonic/src/server/handler/api/users.go:99.21,101.3 1 1
github.com/local/cassonic/src/server/handler/api/users.go:103.2,122.16 3 1
github.com/local/cassonic/src/server/handler/api/users.go:122.16,125.3 2 1
github.com/local/cassonic/src/server/handler/api/users.go:126.2,128.47 2 1
github.com/local/cassonic/src/server/handler/api/users.go:132.65,134.17 2 1
github.com/local/cassonic/src/server/handler/api/users.go:134.17,137.3 2 1
github.com/local/cassonic/src/server/handler/api/users.go:139.2,140.31 2 1
github.com/local/cassonic/src/server/handler/api/users.go:140.31,143.3 2 1
github.com/local/cassonic/src/server/handler/api/users.go:145.2,145.45 1 1
github.com/local/cassonic/src/server/handler/api/users.go:157.68,159.17 2 1
github.com/local/cassonic/src/server/handler/api/users.go:159.17,162.3 2 1
github.com/local/cassonic/src/server/handler/api/users.go:164.2,165.31 2 1
github.com/local/cassonic/src/server/handler/api/users.go:165.31,168.3 2 1
github.com/local/cassonic/src/server/handler/api/users.go:170.2,171.61 2 1
github.com/local/cassonic/src/server/handler/api/users.go:171.61,174.3 2 1
github.com/local/cassonic/src/server/handler/api/users.go:176.2,176.27 1 1
github.com/local/cassonic/src/server/handler/api/users.go:176.27,178.3 1 1
github.com/local/cassonic/src/server/handler/api/users.go:179.2,179.21 1 1
github.com/local/cassonic/src/server/handler/api/users.go:179.21,181.3 1 0
github.com/local/cassonic/src/server/handler/api/users.go:182.2,182.24 1 1
github.com/local/cassonic/src/server/handler/api/users.go:182.24,184.3 1 1
github.com/local/cassonic/src/server/handler/api/users.go:185.2,185.21 1 1
github.com/local/cassonic/src/server/handler/api/users.go:185.21,187.3 1 0
github.com/local/cassonic/src/server/handler/api/users.go:189.2,189.65 1 1
github.com/local/cassonic/src/server/handler/api/users.go:189.65,192.3 2 1
github.com/local/cassonic/src/server/handler/api/users.go:194.2,194.45 1 1
github.com/local/cassonic/src/server/handler/api/users.go:198.67,200.17 2 1
github.com/local/cassonic/src/server/handler/api/users.go:200.17,203.3 2 1
github.com/local/cassonic/src/server/handler/api/users.go:205.2,206.16 2 1
github.com/local/cassonic/src/server/handler/api/users.go:206.16,209.3 2 1
github.com/local/cassonic/src/server/handler/api/users.go:211.2,211.36 1 1
github.com/local/cassonic/src/server/handler/api/users.go:211.36,214.3 2 1
github.com/local/cassonic/src/server/handler/api/users.go:216.2,217.31 2 1
github.com/local/cassonic/src/server/handler/api/users.go:217.31,220.3 2 1
github.com/local/cassonic/src/server/handler/api/users.go:222.2,222.45 1 1
github.com/local/cassonic/src/server/handler/api/users.go:243.70,245.16 2 1
github.com/local/cassonic/src/server/handler/api/users.go:245.16,248.3 2 1
github.com/local/cassonic/src/server/handler/api/users.go:250.2,251.31 2 1
github.com/local/cassonic/src/server/handler/api/users.go:251.31,254.3 2 1
github.com/local/cassonic/src/server/handler/api/users.go:256.2,257.61 2 1
github.com/local/cassonic/src/server/handler/api/users.go:257.61,260.3 2 1
github.com/local/cassonic/src/server/handler/api/users.go:262.2,262.27 1 1
github.com/local/cassonic/src/server/handler/api/users.go:262.27,264.3 1 1
github.com/local/cassonic/src/server/handler/api/users.go:265.2,265.21 1 1
github.com/local/cassonic/src/server/handler/api/users.go:265.21,267.3 1 0
github.com/local/cassonic/src/server/handler/api/users.go:268.2,268.24 1 1
github.com/local/cassonic/src/server/handler/api/users.go:268.24,270.3 1 0
github.com/local/cassonic/src/server/handler/api/users.go:271.2,271.21 1 1
github.com/local/cassonic/src/server/handler/api/users.go:271.21,273.3 1 0
github.com/local/cassonic/src/server/handler/api/users.go:274.2,274.24 1 1
github.com/local/cassonic/src/server/handler/api/users.go:274.24,276.3 1 1
github.com/local/cassonic/src/server/handler/api/users.go:277.2,277.26 1 1
github.com/local/cassonic/src/server/handler/api/users.go:277.26,279.3 1 0
github.com/local/cassonic/src/server/handler/api/users.go:280.2,280.28 1 1
github.com/local/cassonic/src/server/handler/api/users.go:280.28,282.3 1 0
github.com/local/cassonic/src/server/handler/api/users.go:283.2,283.26 1 1
github.com/local/cassonic/src/server/handler/api/users.go:283.26,285.3 1 0
github.com/local/cassonic/src/server/handler/api/users.go:286.2,286.25 1 1
github.com/local/cassonic/src/server/handler/api/users.go:286.25,288.3 1 0
github.com/local/cassonic/src/server/handler/api/users.go:289.2,289.31 1 1
github.com/local/cassonic/src/server/handler/api/users.go:289.31,291.3 1 0
github.com/local/cassonic/src/server/handler/api/users.go:292.2,292.27 1 1
github.com/local/cassonic/src/server/handler/api/users.go:292.27,294.3 1 0
github.com/local/cassonic/src/server/handler/api/users.go:295.2,295.27 1 1
github.com/local/cassonic/src/server/handler/api/users.go:295.27,297.3 1 0
github.com/local/cassonic/src/server/handler/api/users.go:298.2,298.27 1 1
github.com/local/cassonic/src/server/handler/api/users.go:298.27,300.3 1 0
github.com/local/cassonic/src/server/handler/api/users.go:302.2,302.65 1 1
github.com/local/cassonic/src/server/handler/api/users.go:302.65,305.3 2 1
github.com/local/cassonic/src/server/handler/api/users.go:307.2,307.45 1 1
github.com/local/cassonic/src/server/handler/api/users.go:311.70,313.17 2 1
github.com/local/cassonic/src/server/handler/api/users.go:313.17,316.3 2 1
github.com/local/cassonic/src/server/handler/api/users.go:318.2,319.16 2 1
github.com/local/cassonic/src/server/handler/api/users.go:319.16,322.3 2 1
github.com/local/cassonic/src/server/handler/api/users.go:324.2,324.19 1 1
github.com/local/cassonic/src/server/handler/api/users.go:324.19,327.3 2 1
github.com/local/cassonic/src/server/handler/api/users.go:329.2,329.63 1 1
github.com/local/cassonic/src/server/handler/api/users.go:329.63,332.3 2 1
github.com/local/cassonic/src/server/handler/api/users.go:334.2,334.47 1 1
github.com/local/cassonic/src/server/handler/api/users.go:346.79,348.17 2 1
github.com/local/cassonic/src/server/handler/api/users.go:348.17,351.3 2 1
github.com/local/cassonic/src/server/handler/api/users.go:353.2,354.61 2 1
github.com/local/cassonic/src/server/handler/api/users.go:354.61,357.3 2 1
github.com/local/cassonic/src/server/handler/api/users.go:358.2,358.24 1 1
github.com/local/cassonic/src/server/handler/api/users.go:358.24,361.3 2 1
github.com/local/cassonic/src/server/handler/api/users.go:363.2,363.29 1 1
github.com/local/cassonic/src/server/handler/api/users.go:363.29,366.3 2 1
github.com/local/cassonic/src/server/handler/api/users.go:368.2,369.16 2 1
github.com/local/cassonic/src/server/handler/api/users.go:369.16,372.3 2 0
github.com/local/cassonic/src/server/handler/api/users.go:374.2,374.94 1 1
github.com/local/cassonic/src/server/handler/api/users.go:374.94,377.3 2 0
github.com/local/cassonic/src/server/handler/api/users.go:379.2,379.47 1 1
github.com/local/cassonic/src/server/handler/api/users.go:390.74,392.17 2 1
github.com/local/cassonic/src/server/handler/api/users.go:392.17,395.3 2 1
github.com/local/cassonic/src/server/handler/api/users.go:397.2,398.16 2 1
github.com/local/cassonic/src/server/handler/api/users.go:398.16,401.3 2 1
github.com/local/cassonic/src/server/handler/api/users.go:403.2,403.36 1 1
github.com/local/cassonic/src/server/handler/api/users.go:403.36,406.3 2 1
github.com/local/cassonic/src/server/handler/api/users.go:408.2,409.61 2 1
github.com/local/cassonic/src/server/handler/api/users.go:409.61,412.3 2 0
github.com/local/cassonic/src/server/handler/api/users.go:413.2,413.27 1 1
github.com/local/cassonic/src/server/handler/api/users.go:413.27,416.3 2 1
github.com/local/cassonic/src/server/handler/api/users.go:418.2,419.31 2 1
github.com/local/cassonic/src/server/handler/api/users.go:419.31,422.3 2 1
github.com/local/cassonic/src/server/handler/api/users.go:424.2,424.19 1 1
github.com/local/cassonic/src/server/handler/api/users.go:424.19,425.25 1 1
github.com/local/cassonic/src/server/handler/api/users.go:425.25,428.4 2 1
github.com/local/cassonic/src/server/handler/api/users.go:429.3,430.24 2 1
github.com/local/cassonic/src/server/handler/api/users.go:430.24,433.4 2 1
github.com/local/cassonic/src/server/handler/api/users.go:436.2,437.16 2 1
github.com/local/cassonic/src/server/handler/api/users.go:437.16,440.3 2 0
github.com/local/cassonic/src/server/handler/api/users.go:441.2,443.65 2 1
github.com/local/cassonic/src/server/handler/api/users.go:443.65,446.3 2 0
github.com/local/cassonic/src/server/handler/api/users.go:448.2,448.47 1 1
